Update_Date,Industry,Symbol,Name,Latest_Price,Max_High,Days_Since_High,Today_Return,Return_5D,Breakout_Margin,Distance_To_High,MA5,MA10,MA20,Klines
2026-05-28,汽車工業,1568,倉佑,41.25,37.5,1,10.0,49.24,10.0,,34.42,30.9,29.55,"[{""date"": ""04-30"", ""open"": 27.45, ""close"": 27.69, ""low"": 27.2, ""high"": 27.79, ""volume"": 256010}, {""date"": ""05-04"", ""open"": 27.69, ""close"": 29.34, ""low"": 27.69, ""high"": 30.12, ""volume"": 1643065}, {""date"": ""05-05"", ""open"": 29.53, ""close"": 28.71, ""low"": 28.32, ""high"": 29.73, ""volume"": 634033}, {""date"": ""05-06"", ""open"": 29.1, ""close"": 28.22, ""low"": 27.98, ""high"": 29.1, ""volume"": 377006}, {""date"": ""05-07"", ""open"": 28.22, ""close"": 28.61, ""low"": 28.22, ""high"": 29.05, ""volume"": 433000}, {""date"": ""05-08"", ""open"": 28.32, ""close"": 28.08, ""low"": 27.79, ""high"": 29.1, ""volume"": 281174}, {""date"": ""05-11"", ""open"": 28.13, ""close"": 27.98, ""low"": 27.45, ""high"": 28.37, ""volume"": 400000}, {""date"": ""05-12"", ""open"": 28.03, ""close"": 28.08, ""low"": 27.3, ""high"": 28.56, ""volume"": 613150}, {""date"": ""05-13"", ""open"": 27.69, ""close"": 27.79, ""low"": 27.69, ""high"": 28.32, ""volume"": 243210}, {""date"": ""05-14"", ""open"": 27.79, ""close"": 27.54, ""low"": 27.4, ""high"": 28.32, ""volume"": 345018}, {""date"": ""05-15"", ""open"": 27.98, ""close"": 27.83, ""low"": 27.54, ""high"": 28.22, ""volume"": 232060}, {""date"": ""05-18"", ""open"": 28.13, ""close"": 27.54, ""low"": 27.35, ""high"": 28.13, ""volume"": 180014}, {""date"": ""05-19"", ""open"": 27.79, ""close"": 26.72, ""low"": 26.62, ""high"": 27.93, ""volume"": 349100}, {""date"": ""05-20"", ""open"": 27.3, ""close"": 27.2, ""low"": 26.91, ""high"": 27.98, ""volume"": 209000}, {""date"": ""05-21"", ""open"": 27.54, ""close"": 27.64, ""low"": 27.25, ""high"": 27.69, ""volume"": 216105}, {""date"": ""05-22"", ""open"": 28.13, ""close"": 28.22, ""low"": 27.83, ""high"": 28.37, ""volume"": 277104}, {""date"": ""05-25"", ""open"": 28.66, ""close"": 31.04, ""low"": 28.22, ""high"": 31.04, ""volume"": 2227501}, {""date"": ""05-26"", ""open"": 34.1, ""close"": 34.1, ""low"": 34.1, ""high"": 34.1, ""volume"": 1848654}, {""date"": ""05-27"", ""open"": 37.5, ""close"": 37.5, ""low"": 37.5, ""high"": 37.5, ""volume"": 1392544}, {""date"": ""05-28"", ""open"": 41.25, ""close"": 41.25, ""low"": 41.25, ""high"": 41.25, ""volume"": 1525338}]"
2026-05-28,電子零組件業,2472,立隆電,371.0,337.5,1,9.93,39.47,9.93,,311.0,276.0,241.58,"[{""date"": ""04-30"", ""open"": 180.5, ""close"": 176.5, ""low"": 174.0, ""high"": 181.5, ""volume"": 2699833}, {""date"": ""05-04"", ""open"": 179.0, ""close"": 184.0, ""low"": 175.0, ""high"": 188.0, ""volume"": 4646211}, {""date"": ""05-05"", ""open"": 184.0, ""close"": 188.5, ""low"": 183.5, ""high"": 193.0, ""volume"": 4219900}, {""date"": ""05-06"", ""open"": 192.5, ""close"": 186.5, ""low"": 181.0, ""high"": 193.0, ""volume"": 4110271}, {""date"": ""05-07"", ""open"": 191.0, ""close"": 201.5, ""low"": 188.0, ""high"": 205.0, ""volume"": 9371333}, {""date"": ""05-08"", ""open"": 198.5, ""close"": 221.5, ""low"": 197.5, ""high"": 221.5, ""volume"": 10621703}, {""date"": ""05-11"", ""open"": 219.0, ""close"": 225.0, ""low"": 203.5, ""high"": 228.0, ""volume"": 15968889}, {""date"": ""05-12"", ""open"": 221.5, ""close"": 223.0, ""low"": 209.5, ""high"": 234.0, ""volume"": 16307351}, {""date"": ""05-13"", ""open"": 219.0, ""close"": 233.5, ""low"": 218.0, ""high"": 234.0, ""volume"": 10976549}, {""date"": ""05-14"", ""open"": 236.0, ""close"": 231.5, ""low"": 227.0, ""high"": 256.0, ""volume"": 18438324}, {""date"": ""05-15"", ""open"": 228.5, ""close"": 217.0, ""low"": 213.0, ""high"": 231.5, ""volume"": 13185190}, {""date"": ""05-18"", ""open"": 215.0, ""close"": 235.0, ""low"": 215.0, ""high"": 236.0, ""volume"": 12013357}, {""date"": ""05-19"", ""open"": 235.0, ""close"": 232.0, ""low"": 226.0, ""high"": 237.5, ""volume"": 7641466}, {""date"": ""05-20"", ""open"": 234.0, ""close"": 255.0, ""low"": 232.0, ""high"": 255.0, ""volume"": 14157245}, {""date"": ""05-21"", ""open"": 264.5, ""close"": 266.0, ""low"": 255.0, ""high"": 272.5, ""volume"": 30951649}, {""date"": ""05-22"", ""open"": 265.0, ""close"": 260.0, ""low"": 258.0, ""high"": 271.0, ""volume"": 16368100}, {""date"": ""05-25"", ""open"": 276.0, ""close"": 279.5, ""low"": 260.0, ""high"": 286.0, ""volume"": 23399877}, {""date"": ""05-26"", ""open"": 280.5, ""close"": 307.0, ""low"": 266.0, ""high"": 307.0, ""volume"": 14772351}, {""date"": ""05-27"", ""open"": 337.0, ""close"": 337.5, ""low"": 328.5, ""high"": 337.5, ""volume"": 12120847}, {""date"": ""05-28"", ""open"": 352.0, ""close"": 371.0, ""low"": 352.0, ""high"": 371.0, ""volume"": 8661125}]"
2026-05-28,電子零組件業,6141,柏承,43.2,39.3,1,9.92,27.06,9.92,,36.95,34.67,33.77,"[{""date"": ""04-30"", ""open"": 33.2, ""close"": 32.5, ""low"": 32.35, ""high"": 33.2, ""volume"": 536787}, {""date"": ""05-04"", ""open"": 33.5, ""close"": 35.0, ""low"": 33.5, ""high"": 35.0, ""volume"": 1096295}, {""date"": ""05-05"", ""open"": 36.8, ""close"": 36.7, ""low"": 35.8, ""high"": 37.0, ""volume"": 1161600}, {""date"": ""05-06"", ""open"": 37.0, ""close"": 35.7, ""low"": 34.0, ""high"": 38.0, ""volume"": 916800}, {""date"": ""05-07"", ""open"": 36.5, ""close"": 36.5, ""low"": 36.1, ""high"": 39.0, ""volume"": 3688023}, {""date"": ""05-08"", ""open"": 33.3, ""close"": 33.1, ""low"": 32.85, ""high"": 36.0, ""volume"": 2760515}, {""date"": ""05-11"", ""open"": 33.1, ""close"": 33.25, ""low"": 31.45, ""high"": 34.5, ""volume"": 1377599}, {""date"": ""05-12"", ""open"": 34.0, ""close"": 31.7, ""low"": 31.6, ""high"": 34.2, ""volume"": 1728505}, {""date"": ""05-13"", ""open"": 28.55, ""close"": 28.55, ""low"": 28.55, ""high"": 28.55, ""volume"": 1572009}, {""date"": ""05-14"", ""open"": 25.7, ""close"": 25.7, ""low"": 25.7, ""high"": 25.7, ""volume"": 987900}, {""date"": ""05-15"", ""open"": 23.15, ""close"": 28.25, ""low"": 23.15, ""high"": 28.25, ""volume"": 7282615}, {""date"": ""05-18"", ""open"": 31.05, ""close"": 31.05, ""low"": 31.05, ""high"": 31.05, ""volume"": 1446133}, {""date"": ""05-19"", ""open"": 34.15, ""close"": 34.15, ""low"": 34.15, ""high"": 34.15, ""volume"": 4091997}, {""date"": ""05-20"", ""open"": 34.9, ""close"": 34.5, ""low"": 33.1, ""high"": 37.3, ""volume"": 6614116}, {""date"": ""05-21"", ""open"": 33.0, ""close"": 34.0, ""low"": 31.5, ""high"": 34.5, ""volume"": 3391841}, {""date"": ""05-22"", ""open"": 33.8, ""close"": 34.0, ""low"": 33.3, ""high"": 36.5, ""volume"": 2531301}, {""date"": ""05-25"", ""open"": 34.0, ""close"": 32.5, ""low"": 31.6, ""high"": 34.0, ""volume"": 3433058}, {""date"": ""05-26"", ""open"": 32.95, ""close"": 35.75, ""low"": 32.5, ""high"": 35.75, ""volume"": 5080277}, {""date"": ""05-27"", ""open"": 39.25, ""close"": 39.3, ""low"": 37.55, ""high"": 39.3, ""volume"": 6848850}, {""date"": ""05-28"", ""open"": 41.95, ""close"": 43.2, ""low"": 41.9, ""high"": 43.2, ""volume"": 3936512}]"
2026-05-28,汽車工業,1563,巧新,61.1,55.6,1,9.89,33.7,9.89,,51.87,48.52,45.81,"[{""date"": ""04-30"", ""open"": 41.6, ""close"": 41.45, ""low"": 41.15, ""high"": 41.6, ""volume"": 338125}, {""date"": ""05-04"", ""open"": 41.45, ""close"": 41.35, ""low"": 41.15, ""high"": 41.7, ""volume"": 535100}, {""date"": ""05-05"", ""open"": 41.35, ""close"": 41.25, ""low"": 40.85, ""high"": 41.65, ""volume"": 735100}, {""date"": ""05-06"", ""open"": 41.4, ""close"": 42.05, ""low"": 40.45, ""high"": 42.4, ""volume"": 1124758}, {""date"": ""05-07"", ""open"": 42.4, ""close"": 43.55, ""low"": 41.65, ""high"": 43.75, ""volume"": 1858717}, {""date"": ""05-08"", ""open"": 43.8, ""close"": 43.9, ""low"": 43.0, ""high"": 44.05, ""volume"": 1009666}, {""date"": ""05-11"", ""open"": 44.0, ""close"": 43.8, ""low"": 43.2, ""high"": 44.0, ""volume"": 687473}, {""date"": ""05-12"", ""open"": 43.9, ""close"": 44.0, ""low"": 43.05, ""high"": 44.2, ""volume"": 768006}, {""date"": ""05-13"", ""open"": 44.1, ""close"": 44.2, ""low"": 43.9, ""high"": 44.8, ""volume"": 1086100}, {""date"": ""05-14"", ""open"": 44.4, ""close"": 45.4, ""low"": 44.4, ""high"": 46.6, ""volume"": 1562065}, {""date"": ""05-15"", ""open"": 45.65, ""close"": 44.75, ""low"": 44.5, ""high"": 46.3, ""volume"": 860593}, {""date"": ""05-18"", ""open"": 44.8, ""close"": 45.15, ""low"": 44.5, ""high"": 45.8, ""volume"": 493245}, {""date"": ""05-19"", ""open"": 45.25, ""close"": 45.3, ""low"": 45.2, ""high"": 46.3, ""volume"": 621050}, {""date"": ""05-20"", ""open"": 45.3, ""close"": 45.0, ""low"": 44.65, ""high"": 45.4, ""volume"": 475225}, {""date"": ""05-21"", ""open"": 45.3, ""close"": 45.7, ""low"": 44.6, ""high"": 45.75, ""volume"": 768821}, {""date"": ""05-22"", ""open"": 45.7, ""close"": 46.05, ""low"": 45.1, ""high"": 46.1, ""volume"": 721400}, {""date"": ""05-25"", ""open"": 46.05, ""close"": 46.0, ""low"": 45.45, ""high"": 46.35, ""volume"": 801030}, {""date"": ""05-26"", ""open"": 50.6, ""close"": 50.6, ""low"": 50.6, ""high"": 50.6, ""volume"": 1572954}, {""date"": ""05-27"", ""open"": 55.6, ""close"": 55.6, ""low"": 55.6, ""high"": 55.6, ""volume"": 1368928}, {""date"": ""05-28"", ""open"": 61.1, ""close"": 61.1, ""low"": 61.1, ""high"": 61.1, ""volume"": 4720092}]"
2026-05-28,電子零組件業,2375,凱美,161.5,147.0,1,9.86,31.84,9.86,,143.0,125.29,108.46,"[{""date"": ""04-30"", ""open"": 88.2, ""close"": 85.0, ""low"": 85.0, ""high"": 89.9, ""volume"": 3712653}, {""date"": ""05-04"", ""open"": 86.4, ""close"": 87.6, ""low"": 85.1, ""high"": 89.9, ""volume"": 3303086}, {""date"": ""05-05"", ""open"": 88.3, ""close"": 90.0, ""low"": 87.6, ""high"": 90.4, ""volume"": 5054954}, {""date"": ""05-06"", ""open"": 91.0, ""close"": 88.7, ""low"": 86.3, ""high"": 92.5, ""volume"": 4740268}, {""date"": ""05-07"", ""open"": 91.0, ""close"": 91.3, ""low"": 88.2, ""high"": 96.5, ""volume"": 11465674}, {""date"": ""05-08"", ""open"": 92.1, ""close"": 90.4, ""low"": 89.5, ""high"": 95.5, ""volume"": 8973842}, {""date"": ""05-11"", ""open"": 90.0, ""close"": 91.5, ""low"": 86.5, ""high"": 91.8, ""volume"": 4857792}, {""date"": ""05-12"", ""open"": 91.5, ""close"": 94.8, ""low"": 89.6, ""high"": 95.9, ""volume"": 10275909}, {""date"": ""05-13"", ""open"": 93.8, ""close"": 96.0, ""low"": 91.7, ""high"": 96.4, ""volume"": 7000893}, {""date"": ""05-14"", ""open"": 103.5, ""close"": 101.0, ""low"": 98.1, ""high"": 105.5, ""volume"": 18565569}, {""date"": ""05-15"", ""open"": 100.0, ""close"": 99.4, ""low"": 99.4, ""high"": 110.5, ""volume"": 21311167}, {""date"": ""05-18"", ""open"": 101.0, ""close"": 103.0, ""low"": 99.4, ""high"": 104.5, ""volume"": 13079753}, {""date"": ""05-19"", ""open"": 100.0, ""close"": 101.5, ""low"": 98.7, ""high"": 103.0, ""volume"": 8106972}, {""date"": ""05-20"", ""open"": 101.5, ""close"": 111.5, ""low"": 101.0, ""high"": 111.5, ""volume"": 11873830}, {""date"": ""05-21"", ""open"": 116.5, ""close"": 122.5, ""low"": 116.5, ""high"": 122.5, ""volume"": 10618673}, {""date"": ""05-22"", ""open"": 131.5, ""close"": 134.5, ""low"": 125.5, ""high"": 134.5, ""volume"": 27905512}, {""date"": ""05-25"", ""open"": 142.0, ""close"": 138.0, ""low"": 133.5, ""high"": 145.0, ""volume"": 39794123}, {""date"": ""05-26"", ""open"": 134.0, ""close"": 134.0, ""low"": 126.0, ""high"": 135.5, ""volume"": 17063548}, {""date"": ""05-27"", ""open"": 137.0, ""close"": 147.0, ""low"": 133.0, ""high"": 147.0, ""volume"": 32581803}, {""date"": ""05-28"", ""open"": 148.0, ""close"": 161.5, ""low"": 145.0, ""high"": 161.5, ""volume"": 29043467}]"
2026-05-28,電子零組件業,3021,鴻名,27.4,24.95,1,9.82,60.23,9.82,,22.9,19.94,18.21,"[{""date"": ""04-30"", ""open"": 16.75, ""close"": 17.2, ""low"": 16.7, ""high"": 17.55, ""volume"": 457000}, {""date"": ""05-04"", ""open"": 17.4, ""close"": 16.7, ""low"": 16.7, ""high"": 17.4, ""volume"": 186020}, {""date"": ""05-05"", ""open"": 16.3, ""close"": 16.2, ""low"": 16.2, ""high"": 16.45, ""volume"": 553000}, {""date"": ""05-06"", ""open"": 16.3, ""close"": 16.45, ""low"": 16.15, ""high"": 16.55, ""volume"": 125001}, {""date"": ""05-07"", ""open"": 16.5, ""close"": 16.25, ""low"": 16.2, ""high"": 16.5, ""volume"": 116000}, {""date"": ""05-08"", ""open"": 16.4, ""close"": 16.3, ""low"": 16.25, ""high"": 16.5, ""volume"": 128010}, {""date"": ""05-11"", ""open"": 16.35, ""close"": 16.4, ""low"": 16.3, ""high"": 16.65, ""volume"": 95000}, {""date"": ""05-12"", ""open"": 16.55, ""close"": 16.15, ""low"": 16.15, ""high"": 16.55, ""volume"": 100000}, {""date"": ""05-13"", ""open"": 16.2, ""close"": 16.2, ""low"": 16.05, ""high"": 16.3, ""volume"": 91022}, {""date"": ""05-14"", ""open"": 16.4, ""close"": 17.0, ""low"": 16.25, ""high"": 17.6, ""volume"": 378081}, {""date"": ""05-15"", ""open"": 17.65, ""close"": 17.0, ""low"": 16.8, ""high"": 17.9, ""volume"": 800000}, {""date"": ""05-18"", ""open"": 17.0, ""close"": 17.0, ""low"": 16.6, ""high"": 17.25, ""volume"": 259060}, {""date"": ""05-19"", ""open"": 17.0, ""close"": 16.75, ""low"": 16.75, ""high"": 17.2, ""volume"": 105000}, {""date"": ""05-20"", ""open"": 16.85, ""close"": 17.0, ""low"": 16.85, ""high"": 17.2, ""volume"": 128335}, {""date"": ""05-21"", ""open"": 17.0, ""close"": 17.1, ""low"": 17.0, ""high"": 17.2, ""volume"": 133200}, {""date"": ""05-22"", ""open"": 17.55, ""close"": 18.8, ""low"": 17.35, ""high"": 18.8, ""volume"": 1356430}, {""date"": ""05-25"", ""open"": 19.5, ""close"": 20.65, ""low"": 19.5, ""high"": 20.65, ""volume"": 2924404}, {""date"": ""05-26"", ""open"": 22.7, ""close"": 22.7, ""low"": 22.7, ""high"": 22.7, ""volume"": 622784}, {""date"": ""05-27"", ""open"": 24.95, ""close"": 24.95, ""low"": 24.95, ""high"": 24.95, ""volume"": 492001}, {""date"": ""05-28"", ""open"": 27.4, ""close"": 27.4, ""low"": 27.4, ""high"": 27.4, ""volume"": 492326}]"
2026-05-28,電子通路業,3528,安馳,113.5,103.5,1,9.66,33.06,9.66,,99.36,91.64,87.48,"[{""date"": ""04-30"", ""open"": 80.0, ""close"": 79.9, ""low"": 78.9, ""high"": 80.4, ""volume"": 346200}, {""date"": ""05-04"", ""open"": 80.2, ""close"": 80.3, ""low"": 79.3, ""high"": 81.8, ""volume"": 397170}, {""date"": ""05-05"", ""open"": 81.0, ""close"": 82.9, ""low"": 80.3, ""high"": 83.0, ""volume"": 469150}, {""date"": ""05-06"", ""open"": 83.5, ""close"": 84.3, ""low"": 82.9, ""high"": 84.8, ""volume"": 565343}, {""date"": ""05-07"", ""open"": 85.8, ""close"": 88.5, ""low"": 85.8, ""high"": 88.5, ""volume"": 916062}, {""date"": ""05-08"", ""open"": 89.5, ""close"": 91.0, ""low"": 87.6, ""high"": 92.6, ""volume"": 1471000}, {""date"": ""05-11"", ""open"": 88.0, ""close"": 82.5, ""low"": 81.9, ""high"": 88.0, ""volume"": 2790025}, {""date"": ""05-12"", ""open"": 82.5, ""close"": 79.0, ""low"": 76.8, ""high"": 82.9, ""volume"": 1274018}, {""date"": ""05-13"", ""open"": 77.7, ""close"": 81.7, ""low"": 77.7, ""high"": 81.7, ""volume"": 592150}, {""date"": ""05-14"", ""open"": 82.0, ""close"": 83.0, ""low"": 82.0, ""high"": 84.5, ""volume"": 888270}, {""date"": ""05-15"", ""open"": 85.0, ""close"": 86.6, ""low"": 83.8, ""high"": 91.0, ""volume"": 1394010}, {""date"": ""05-18"", ""open"": 86.5, ""close"": 83.0, ""low"": 82.3, ""high"": 86.5, ""volume"": 680051}, {""date"": ""05-19"", ""open"": 83.4, ""close"": 81.8, ""low"": 81.2, ""high"": 85.6, ""volume"": 302150}, {""date"": ""05-20"", ""open"": 82.0, ""close"": 82.9, ""low"": 82.0, ""high"": 85.3, ""volume"": 481000}, {""date"": ""05-21"", ""open"": 83.5, ""close"": 85.3, ""low"": 83.4, ""high"": 85.3, ""volume"": 495049}, {""date"": ""05-22"", ""open"": 86.8, ""close"": 93.8, ""low"": 85.4, ""high"": 93.8, ""volume"": 1889220}, {""date"": ""05-25"", ""open"": 97.2, ""close"": 91.6, ""low"": 91.3, ""high"": 98.4, ""volume"": 1823481}, {""date"": ""05-26"", ""open"": 92.5, ""close"": 94.4, ""low"": 89.1, ""high"": 95.0, ""volume"": 839646}, {""date"": ""05-27"", ""open"": 97.8, ""close"": 103.5, ""low"": 96.4, ""high"": 103.5, ""volume"": 3646420}, {""date"": ""05-28"", ""open"": 112.5, ""close"": 113.5, ""low"": 111.0, ""high"": 113.5, ""volume"": 1071447}]"
2026-05-28,電子零組件業,2428,興勤,292.5,267.5,1,9.96,27.17,9.35,,260.0,238.45,214.98,"[{""date"": ""04-30"", ""open"": 180.0, ""close"": 174.0, ""low"": 174.0, ""high"": 180.5, ""volume"": 934015}, {""date"": ""05-04"", ""open"": 177.5, ""close"": 182.0, ""low"": 176.0, ""high"": 183.0, ""volume"": 1089325}, {""date"": ""05-05"", ""open"": 181.0, ""close"": 185.5, ""low"": 181.0, ""high"": 189.0, ""volume"": 1558102}, {""date"": ""05-06"", ""open"": 187.0, ""close"": 185.0, ""low"": 180.0, ""high"": 187.5, ""volume"": 1015677}, {""date"": ""05-07"", ""open"": 185.5, ""close"": 188.5, ""low"": 183.5, ""high"": 194.5, ""volume"": 1997488}, {""date"": ""05-08"", ""open"": 182.0, ""close"": 190.5, ""low"": 178.0, ""high"": 193.0, ""volume"": 3853467}, {""date"": ""05-11"", ""open"": 191.0, ""close"": 193.0, ""low"": 185.0, ""high"": 196.0, ""volume"": 1808196}, {""date"": ""05-12"", ""open"": 193.0, ""close"": 201.5, ""low"": 193.0, ""high"": 204.5, ""volume"": 2759222}, {""date"": ""05-13"", ""open"": 199.0, ""close"": 203.0, ""low"": 195.5, ""high"": 203.5, ""volume"": 1348034}, {""date"": ""05-14"", ""open"": 210.5, ""close"": 212.0, ""low"": 208.0, ""high"": 219.0, ""volume"": 3184068}, {""date"": ""05-15"", ""open"": 214.0, ""close"": 206.0, ""low"": 204.5, ""high"": 220.5, ""volume"": 2787214}, {""date"": ""05-18"", ""open"": 203.0, ""close"": 211.5, ""low"": 201.5, ""high"": 213.0, ""volume"": 1407318}, {""date"": ""05-19"", ""open"": 211.5, ""close"": 214.0, ""low"": 211.0, ""high"": 219.0, ""volume"": 1736590}, {""date"": ""05-20"", ""open"": 215.0, ""close"": 223.0, ""low"": 215.0, ""high"": 233.0, ""volume"": 3375467}, {""date"": ""05-21"", ""open"": 226.0, ""close"": 230.0, ""low"": 225.5, ""high"": 235.5, ""volume"": 2748089}, {""date"": ""05-22"", ""open"": 230.5, ""close"": 242.5, ""low"": 230.0, ""high"": 243.5, ""volume"": 2068382}, {""date"": ""05-25"", ""open"": 252.0, ""close"": 243.0, ""low"": 240.0, ""high"": 253.5, ""volume"": 2570641}, {""date"": ""05-26"", ""open"": 243.5, ""close"": 256.0, ""low"": 233.0, ""high"": 257.5, ""volume"": 3078545}, {""date"": ""05-27"", ""open"": 260.0, ""close"": 266.0, ""low"": 255.5, ""high"": 267.5, ""volume"": 2386640}, {""date"": ""05-28"", ""open"": 292.5, ""close"": 292.5, ""low"": 287.5, ""high"": 292.5, ""volume"": 2355879}]"
2026-05-28,電子零組件業,2492,華新科,388.0,361.0,1,7.48,45.86,7.48,,338.3,284.3,225.22,"[{""date"": ""04-30"", ""open"": 134.5, ""close"": 131.5, ""low"": 131.0, ""high"": 136.5, ""volume"": 9114122}, {""date"": ""05-04"", ""open"": 134.0, ""close"": 138.5, ""low"": 131.5, ""high"": 143.5, ""volume"": 11002862}, {""date"": ""05-05"", ""open"": 138.0, ""close"": 148.5, ""low"": 137.0, ""high"": 149.5, ""volume"": 18099291}, {""date"": ""05-06"", ""open"": 153.0, ""close"": 147.0, ""low"": 144.5, ""high"": 155.0, ""volume"": 19160984}, {""date"": ""05-07"", ""open"": 150.0, ""close"": 160.0, ""low"": 146.5, ""high"": 161.5, ""volume"": 40694669}, {""date"": ""05-08"", ""open"": 159.5, ""close"": 156.0, ""low"": 152.5, ""high"": 164.5, ""volume"": 39375348}, {""date"": ""05-11"", ""open"": 158.5, ""close"": 171.5, ""low"": 151.5, ""high"": 171.5, ""volume"": 29880600}, {""date"": ""05-12"", ""open"": 175.0, ""close"": 188.5, ""low"": 167.5, ""high"": 188.5, ""volume"": 40948652}, {""date"": ""05-13"", ""open"": 184.5, ""close"": 200.0, ""low"": 181.5, ""high"": 205.0, ""volume"": 56249025}, {""date"": ""05-14"", ""open"": 220.0, ""close"": 220.0, ""low"": 215.5, ""high"": 220.0, ""volume"": 28565781}, {""date"": ""05-15"", ""open"": 215.0, ""close"": 206.0, ""low"": 204.5, ""high"": 222.5, ""volume"": 12339110}, {""date"": ""05-18"", ""open"": 210.0, ""close"": 217.5, ""low"": 206.0, ""high"": 219.0, ""volume"": 8768821}, {""date"": ""05-19"", ""open"": 213.0, ""close"": 220.0, ""low"": 213.0, ""high"": 222.0, ""volume"": 8739247}, {""date"": ""05-20"", ""open"": 224.0, ""close"": 242.0, ""low"": 224.0, ""high"": 242.0, ""volume"": 9723757}, {""date"": ""05-21"", ""open"": 259.5, ""close"": 266.0, ""low"": 259.5, ""high"": 266.0, ""volume"": 6967023}, {""date"": ""05-22"", ""open"": 280.5, ""close"": 292.5, ""low"": 280.5, ""high"": 292.5, ""volume"": 10755860}, {""date"": ""05-25"", ""open"": 306.0, ""close"": 321.5, ""low"": 306.0, ""high"": 321.5, ""volume"": 5666758}, {""date"": ""05-26"", ""open"": 303.0, ""close"": 328.5, ""low"": 289.5, ""high"": 330.0, ""volume"": 13534121}, {""date"": ""05-27"", ""open"": 345.0, ""close"": 361.0, ""low"": 345.0, ""high"": 361.0, ""volume"": 5135181}, {""date"": ""05-28"", ""open"": 355.0, ""close"": 388.0, ""low"": 355.0, ""high"": 397.0, ""volume"": 4571961}]"
2026-05-28,紡織纖維,1409,新纖,20.75,19.4,1,9.79,22.42,6.96,,18.42,17.6,17.26,"[{""date"": ""04-30"", ""open"": 17.55, ""close"": 16.8, ""low"": 16.8, ""high"": 17.8, ""volume"": 14121644}, {""date"": ""05-04"", ""open"": 17.0, ""close"": 16.6, ""low"": 16.55, ""high"": 17.0, ""volume"": 8578459}, {""date"": ""05-05"", ""open"": 16.65, ""close"": 17.1, ""low"": 16.55, ""high"": 17.15, ""volume"": 9183204}, {""date"": ""05-06"", ""open"": 17.15, ""close"": 16.9, ""low"": 16.85, ""high"": 17.3, ""volume"": 8393449}, {""date"": ""05-07"", ""open"": 17.0, ""close"": 16.8, ""low"": 16.75, ""high"": 17.0, ""volume"": 6268034}, {""date"": ""05-08"", ""open"": 16.8, ""close"": 16.8, ""low"": 16.7, ""high"": 17.0, ""volume"": 5196361}, {""date"": ""05-11"", ""open"": 16.9, ""close"": 17.2, ""low"": 16.8, ""high"": 17.3, ""volume"": 10955695}, {""date"": ""05-12"", ""open"": 17.3, ""close"": 16.85, ""low"": 16.7, ""high"": 17.35, ""volume"": 7333407}, {""date"": ""05-13"", ""open"": 16.8, ""close"": 16.9, ""low"": 16.65, ""high"": 17.0, ""volume"": 7988120}, {""date"": ""05-14"", ""open"": 16.9, ""close"": 17.25, ""low"": 16.9, ""high"": 17.4, ""volume"": 12671614}, {""date"": ""05-15"", ""open"": 17.4, ""close"": 16.85, ""low"": 16.85, ""high"": 17.4, ""volume"": 7231888}, {""date"": ""05-18"", ""open"": 16.8, ""close"": 16.7, ""low"": 16.65, ""high"": 16.85, ""volume"": 5105464}, {""date"": ""05-19"", ""open"": 16.7, ""close"": 16.7, ""low"": 16.65, ""high"": 16.95, ""volume"": 4068378}, {""date"": ""05-20"", ""open"": 16.85, ""close"": 16.65, ""low"": 16.6, ""high"": 16.9, ""volume"": 2948331}, {""date"": ""05-21"", ""open"": 16.7, ""close"": 16.95, ""low"": 16.7, ""high"": 17.15, ""volume"": 6460233}, {""date"": ""05-22"", ""open"": 17.0, ""close"": 17.2, ""low"": 16.9, ""high"": 17.25, ""volume"": 8955926}, {""date"": ""05-25"", ""open"": 17.35, ""close"": 17.6, ""low"": 17.25, ""high"": 17.65, ""volume"": 13020706}, {""date"": ""05-26"", ""open"": 17.65, ""close"": 17.65, ""low"": 17.4, ""high"": 18.0, ""volume"": 15667926}, {""date"": ""05-27"", ""open"": 18.2, ""close"": 18.9, ""low"": 18.2, ""high"": 19.4, ""volume"": 57225917}, {""date"": ""05-28"", ""open"": 19.35, ""close"": 20.75, ""low"": 19.2, ""high"": 20.75, ""volume"": 77812372}]"
2026-05-28,光電業,6116,彩晶,15.7,14.85,1,8.28,45.37,5.72,,13.74,12.01,10.71,"[{""date"": ""04-30"", ""open"": 8.28, ""close"": 8.14, ""low"": 8.13, ""high"": 8.28, ""volume"": 11701910}, {""date"": ""05-04"", ""open"": 8.32, ""close"": 8.27, ""low"": 8.22, ""high"": 8.39, ""volume"": 13914502}, {""date"": ""05-05"", ""open"": 8.32, ""close"": 8.51, ""low"": 8.32, ""high"": 8.58, ""volume"": 20489168}, {""date"": ""05-06"", ""open"": 8.6, ""close"": 8.55, ""low"": 8.39, ""high"": 8.72, ""volume"": 21405510}, {""date"": ""05-07"", ""open"": 8.63, ""close"": 9.4, ""low"": 8.51, ""high"": 9.4, ""volume"": 69575969}, {""date"": ""05-08"", ""open"": 9.37, ""close"": 9.2, ""low"": 9.02, ""high"": 9.77, ""volume"": 83855547}, {""date"": ""05-11"", ""open"": 9.55, ""close"": 9.71, ""low"": 9.4, ""high"": 10.1, ""volume"": 89630689}, {""date"": ""05-12"", ""open"": 9.73, ""close"": 10.65, ""low"": 9.69, ""high"": 10.65, ""volume"": 133927479}, {""date"": ""05-13"", ""open"": 10.85, ""close"": 11.25, ""low"": 10.65, ""high"": 11.7, ""volume"": 496499977}, {""date"": ""05-14"", ""open"": 11.25, ""close"": 10.4, ""low"": 10.3, ""high"": 11.3, ""volume"": 190985044}, {""date"": ""05-15"", ""open"": 10.5, ""close"": 10.25, ""low"": 10.15, ""high"": 11.2, ""volume"": 104556542}, {""date"": ""05-18"", ""open"": 10.25, ""close"": 10.35, ""low"": 9.7, ""high"": 10.4, ""volume"": 57564818}, {""date"": ""05-19"", ""open"": 10.35, ""close"": 10.15, ""low"": 10.05, ""high"": 10.5, ""volume"": 39128429}, {""date"": ""05-20"", ""open"": 10.1, ""close"": 9.85, ""low"": 9.74, ""high"": 10.15, ""volume"": 31619765}, {""date"": ""05-21"", ""open"": 10.0, ""close"": 10.8, ""low"": 10.0, ""high"": 10.8, ""volume"": 86379737}, {""date"": ""05-22"", ""open"": 11.1, ""close"": 11.85, ""low"": 11.05, ""high"": 11.85, ""volume"": 100795639}, {""date"": ""05-25"", ""open"": 13.0, ""close"": 13.0, ""low"": 13.0, ""high"": 13.0, ""volume"": 43534725}, {""date"": ""05-26"", ""open"": 14.3, ""close"": 13.65, ""low"": 13.45, ""high"": 14.3, ""volume"": 476557476}, {""date"": ""05-27"", ""open"": 13.9, ""close"": 14.5, ""low"": 12.9, ""high"": 14.85, ""volume"": 292392532}, {""date"": ""05-28"", ""open"": 14.7, ""close"": 15.7, ""low"": 14.5, ""high"": 15.95, ""volume"": 258769032}]"
2026-05-28,通信網路業,4906,正文,47.4,45.35,1,5.92,21.85,4.52,,43.92,41.22,39.35,"[{""date"": ""04-30"", ""open"": 34.8, ""close"": 34.3, ""low"": 34.2, ""high"": 35.45, ""volume"": 8761623}, {""date"": ""05-04"", ""open"": 34.3, ""close"": 34.25, ""low"": 34.15, ""high"": 35.25, ""volume"": 7893088}, {""date"": ""05-05"", ""open"": 34.5, ""close"": 35.4, ""low"": 33.95, ""high"": 35.5, ""volume"": 9792477}, {""date"": ""05-06"", ""open"": 36.25, ""close"": 35.2, ""low"": 34.25, ""high"": 36.25, ""volume"": 11178034}, {""date"": ""05-07"", ""open"": 37.95, ""close"": 38.7, ""low"": 37.9, ""high"": 38.7, ""volume"": 19981808}, {""date"": ""05-08"", ""open"": 41.5, ""close"": 40.0, ""low"": 39.8, ""high"": 42.55, ""volume"": 123584755}, {""date"": ""05-11"", ""open"": 40.8, ""close"": 40.3, ""low"": 38.85, ""high"": 41.6, ""volume"": 44798902}, {""date"": ""05-12"", ""open"": 40.3, ""close"": 39.5, ""low"": 37.9, ""high"": 40.65, ""volume"": 31217436}, {""date"": ""05-13"", ""open"": 39.0, ""close"": 38.0, ""low"": 38.0, ""high"": 39.2, ""volume"": 12702026}, {""date"": ""05-14"", ""open"": 39.0, ""close"": 39.15, ""low"": 38.35, ""high"": 41.2, ""volume"": 31207414}, {""date"": ""05-15"", ""open"": 40.3, ""close"": 39.15, ""low"": 39.0, ""high"": 41.5, ""volume"": 36507080}, {""date"": ""05-18"", ""open"": 38.45, ""close"": 38.9, ""low"": 38.2, ""high"": 40.35, ""volume"": 15580096}, {""date"": ""05-19"", ""open"": 39.1, ""close"": 38.0, ""low"": 37.8, ""high"": 39.9, ""volume"": 14293023}, {""date"": ""05-20"", ""open"": 37.9, ""close"": 37.6, ""low"": 37.1, ""high"": 38.3, ""volume"": 9671911}, {""date"": ""05-21"", ""open"": 38.1, ""close"": 38.9, ""low"": 38.0, ""high"": 39.65, ""volume"": 12510909}, {""date"": ""05-22"", ""open"": 39.5, ""close"": 40.3, ""low"": 39.05, ""high"": 40.7, ""volume"": 20531185}, {""date"": ""05-25"", ""open"": 41.9, ""close"": 44.3, ""low"": 41.8, ""high"": 44.3, ""volume"": 47111465}, {""date"": ""05-26"", ""open"": 44.45, ""close"": 42.85, ""low"": 42.0, ""high"": 44.45, ""volume"": 43493428}, {""date"": ""05-27"", ""open"": 43.15, ""close"": 44.75, ""low"": 42.25, ""high"": 45.35, ""volume"": 36899328}, {""date"": ""05-28"", ""open"": 46.5, ""close"": 47.4, ""low"": 46.2, ""high"": 49.2, ""volume"": 43321847}]"
2026-05-28,電機機械,1583,程泰,59.1,56.8,239,9.85,25.48,4.04,,51.5,49.72,48.68,"[{""date"": ""04-30"", ""open"": 46.65, ""close"": 46.6, ""low"": 46.6, ""high"": 47.05, ""volume"": 16035}, {""date"": ""05-04"", ""open"": 46.6, ""close"": 46.75, ""low"": 46.5, ""high"": 46.8, ""volume"": 28000}, {""date"": ""05-05"", ""open"": 46.35, ""close"": 47.0, ""low"": 46.35, ""high"": 47.0, ""volume"": 7000}, {""date"": ""05-06"", ""open"": 48.25, ""close"": 48.45, ""low"": 47.0, ""high"": 48.45, ""volume"": 62000}, {""date"": ""05-07"", ""open"": 48.9, ""close"": 48.45, ""low"": 48.45, ""high"": 48.9, ""volume"": 40000}, {""date"": ""05-08"", ""open"": 48.45, ""close"": 47.5, ""low"": 47.0, ""high"": 48.45, ""volume"": 28096}, {""date"": ""05-11"", ""open"": 47.6, ""close"": 49.0, ""low"": 47.6, ""high"": 49.5, ""volume"": 90000}, {""date"": ""05-12"", ""open"": 48.8, ""close"": 48.7, ""low"": 47.9, ""high"": 49.0, ""volume"": 34000}, {""date"": ""05-13"", ""open"": 47.35, ""close"": 47.25, ""low"": 47.15, ""high"": 47.9, ""volume"": 16020}, {""date"": ""05-14"", ""open"": 47.05, ""close"": 46.7, ""low"": 46.7, ""high"": 48.0, ""volume"": 31000}, {""date"": ""05-15"", ""open"": 46.5, ""close"": 48.15, ""low"": 46.45, ""high"": 51.3, ""volume"": 122060}, {""date"": ""05-18"", ""open"": 48.0, ""close"": 49.4, ""low"": 47.55, ""high"": 50.2, ""volume"": 66020}, {""date"": ""05-19"", ""open"": 48.3, ""close"": 47.95, ""low"": 47.95, ""high"": 49.0, ""volume"": 33000}, {""date"": ""05-20"", ""open"": 47.4, ""close"": 47.1, ""low"": 46.65, ""high"": 47.4, ""volume"": 25000}, {""date"": ""05-21"", ""open"": 47.45, ""close"": 47.1, ""low"": 47.1, ""high"": 47.6, ""volume"": 44000}, {""date"": ""05-22"", ""open"": 47.85, ""close"": 47.25, ""low"": 47.25, ""high"": 47.85, ""volume"": 20043}, {""date"": ""05-25"", ""open"": 47.25, ""close"": 47.5, ""low"": 47.25, ""high"": 49.0, ""volume"": 37000}, {""date"": ""05-26"", ""open"": 48.0, ""close"": 49.85, ""low"": 48.0, ""high"": 50.6, ""volume"": 97000}, {""date"": ""05-27"", ""open"": 50.2, ""close"": 53.8, ""low"": 49.85, ""high"": 54.0, ""volume"": 144166}, {""date"": ""05-28"", ""open"": 56.5, ""close"": 59.1, ""low"": 55.0, ""high"": 59.1, ""volume"": 461900}]"
2026-05-28,其他,5284,jpp-KY,459.0,442.0,1,3.85,17.39,3.85,,424.3,399.45,383.48,"[{""date"": ""04-30"", ""open"": 342.0, ""close"": 343.0, ""low"": 333.5, ""high"": 349.5, ""volume"": 1845235}, {""date"": ""05-04"", ""open"": 347.0, ""close"": 344.5, ""low"": 336.0, ""high"": 358.0, ""volume"": 1949172}, {""date"": ""05-05"", ""open"": 349.5, ""close"": 365.5, ""low"": 347.5, ""high"": 368.0, ""volume"": 2352419}, {""date"": ""05-06"", ""open"": 365.5, ""close"": 356.0, ""low"": 345.5, ""high"": 367.5, ""volume"": 2402330}, {""date"": ""05-07"", ""open"": 362.0, ""close"": 377.0, ""low"": 356.0, ""high"": 384.0, ""volume"": 2683282}, {""date"": ""05-08"", ""open"": 377.5, ""close"": 360.0, ""low"": 356.0, ""high"": 389.0, ""volume"": 2987650}, {""date"": ""05-11"", ""open"": 368.0, ""close"": 367.0, ""low"": 355.0, ""high"": 372.0, ""volume"": 1686583}, {""date"": ""05-12"", ""open"": 367.0, ""close"": 382.0, ""low"": 357.0, ""high"": 389.0, ""volume"": 2730715}, {""date"": ""05-13"", ""open"": 378.0, ""close"": 394.0, ""low"": 375.5, ""high"": 405.0, ""volume"": 4054455}, {""date"": ""05-14"", ""open"": 394.5, ""close"": 386.0, ""low"": 380.0, ""high"": 396.5, ""volume"": 2088946}, {""date"": ""05-15"", ""open"": 387.0, ""close"": 376.5, ""low"": 375.0, ""high"": 400.0, ""volume"": 1865068}, {""date"": ""05-18"", ""open"": 369.0, ""close"": 374.5, ""low"": 358.5, ""high"": 375.0, ""volume"": 1009164}, {""date"": ""05-19"", ""open"": 374.5, ""close"": 368.0, ""low"": 365.0, ""high"": 384.5, ""volume"": 1180108}, {""date"": ""05-20"", ""open"": 370.5, ""close"": 363.0, ""low"": 362.0, ""high"": 374.0, ""volume"": 1177279}, {""date"": ""05-21"", ""open"": 383.0, ""close"": 391.0, ""low"": 378.5, ""high"": 396.0, ""volume"": 1689150}, {""date"": ""05-22"", ""open"": 391.0, ""close"": 410.0, ""low"": 389.0, ""high"": 418.5, ""volume"": 2508351}, {""date"": ""05-25"", ""open"": 417.5, ""close"": 408.5, ""low"": 399.0, ""high"": 417.5, ""volume"": 2037200}, {""date"": ""05-26"", ""open"": 408.5, ""close"": 402.0, ""low"": 399.5, ""high"": 415.0, ""volume"": 1283200}, {""date"": ""05-27"", ""open"": 420.0, ""close"": 442.0, ""low"": 415.0, ""high"": 442.0, ""volume"": 1576067}, {""date"": ""05-28"", ""open"": 478.0, ""close"": 459.0, ""low"": 456.0, ""high"": 480.0, ""volume"": 2595960}]"
2026-05-28,半導體業,6239,力成,363.5,353.5,1,6.75,41.17,2.83,,328.0,285.7,255.52,"[{""date"": ""04-30"", ""open"": 205.5, ""close"": 203.0, ""low"": 201.0, ""high"": 210.5, ""volume"": 25695769}, {""date"": ""05-04"", ""open"": 208.0, ""close"": 223.0, ""low"": 208.0, ""high"": 223.0, ""volume"": 27188240}, {""date"": ""05-05"", ""open"": 224.5, ""close"": 227.5, ""low"": 220.0, ""high"": 237.0, ""volume"": 38008645}, {""date"": ""05-06"", ""open"": 236.0, ""close"": 234.5, ""low"": 233.5, ""high"": 250.0, ""volume"": 47586398}, {""date"": ""05-07"", ""open"": 236.0, ""close"": 230.5, ""low"": 226.0, ""high"": 236.0, ""volume"": 22376182}, {""date"": ""05-08"", ""open"": 227.5, ""close"": 222.0, ""low"": 217.5, ""high"": 229.5, ""volume"": 16104397}, {""date"": ""05-11"", ""open"": 225.5, ""close"": 225.5, ""low"": 223.0, ""high"": 231.0, ""volume"": 14708199}, {""date"": ""05-12"", ""open"": 227.5, ""close"": 226.5, ""low"": 219.0, ""high"": 233.0, ""volume"": 17697036}, {""date"": ""05-13"", ""open"": 224.0, ""close"": 232.0, ""low"": 220.0, ""high"": 232.0, ""volume"": 12443958}, {""date"": ""05-14"", ""open"": 233.0, ""close"": 229.0, ""low"": 226.5, ""high"": 236.5, ""volume"": 20144008}, {""date"": ""05-15"", ""open"": 232.5, ""close"": 248.0, ""low"": 231.5, ""high"": 251.5, ""volume"": 55304962}, {""date"": ""05-18"", ""open"": 245.5, ""close"": 250.0, ""low"": 240.0, ""high"": 253.5, ""volume"": 43775938}, {""date"": ""05-19"", ""open"": 246.5, ""close"": 227.0, ""low"": 225.5, ""high"": 246.5, ""volume"": 33399145}, {""date"": ""05-20"", ""open"": 225.0, ""close"": 234.5, ""low"": 224.5, ""high"": 240.5, ""volume"": 20102607}, {""date"": ""05-21"", ""open"": 246.5, ""close"": 257.5, ""low"": 246.5, ""high"": 257.5, ""volume"": 24826698}, {""date"": ""05-22"", ""open"": 283.0, ""close"": 283.0, ""low"": 283.0, ""high"": 283.0, ""volume"": 6909104}, {""date"": ""05-25"", ""open"": 311.0, ""close"": 311.0, ""low"": 311.0, ""high"": 311.0, ""volume"": 3284709}, {""date"": ""05-26"", ""open"": 342.0, ""close"": 342.0, ""low"": 325.5, ""high"": 342.0, ""volume"": 56962619}, {""date"": ""05-27"", ""open"": 343.0, ""close"": 340.5, ""low"": 332.0, ""high"": 353.5, ""volume"": 74653213}, {""date"": ""05-28"", ""open"": 343.5, ""close"": 363.5, ""low"": 341.5, ""high"": 374.5, ""volume"": 67907981}]"
2026-05-28,綠能環保,8473,山林水,45.55,44.5,144,6.3,11.92,2.36,,42.44,39.94,37.36,"[{""date"": ""04-30"", ""open"": 36.5, ""close"": 35.9, ""low"": 35.65, ""high"": 36.5, ""volume"": 785224}, {""date"": ""05-04"", ""open"": 35.75, ""close"": 35.4, ""low"": 35.35, ""high"": 35.9, ""volume"": 716960}, {""date"": ""05-05"", ""open"": 35.6, ""close"": 35.2, ""low"": 34.7, ""high"": 35.6, ""volume"": 887032}, {""date"": ""05-06"", ""open"": 35.2, ""close"": 35.15, ""low"": 35.0, ""high"": 35.4, ""volume"": 560730}, {""date"": ""05-07"", ""open"": 35.2, ""close"": 35.4, ""low"": 35.05, ""high"": 35.55, ""volume"": 457632}, {""date"": ""05-08"", ""open"": 35.7, ""close"": 34.6, ""low"": 34.15, ""high"": 35.7, ""volume"": 888293}, {""date"": ""05-11"", ""open"": 34.6, ""close"": 34.2, ""low"": 34.15, ""high"": 34.6, ""volume"": 648384}, {""date"": ""05-12"", ""open"": 34.2, ""close"": 33.9, ""low"": 33.8, ""high"": 34.2, ""volume"": 613079}, {""date"": ""05-13"", ""open"": 33.85, ""close"": 33.65, ""low"": 33.55, ""high"": 33.95, ""volume"": 403000}, {""date"": ""05-14"", ""open"": 35.4, ""close"": 34.35, ""low"": 34.25, ""high"": 35.7, ""volume"": 761343}, {""date"": ""05-15"", ""open"": 35.2, ""close"": 34.8, ""low"": 34.6, ""high"": 35.6, ""volume"": 590160}, {""date"": ""05-18"", ""open"": 34.8, ""close"": 35.85, ""low"": 34.8, ""high"": 36.15, ""volume"": 815000}, {""date"": ""05-19"", ""open"": 35.9, ""close"": 36.15, ""low"": 35.9, ""high"": 36.65, ""volume"": 582500}, {""date"": ""05-20"", ""open"": 37.75, ""close"": 39.75, ""low"": 37.6, ""high"": 39.75, ""volume"": 3542395}, {""date"": ""05-21"", ""open"": 41.0, ""close"": 40.7, ""low"": 39.2, ""high"": 41.2, ""volume"": 4249130}, {""date"": ""05-22"", ""open"": 40.55, ""close"": 39.8, ""low"": 39.7, ""high"": 40.55, ""volume"": 1492213}, {""date"": ""05-25"", ""open"": 40.05, ""close"": 41.9, ""low"": 40.05, ""high"": 42.3, ""volume"": 2002780}, {""date"": ""05-26"", ""open"": 42.15, ""close"": 42.1, ""low"": 41.2, ""high"": 42.8, ""volume"": 1711469}, {""date"": ""05-27"", ""open"": 42.25, ""close"": 42.85, ""low"": 41.75, ""high"": 43.3, ""volume"": 2026674}, {""date"": ""05-28"", ""open"": 43.8, ""close"": 45.55, ""low"": 43.8, ""high"": 46.95, ""volume"": 3609682}]"
2026-05-28,半導體業,2441,超豐,141.5,139.0,1,4.04,32.86,1.8,,131.8,118.0,105.74,"[{""date"": ""04-30"", ""open"": 87.9, ""close"": 84.0, ""low"": 83.7, ""high"": 88.4, ""volume"": 11825806}, {""date"": ""05-04"", ""open"": 85.5, ""close"": 92.4, ""low"": 85.5, ""high"": 92.4, ""volume"": 17732851}, {""date"": ""05-05"", ""open"": 94.0, ""close"": 94.0, ""low"": 92.4, ""high"": 96.2, ""volume"": 18017153}, {""date"": ""05-06"", ""open"": 96.1, ""close"": 93.2, ""low"": 92.1, ""high"": 97.6, ""volume"": 16712177}, {""date"": ""05-07"", ""open"": 94.0, ""close"": 93.4, ""low"": 92.6, ""high"": 94.2, ""volume"": 5371444}, {""date"": ""05-08"", ""open"": 93.5, ""close"": 90.5, ""low"": 88.6, ""high"": 93.9, ""volume"": 7624374}, {""date"": ""05-11"", ""open"": 91.0, ""close"": 92.4, ""low"": 90.4, ""high"": 93.7, ""volume"": 5784954}, {""date"": ""05-12"", ""open"": 93.0, ""close"": 96.5, ""low"": 91.8, ""high"": 97.2, ""volume"": 18825194}, {""date"": ""05-13"", ""open"": 96.0, ""close"": 97.3, ""low"": 95.0, ""high"": 98.8, ""volume"": 23555558}, {""date"": ""05-14"", ""open"": 97.9, ""close"": 101.0, ""low"": 97.0, ""high"": 104.0, ""volume"": 29104363}, {""date"": ""05-15"", ""open"": 101.5, ""close"": 106.5, ""low"": 101.0, ""high"": 109.5, ""volume"": 36802201}, {""date"": ""05-18"", ""open"": 104.0, ""close"": 103.5, ""low"": 101.5, ""high"": 105.0, ""volume"": 17582001}, {""date"": ""05-19"", ""open"": 103.0, ""close"": 102.0, ""low"": 102.0, ""high"": 105.5, ""volume"": 15173797}, {""date"": ""05-20"", ""open"": 102.5, ""close"": 102.5, ""low"": 100.5, ""high"": 105.0, ""volume"": 10652019}, {""date"": ""05-21"", ""open"": 104.5, ""close"": 106.5, ""low"": 104.5, ""high"": 108.0, ""volume"": 15352504}, {""date"": ""05-22"", ""open"": 110.5, ""close"": 117.0, ""low"": 110.5, ""high"": 117.0, ""volume"": 16121762}, {""date"": ""05-25"", ""open"": 125.0, ""close"": 128.5, ""low"": 122.5, ""high"": 128.5, ""volume"": 24418410}, {""date"": ""05-26"", ""open"": 130.5, ""close"": 136.0, ""low"": 125.0, ""high"": 137.5, ""volume"": 32920748}, {""date"": ""05-27"", ""open"": 139.0, ""close"": 136.0, ""low"": 132.5, ""high"": 139.0, ""volume"": 19182032}, {""date"": ""05-28"", ""open"": 135.5, ""close"": 141.5, ""low"": 135.5, ""high"": 148.0, ""volume"": 17715186}]"
2026-05-28,金融保險,6005,群益證,35.75,35.25,1,2.14,13.13,1.42,,33.68,32.3,31.45,"[{""date"": ""04-30"", ""open"": 28.15, ""close"": 28.05, ""low"": 28.0, ""high"": 28.35, ""volume"": 13372893}, {""date"": ""05-04"", ""open"": 28.2, ""close"": 29.0, ""low"": 28.2, ""high"": 29.25, ""volume"": 29376203}, {""date"": ""05-05"", ""open"": 29.1, ""close"": 29.7, ""low"": 29.05, ""high"": 30.25, ""volume"": 23993419}, {""date"": ""05-06"", ""open"": 30.5, ""close"": 30.0, ""low"": 29.8, ""high"": 30.75, ""volume"": 32502173}, {""date"": ""05-07"", ""open"": 30.45, ""close"": 31.15, ""low"": 30.25, ""high"": 31.8, ""volume"": 31327118}, {""date"": ""05-08"", ""open"": 31.5, ""close"": 30.55, ""low"": 30.3, ""high"": 31.6, ""volume"": 26418421}, {""date"": ""05-11"", ""open"": 30.6, ""close"": 32.25, ""low"": 30.6, ""high"": 32.6, ""volume"": 25793004}, {""date"": ""05-12"", ""open"": 32.4, ""close"": 31.7, ""low"": 31.3, ""high"": 32.9, ""volume"": 19579880}, {""date"": ""05-13"", ""open"": 31.7, ""close"": 32.0, ""low"": 31.2, ""high"": 32.0, ""volume"": 11651709}, {""date"": ""05-14"", ""open"": 32.1, ""close"": 31.6, ""low"": 31.45, ""high"": 32.75, ""volume"": 13077995}, {""date"": ""05-15"", ""open"": 31.75, ""close"": 31.25, ""low"": 31.15, ""high"": 32.35, ""volume"": 12853051}, {""date"": ""05-18"", ""open"": 31.1, ""close"": 30.55, ""low"": 30.2, ""high"": 31.15, ""volume"": 12683928}, {""date"": ""05-19"", ""open"": 30.5, ""close"": 30.65, ""low"": 30.35, ""high"": 31.05, ""volume"": 8505316}, {""date"": ""05-20"", ""open"": 30.6, ""close"": 30.6, ""low"": 30.4, ""high"": 30.95, ""volume"": 5202505}, {""date"": ""05-21"", ""open"": 30.95, ""close"": 31.6, ""low"": 30.9, ""high"": 31.75, ""volume"": 10380775}, {""date"": ""05-22"", ""open"": 31.5, ""close"": 31.9, ""low"": 31.3, ""high"": 32.0, ""volume"": 8184691}, {""date"": ""05-25"", ""open"": 32.25, ""close"": 32.7, ""low"": 32.1, ""high"": 32.75, ""volume"": 11825595}, {""date"": ""05-26"", ""open"": 32.85, ""close"": 33.05, ""low"": 32.5, ""high"": 33.4, ""volume"": 11512154}, {""date"": ""05-27"", ""open"": 33.35, ""close"": 35.0, ""low"": 33.25, ""high"": 35.25, ""volume"": 21396590}, {""date"": ""05-28"", ""open"": 35.85, ""close"": 35.75, ""low"": 35.05, ""high"": 37.2, ""volume"": 20709710}]"
2026-05-28,電機機械,1530,亞崴,35.45,35.1,1,8.41,27.52,1.0,,31.43,29.36,27.83,"[{""date"": ""04-30"", ""open"": 26.65, ""close"": 26.45, ""low"": 26.35, ""high"": 26.65, ""volume"": 13002}, {""date"": ""05-04"", ""open"": 26.5, ""close"": 26.05, ""low"": 26.05, ""high"": 26.5, ""volume"": 46030}, {""date"": ""05-05"", ""open"": 26.05, ""close"": 26.1, ""low"": 25.9, ""high"": 26.2, ""volume"": 35000}, {""date"": ""05-06"", ""open"": 26.1, ""close"": 26.3, ""low"": 25.6, ""high"": 26.55, ""volume"": 65370}, {""date"": ""05-07"", ""open"": 26.5, ""close"": 25.95, ""low"": 25.95, ""high"": 26.5, ""volume"": 39048}, {""date"": ""05-08"", ""open"": 26.2, ""close"": 26.2, ""low"": 25.95, ""high"": 26.2, ""volume"": 15714}, {""date"": ""05-11"", ""open"": 26.35, ""close"": 26.6, ""low"": 26.35, ""high"": 27.0, ""volume"": 49400}, {""date"": ""05-12"", ""open"": 26.6, ""close"": 26.6, ""low"": 26.35, ""high"": 26.6, ""volume"": 50051}, {""date"": ""05-13"", ""open"": 26.9, ""close"": 26.45, ""low"": 26.35, ""high"": 26.9, ""volume"": 49000}, {""date"": ""05-14"", ""open"": 26.45, ""close"": 26.4, ""low"": 26.4, ""high"": 26.8, ""volume"": 26216}, {""date"": ""05-15"", ""open"": 26.4, ""close"": 26.95, ""low"": 26.25, ""high"": 26.95, ""volume"": 89756}, {""date"": ""05-18"", ""open"": 26.7, ""close"": 27.0, ""low"": 26.4, ""high"": 27.0, ""volume"": 48032}, {""date"": ""05-19"", ""open"": 27.0, ""close"": 27.3, ""low"": 26.85, ""high"": 27.3, ""volume"": 31225}, {""date"": ""05-20"", ""open"": 27.25, ""close"": 27.35, ""low"": 26.8, ""high"": 27.35, ""volume"": 35200}, {""date"": ""05-21"", ""open"": 27.4, ""close"": 27.8, ""low"": 27.35, ""high"": 28.45, ""volume"": 69001}, {""date"": ""05-22"", ""open"": 28.2, ""close"": 28.0, ""low"": 27.55, ""high"": 28.2, ""volume"": 73000}, {""date"": ""05-25"", ""open"": 28.5, ""close"": 29.05, ""low"": 28.3, ""high"": 29.45, ""volume"": 481166}, {""date"": ""05-26"", ""open"": 29.75, ""close"": 31.95, ""low"": 29.75, ""high"": 31.95, ""volume"": 481421}, {""date"": ""05-27"", ""open"": 34.5, ""close"": 32.7, ""low"": 32.1, ""high"": 35.1, ""volume"": 2030450}, {""date"": ""05-28"", ""open"": 31.85, ""close"": 35.45, ""low"": 31.8, ""high"": 35.95, ""volume"": 2086028}]"
2026-05-28,建材營造,2535,達欣工,79.2,78.8,1,1.54,4.35,0.51,,77.46,75.9,74.96,"[{""date"": ""04-30"", ""open"": 76.2, ""close"": 72.1, ""low"": 72.1, ""high"": 76.2, ""volume"": 773599}, {""date"": ""05-04"", ""open"": 73.7, ""close"": 73.3, ""low"": 71.8, ""high"": 75.0, ""volume"": 436797}, {""date"": ""05-05"", ""open"": 73.9, ""close"": 72.7, ""low"": 71.8, ""high"": 73.9, ""volume"": 342250}, {""date"": ""05-06"", ""open"": 73.0, ""close"": 73.5, ""low"": 72.3, ""high"": 74.0, ""volume"": 458109}, {""date"": ""05-07"", ""open"": 73.7, ""close"": 75.1, ""low"": 73.2, ""high"": 75.3, ""volume"": 461746}, {""date"": ""05-08"", ""open"": 75.1, ""close"": 74.2, ""low"": 74.2, ""high"": 75.3, ""volume"": 232842}, {""date"": ""05-11"", ""open"": 72.7, ""close"": 74.4, ""low"": 71.3, ""high"": 76.0, ""volume"": 1770425}, {""date"": ""05-12"", ""open"": 73.5, ""close"": 74.8, ""low"": 72.9, ""high"": 76.1, ""volume"": 927421}, {""date"": ""05-13"", ""open"": 74.7, ""close"": 75.0, ""low"": 74.5, ""high"": 76.7, ""volume"": 2555077}, {""date"": ""05-14"", ""open"": 75.1, ""close"": 75.1, ""low"": 75.0, ""high"": 77.0, ""volume"": 905558}, {""date"": ""05-15"", ""open"": 75.2, ""close"": 75.1, ""low"": 74.0, ""high"": 75.8, ""volume"": 511284}, {""date"": ""05-18"", ""open"": 74.6, ""close"": 73.1, ""low"": 73.0, ""high"": 74.7, ""volume"": 513680}, {""date"": ""05-19"", ""open"": 73.3, ""close"": 73.0, ""low"": 72.1, ""high"": 73.8, ""volume"": 370342}, {""date"": ""05-20"", ""open"": 74.3, ""close"": 74.6, ""low"": 72.6, ""high"": 74.7, ""volume"": 552487}, {""date"": ""05-21"", ""open"": 74.6, ""close"": 75.9, ""low"": 74.6, ""high"": 76.0, ""volume"": 792479}, {""date"": ""05-22"", ""open"": 75.9, ""close"": 77.5, ""low"": 75.9, ""high"": 77.6, ""volume"": 898860}, {""date"": ""05-25"", ""open"": 78.5, ""close"": 76.7, ""low"": 76.3, ""high"": 78.7, ""volume"": 582679}, {""date"": ""05-26"", ""open"": 76.7, ""close"": 75.9, ""low"": 75.5, ""high"": 77.3, ""volume"": 312351}, {""date"": ""05-27"", ""open"": 76.3, ""close"": 78.0, ""low"": 75.8, ""high"": 78.8, ""volume"": 903208}, {""date"": ""05-28"", ""open"": 78.1, ""close"": 79.2, ""low"": 78.1, ""high"": 81.0, ""volume"": 814890}]"
2026-05-28,半導體業,3135,凌航,246.0,245.0,1,1.65,25.83,0.41,,227.6,213.6,197.72,"[{""date"": ""04-30"", ""open"": 145.0, ""close"": 141.5, ""low"": 137.5, ""high"": 146.5, ""volume"": 7297239}, {""date"": ""05-04"", ""open"": 154.0, ""close"": 155.5, ""low"": 145.5, ""high"": 155.5, ""volume"": 12430718}, {""date"": ""05-05"", ""open"": 158.0, ""close"": 163.0, ""low"": 157.5, ""high"": 170.0, ""volume"": 14785359}, {""date"": ""05-06"", ""open"": 173.5, ""close"": 172.5, ""low"": 163.0, ""high"": 176.0, ""volume"": 11454375}, {""date"": ""05-07"", ""open"": 173.0, ""close"": 169.5, ""low"": 165.0, ""high"": 174.0, ""volume"": 7604092}, {""date"": ""05-08"", ""open"": 164.5, ""close"": 177.0, ""low"": 156.5, ""high"": 185.0, ""volume"": 10870215}, {""date"": ""05-11"", ""open"": 194.5, ""close"": 194.5, ""low"": 194.5, ""high"": 194.5, ""volume"": 1994882}, {""date"": ""05-12"", ""open"": 209.0, ""close"": 213.5, ""low"": 208.0, ""high"": 213.5, ""volume"": 5984692}, {""date"": ""05-13"", ""open"": 213.5, ""close"": 211.0, ""low"": 204.0, ""high"": 218.0, ""volume"": 16913255}, {""date"": ""05-14"", ""open"": 220.0, ""close"": 220.5, ""low"": 206.0, ""high"": 227.5, ""volume"": 10319799}, {""date"": ""05-15"", ""open"": 240.0, ""close"": 216.0, ""low"": 214.0, ""high"": 240.5, ""volume"": 9387762}, {""date"": ""05-18"", ""open"": 206.5, ""close"": 208.0, ""low"": 199.5, ""high"": 210.0, ""volume"": 2164729}, {""date"": ""05-19"", ""open"": 203.0, ""close"": 188.0, ""low"": 187.5, ""high"": 206.0, ""volume"": 2741007}, {""date"": ""05-20"", ""open"": 191.0, ""close"": 190.5, ""low"": 181.0, ""high"": 194.5, ""volume"": 1731156}, {""date"": ""05-21"", ""open"": 199.5, ""close"": 195.5, ""low"": 195.0, ""high"": 200.0, ""volume"": 1215548}, {""date"": ""05-22"", ""open"": 199.5, ""close"": 211.5, ""low"": 199.0, ""high"": 214.0, ""volume"": 1729950}, {""date"": ""05-25"", ""open"": 210.0, ""close"": 213.5, ""low"": 203.0, ""high"": 214.5, ""volume"": 1904041}, {""date"": ""05-26"", ""open"": 219.0, ""close"": 225.0, ""low"": 219.0, ""high"": 225.5, ""volume"": 2534491}, {""date"": ""05-27"", ""open"": 245.0, ""close"": 242.0, ""low"": 230.0, ""high"": 245.0, ""volume"": 3647356}, {""date"": ""05-28"", ""open"": 252.0, ""close"": 246.0, ""low"": 245.0, ""high"": 256.0, ""volume"": 3254595}]"
2026-05-28,半導體業,6770,力積電,79.1,78.9,61,5.75,33.84,0.25,,71.22,65.63,62.37,"[{""date"": ""04-30"", ""open"": 53.9, ""close"": 51.9, ""low"": 51.8, ""high"": 54.0, ""volume"": 93658631}, {""date"": ""05-04"", ""open"": 52.7, ""close"": 53.1, ""low"": 51.6, ""high"": 53.5, ""volume"": 96528347}, {""date"": ""05-05"", ""open"": 53.4, ""close"": 55.4, ""low"": 52.9, ""high"": 55.5, ""volume"": 105702396}, {""date"": ""05-06"", ""open"": 58.8, ""close"": 58.1, ""low"": 56.3, ""high"": 59.8, ""volume"": 244438759}, {""date"": ""05-07"", ""open"": 60.5, ""close"": 63.9, ""low"": 58.0, ""high"": 63.9, ""volume"": 305667375}, {""date"": ""05-08"", ""open"": 65.0, ""close"": 61.4, ""low"": 60.1, ""high"": 66.5, ""volume"": 439554135}, {""date"": ""05-11"", ""open"": 64.9, ""close"": 62.5, ""low"": 62.5, ""high"": 66.0, ""volume"": 281515679}, {""date"": ""05-12"", ""open"": 63.0, ""close"": 62.1, ""low"": 60.4, ""high"": 63.3, ""volume"": 168189131}, {""date"": ""05-13"", ""open"": 60.7, ""close"": 60.5, ""low"": 59.0, ""high"": 60.8, ""volume"": 111162505}, {""date"": ""05-14"", ""open"": 61.8, ""close"": 62.2, ""low"": 60.8, ""high"": 63.4, ""volume"": 189341363}, {""date"": ""05-15"", ""open"": 63.0, ""close"": 62.8, ""low"": 62.3, ""high"": 67.0, ""volume"": 355028893}, {""date"": ""05-18"", ""open"": 62.0, ""close"": 62.0, ""low"": 59.2, ""high"": 63.1, ""volume"": 126782129}, {""date"": ""05-19"", ""open"": 61.5, ""close"": 58.5, ""low"": 58.1, ""high"": 62.3, ""volume"": 142613511}, {""date"": ""05-20"", ""open"": 58.7, ""close"": 57.8, ""low"": 56.6, ""high"": 59.4, ""volume"": 83717055}, {""date"": ""05-21"", ""open"": 59.3, ""close"": 59.1, ""low"": 58.9, ""high"": 61.2, ""volume"": 95534803}, {""date"": ""05-22"", ""open"": 60.3, ""close"": 63.8, ""low"": 60.2, ""high"": 64.8, ""volume"": 216697313}, {""date"": ""05-25"", ""open"": 65.0, ""close"": 67.6, ""low"": 62.3, ""high"": 68.2, ""volume"": 319820107}, {""date"": ""05-26"", ""open"": 69.9, ""close"": 70.8, ""low"": 68.0, ""high"": 73.6, ""volume"": 351948386}, {""date"": ""05-27"", ""open"": 75.9, ""close"": 74.8, ""low"": 72.6, ""high"": 77.0, ""volume"": 412217912}, {""date"": ""05-28"", ""open"": 75.6, ""close"": 79.1, ""low"": 73.5, ""high"": 82.2, ""volume"": 656439305}]"
2026-05-28,半導體業,8150,南茂,103.0,103.0,14,9.69,35.7,,0.0,89.64,83.93,84.86,"[{""date"": ""04-30"", ""open"": 67.3, ""close"": 69.8, ""low"": 67.2, ""high"": 73.5, ""volume"": 32570889}, {""date"": ""05-04"", ""open"": 71.2, ""close"": 76.5, ""low"": 70.7, ""high"": 76.7, ""volume"": 43520009}, {""date"": ""05-05"", ""open"": 79.9, ""close"": 84.1, ""low"": 79.8, ""high"": 84.1, ""volume"": 19804982}, {""date"": ""05-06"", ""open"": 92.5, ""close"": 89.2, ""low"": 87.5, ""high"": 92.5, ""volume"": 74242636}, {""date"": ""05-07"", ""open"": 90.0, ""close"": 98.1, ""low"": 84.5, ""high"": 98.1, ""volume"": 80264903}, {""date"": ""05-08"", ""open"": 100.5, ""close"": 92.7, ""low"": 88.3, ""high"": 103.0, ""volume"": 101044069}, {""date"": ""05-11"", ""open"": 95.0, ""close"": 91.0, ""low"": 90.3, ""high"": 97.9, ""volume"": 51066386}, {""date"": ""05-12"", ""open"": 90.4, ""close"": 87.0, ""low"": 86.1, ""high"": 90.6, ""volume"": 33908835}, {""date"": ""05-13"", ""open"": 85.1, ""close"": 85.5, ""low"": 84.6, ""high"": 89.4, ""volume"": 28492721}, {""date"": ""05-14"", ""open"": 86.0, ""close"": 83.9, ""low"": 82.5, ""high"": 88.0, ""volume"": 31111503}, {""date"": ""05-15"", ""open"": 84.2, ""close"": 80.9, ""low"": 80.0, ""high"": 84.2, ""volume"": 23364328}, {""date"": ""05-18"", ""open"": 79.0, ""close"": 82.3, ""low"": 76.9, ""high"": 84.4, ""volume"": 18465871}, {""date"": ""05-19"", ""open"": 81.3, ""close"": 77.6, ""low"": 77.3, ""high"": 82.2, ""volume"": 17178214}, {""date"": ""05-20"", ""open"": 77.6, ""close"": 74.4, ""low"": 74.2, ""high"": 77.6, ""volume"": 14799426}, {""date"": ""05-21"", ""open"": 76.5, ""close"": 75.9, ""low"": 75.9, ""high"": 78.6, ""volume"": 13647139}, {""date"": ""05-22"", ""open"": 77.4, ""close"": 79.1, ""low"": 76.3, ""high"": 82.4, ""volume"": 45852530}, {""date"": ""05-25"", ""open"": 80.5, ""close"": 86.8, ""low"": 79.1, ""high"": 87.0, ""volume"": 50921726}, {""date"": ""05-26"", ""open"": 86.8, ""close"": 85.4, ""low"": 83.8, ""high"": 88.1, ""volume"": 43795036}, {""date"": ""05-27"", ""open"": 89.7, ""close"": 93.9, ""low"": 86.0, ""high"": 93.9, ""volume"": 89928220}, {""date"": ""05-28"", ""open"": 98.8, ""close"": 103.0, ""low"": 98.5, ""high"": 103.0, ""volume"": 105367760}]"
2026-05-28,通信網路業,6792,詠業,72.0,72.0,3,3.45,11.63,,0.0,69.34,66.11,61.93,"[{""date"": ""04-30"", ""open"": 58.0, ""close"": 57.6, ""low"": 57.5, ""high"": 58.9, ""volume"": 36000}, {""date"": ""05-04"", ""open"": 57.6, ""close"": 57.4, ""low"": 57.1, ""high"": 57.9, ""volume"": 52000}, {""date"": ""05-05"", ""open"": 58.0, ""close"": 57.6, ""low"": 57.2, ""high"": 58.2, ""volume"": 59000}, {""date"": ""05-06"", ""open"": 58.0, ""close"": 57.9, ""low"": 56.9, ""high"": 58.0, ""volume"": 85044}, {""date"": ""05-07"", ""open"": 57.5, ""close"": 58.7, ""low"": 57.3, ""high"": 59.2, ""volume"": 71316}, {""date"": ""05-08"", ""open"": 58.7, ""close"": 56.8, ""low"": 56.6, ""high"": 58.7, ""volume"": 160000}, {""date"": ""05-11"", ""open"": 57.0, ""close"": 56.1, ""low"": 56.1, ""high"": 57.0, ""volume"": 62000}, {""date"": ""05-12"", ""open"": 61.7, ""close"": 58.5, ""low"": 57.8, ""high"": 61.7, ""volume"": 274002}, {""date"": ""05-13"", ""open"": 58.0, ""close"": 57.5, ""low"": 57.0, ""high"": 58.2, ""volume"": 71000}, {""date"": ""05-14"", ""open"": 58.0, ""close"": 59.5, ""low"": 57.9, ""high"": 59.9, ""volume"": 112001}, {""date"": ""05-15"", ""open"": 60.0, ""close"": 59.5, ""low"": 58.8, ""high"": 62.0, ""volume"": 138010}, {""date"": ""05-18"", ""open"": 59.5, ""close"": 63.5, ""low"": 58.9, ""high"": 64.8, ""volume"": 218065}, {""date"": ""05-19"", ""open"": 64.4, ""close"": 63.0, ""low"": 62.7, ""high"": 65.4, ""volume"": 201000}, {""date"": ""05-20"", ""open"": 62.6, ""close"": 63.9, ""low"": 62.6, ""high"": 65.5, ""volume"": 134000}, {""date"": ""05-21"", ""open"": 64.9, ""close"": 64.5, ""low"": 64.3, ""high"": 67.2, ""volume"": 212001}, {""date"": ""05-22"", ""open"": 65.0, ""close"": 68.5, ""low"": 64.8, ""high"": 70.3, ""volume"": 392100}, {""date"": ""05-25"", ""open"": 71.0, ""close"": 69.4, ""low"": 68.6, ""high"": 72.0, ""volume"": 248125}, {""date"": ""05-26"", ""open"": 69.9, ""close"": 67.2, ""low"": 66.6, ""high"": 69.9, ""volume"": 191150}, {""date"": ""05-27"", ""open"": 67.9, ""close"": 69.6, ""low"": 67.9, ""high"": 70.5, ""volume"": 240016}, {""date"": ""05-28"", ""open"": 69.6, ""close"": 72.0, ""low"": 69.6, ""high"": 76.5, ""volume"": 689252}]"
2026-05-28,金融保險,2855,統一證,44.85,44.95,1,-0.11,11.57,,0.22,42.91,41.39,40.61,"[{""date"": ""04-30"", ""open"": 35.5, ""close"": 35.6, ""low"": 34.85, ""high"": 36.05, ""volume"": 7563388}, {""date"": ""05-04"", ""open"": 35.85, ""close"": 37.55, ""low"": 35.65, ""high"": 37.6, ""volume"": 10888379}, {""date"": ""05-05"", ""open"": 37.6, ""close"": 39.1, ""low"": 37.6, ""high"": 39.35, ""volume"": 12567914}, {""date"": ""05-06"", ""open"": 39.55, ""close"": 39.0, ""low"": 38.75, ""high"": 40.2, ""volume"": 12342923}, {""date"": ""05-07"", ""open"": 39.55, ""close"": 39.7, ""low"": 39.15, ""high"": 40.4, ""volume"": 10104674}, {""date"": ""05-08"", ""open"": 40.35, ""close"": 40.0, ""low"": 39.05, ""high"": 40.55, ""volume"": 11804741}, {""date"": ""05-11"", ""open"": 40.7, ""close"": 43.7, ""low"": 40.7, ""high"": 44.0, ""volume"": 20843324}, {""date"": ""05-12"", ""open"": 43.7, ""close"": 41.8, ""low"": 41.65, ""high"": 43.8, ""volume"": 17453531}, {""date"": ""05-13"", ""open"": 41.8, ""close"": 41.65, ""low"": 41.1, ""high"": 42.2, ""volume"": 5293265}, {""date"": ""05-14"", ""open"": 41.95, ""close"": 40.15, ""low"": 40.0, ""high"": 42.4, ""volume"": 11538138}, {""date"": ""05-15"", ""open"": 40.5, ""close"": 40.8, ""low"": 40.35, ""high"": 41.85, ""volume"": 8673074}, {""date"": ""05-18"", ""open"": 40.55, ""close"": 39.8, ""low"": 39.2, ""high"": 40.55, ""volume"": 8105397}, {""date"": ""05-19"", ""open"": 39.65, ""close"": 39.35, ""low"": 39.3, ""high"": 40.3, ""volume"": 4867940}, {""date"": ""05-20"", ""open"": 39.25, ""close"": 39.2, ""low"": 39.05, ""high"": 40.1, ""volume"": 3311392}, {""date"": ""05-21"", ""open"": 39.95, ""close"": 40.2, ""low"": 39.65, ""high"": 40.25, ""volume"": 6260302}, {""date"": ""05-22"", ""open"": 40.35, ""close"": 40.75, ""low"": 40.05, ""high"": 40.8, ""volume"": 5483736}, {""date"": ""05-25"", ""open"": 41.25, ""close"": 42.05, ""low"": 41.0, ""high"": 42.25, ""volume"": 7106457}, {""date"": ""05-26"", ""open"": 42.2, ""close"": 42.0, ""low"": 41.4, ""high"": 42.65, ""volume"": 7426247}, {""date"": ""05-27"", ""open"": 42.55, ""close"": 44.9, ""low"": 42.55, ""high"": 44.95, ""volume"": 16172544}, {""date"": ""05-28"", ""open"": 46.4, ""close"": 44.85, ""low"": 44.4, ""high"": 46.8, ""volume"": 11184928}]"
2026-05-28,其他電子業,2423,固緯,86.0,86.5,1,4.12,14.97,,0.58,80.06,77.24,70.72,"[{""date"": ""04-30"", ""open"": 59.5, ""close"": 57.5, ""low"": 57.2, ""high"": 59.5, ""volume"": 293046}, {""date"": ""05-04"", ""open"": 58.4, ""close"": 61.9, ""low"": 58.1, ""high"": 63.2, ""volume"": 664164}, {""date"": ""05-05"", ""open"": 61.9, ""close"": 66.5, ""low"": 61.3, ""high"": 66.8, ""volume"": 580300}, {""date"": ""05-06"", ""open"": 69.8, ""close"": 64.0, ""low"": 63.3, ""high"": 69.9, ""volume"": 628752}, {""date"": ""05-07"", ""open"": 64.0, ""close"": 64.5, ""low"": 63.1, ""high"": 64.7, ""volume"": 235510}, {""date"": ""05-08"", ""open"": 66.5, ""close"": 65.7, ""low"": 64.6, ""high"": 68.0, ""volume"": 369558}, {""date"": ""05-11"", ""open"": 64.4, ""close"": 60.9, ""low"": 60.5, ""high"": 64.4, ""volume"": 554132}, {""date"": ""05-12"", ""open"": 60.9, ""close"": 60.8, ""low"": 59.1, ""high"": 62.1, ""volume"": 193030}, {""date"": ""05-13"", ""open"": 64.0, ""close"": 66.8, ""low"": 63.0, ""high"": 66.8, ""volume"": 647007}, {""date"": ""05-14"", ""open"": 68.5, ""close"": 73.4, ""low"": 68.5, ""high"": 73.4, ""volume"": 793796}, {""date"": ""05-15"", ""open"": 75.4, ""close"": 73.2, ""low"": 71.9, ""high"": 78.8, ""volume"": 1506757}, {""date"": ""05-18"", ""open"": 73.0, ""close"": 77.8, ""low"": 73.0, ""high"": 77.9, ""volume"": 842579}, {""date"": ""05-19"", ""open"": 80.1, ""close"": 73.6, ""low"": 73.6, ""high"": 80.5, ""volume"": 784611}, {""date"": ""05-20"", ""open"": 73.5, ""close"": 72.7, ""low"": 72.2, ""high"": 74.4, ""volume"": 370199}, {""date"": ""05-21"", ""open"": 75.9, ""close"": 74.8, ""low"": 73.8, ""high"": 76.2, ""volume"": 257168}, {""date"": ""05-22"", ""open"": 76.2, ""close"": 74.7, ""low"": 73.0, ""high"": 76.2, ""volume"": 339001}, {""date"": ""05-25"", ""open"": 75.1, ""close"": 76.0, ""low"": 75.0, ""high"": 77.0, ""volume"": 347019}, {""date"": ""05-26"", ""open"": 76.0, ""close"": 81.0, ""low"": 76.0, ""high"": 81.0, ""volume"": 573312}, {""date"": ""05-27"", ""open"": 82.1, ""close"": 82.6, ""low"": 80.3, ""high"": 86.5, ""volume"": 681500}, {""date"": ""05-28"", ""open"": 82.1, ""close"": 86.0, ""low"": 82.1, ""high"": 87.9, ""volume"": 494134}]"
2026-05-28,電腦及週邊設備業,3652,精聯,34.25,34.45,2,4.42,13.22,,0.58,32.63,31.14,30.68,"[{""date"": ""04-30"", ""open"": 32.4, ""close"": 30.5, ""low"": 30.3, ""high"": 32.5, ""volume"": 277387}, {""date"": ""05-04"", ""open"": 30.55, ""close"": 30.25, ""low"": 30.05, ""high"": 31.0, ""volume"": 147005}, {""date"": ""05-05"", ""open"": 30.0, ""close"": 30.25, ""low"": 29.2, ""high"": 30.5, ""volume"": 104005}, {""date"": ""05-06"", ""open"": 30.45, ""close"": 29.8, ""low"": 29.5, ""high"": 30.45, ""volume"": 129620}, {""date"": ""05-07"", ""open"": 29.85, ""close"": 29.95, ""low"": 29.8, ""high"": 30.35, ""volume"": 109019}, {""date"": ""05-08"", ""open"": 29.9, ""close"": 29.5, ""low"": 29.5, ""high"": 30.15, ""volume"": 167663}, {""date"": ""05-11"", ""open"": 31.0, ""close"": 30.9, ""low"": 30.75, ""high"": 32.0, ""volume"": 294000}, {""date"": ""05-12"", ""open"": 31.6, ""close"": 30.7, ""low"": 30.4, ""high"": 31.65, ""volume"": 82000}, {""date"": ""05-13"", ""open"": 30.7, ""close"": 30.0, ""low"": 29.65, ""high"": 30.7, ""volume"": 84000}, {""date"": ""05-14"", ""open"": 30.45, ""close"": 30.2, ""low"": 30.0, ""high"": 30.45, ""volume"": 66001}, {""date"": ""05-15"", ""open"": 30.2, ""close"": 29.75, ""low"": 29.55, ""high"": 30.2, ""volume"": 65688}, {""date"": ""05-18"", ""open"": 29.05, ""close"": 29.6, ""low"": 29.05, ""high"": 29.6, ""volume"": 88000}, {""date"": ""05-19"", ""open"": 29.6, ""close"": 29.4, ""low"": 29.35, ""high"": 29.6, ""volume"": 28009}, {""date"": ""05-20"", ""open"": 29.4, ""close"": 29.3, ""low"": 29.1, ""high"": 29.4, ""volume"": 42000}, {""date"": ""05-21"", ""open"": 29.75, ""close"": 30.25, ""low"": 29.5, ""high"": 30.4, ""volume"": 139012}, {""date"": ""05-22"", ""open"": 30.0, ""close"": 31.35, ""low"": 30.0, ""high"": 31.8, ""volume"": 154000}, {""date"": ""05-25"", ""open"": 31.7, ""close"": 31.95, ""low"": 31.7, ""high"": 32.7, ""volume"": 298000}, {""date"": ""05-26"", ""open"": 34.45, ""close"": 32.8, ""low"": 32.5, ""high"": 34.45, ""volume"": 441073}, {""date"": ""05-27"", ""open"": 33.15, ""close"": 32.8, ""low"": 32.55, ""high"": 33.65, ""volume"": 390715}, {""date"": ""05-28"", ""open"": 33.65, ""close"": 34.25, ""low"": 33.65, ""high"": 35.4, ""volume"": 805001}]"
2026-05-28,電子零組件業,6449,鈺邦,380.0,382.5,1,2.7,28.81,,0.65,345.5,306.95,246.92,"[{""date"": ""04-30"", ""open"": 164.5, ""close"": 161.5, ""low"": 161.0, ""high"": 165.5, ""volume"": 285104}, {""date"": ""05-04"", ""open"": 162.0, ""close"": 166.0, ""low"": 161.5, ""high"": 169.0, ""volume"": 684029}, {""date"": ""05-05"", ""open"": 167.0, ""close"": 172.0, ""low"": 166.5, ""high"": 173.5, ""volume"": 828330}, {""date"": ""05-06"", ""open"": 176.5, ""close"": 171.0, ""low"": 167.0, ""high"": 176.5, ""volume"": 765074}, {""date"": ""05-07"", ""open"": 177.0, ""close"": 179.0, ""low"": 175.0, ""high"": 186.5, ""volume"": 2591301}, {""date"": ""05-08"", ""open"": 179.0, ""close"": 183.0, ""low"": 178.0, ""high"": 193.0, ""volume"": 2769493}, {""date"": ""05-11"", ""open"": 186.0, ""close"": 180.5, ""low"": 176.5, ""high"": 186.0, ""volume"": 1314376}, {""date"": ""05-12"", ""open"": 182.0, ""close"": 198.5, ""low"": 177.5, ""high"": 198.5, ""volume"": 3836031}, {""date"": ""05-13"", ""open"": 198.5, ""close"": 218.0, ""low"": 190.0, ""high"": 218.0, ""volume"": 5154385}, {""date"": ""05-14"", ""open"": 239.5, ""close"": 239.5, ""low"": 228.5, ""high"": 239.5, ""volume"": 4227042}, {""date"": ""05-15"", ""open"": 255.0, ""close"": 263.0, ""low"": 253.0, ""high"": 263.0, ""volume"": 5701124}, {""date"": ""05-18"", ""open"": 263.0, ""close"": 271.0, ""low"": 254.0, ""high"": 280.0, ""volume"": 10245366}, {""date"": ""05-19"", ""open"": 259.0, ""close"": 244.5, ""low"": 244.0, ""high"": 270.0, ""volume"": 2016724}, {""date"": ""05-20"", ""open"": 250.0, ""close"": 268.5, ""low"": 247.0, ""high"": 268.5, ""volume"": 1492975}, {""date"": ""05-21"", ""open"": 289.0, ""close"": 295.0, ""low"": 289.0, ""high"": 295.0, ""volume"": 1919109}, {""date"": ""05-22"", ""open"": 295.0, ""close"": 305.5, ""low"": 286.5, ""high"": 316.5, ""volume"": 1135927}, {""date"": ""05-25"", ""open"": 300.0, ""close"": 320.0, ""low"": 300.0, ""high"": 333.5, ""volume"": 581519}, {""date"": ""05-26"", ""open"": 312.0, ""close"": 352.0, ""low"": 290.5, ""high"": 352.0, ""volume"": 1028325}, {""date"": ""05-27"", ""open"": 382.5, ""close"": 370.0, ""low"": 355.0, ""high"": 382.5, ""volume"": 447438}, {""date"": ""05-28"", ""open"": 383.5, ""close"": 380.0, ""low"": 380.0, ""high"": 394.0, ""volume"": 308562}]"
2026-05-28,金融保險,2891,中信金,59.8,60.2,1,1.01,4.0,,0.66,58.3,57.18,55.81,"[{""date"": ""04-30"", ""open"": 52.7, ""close"": 52.3, ""low"": 52.3, ""high"": 53.1, ""volume"": 51698999}, {""date"": ""05-04"", ""open"": 53.0, ""close"": 52.9, ""low"": 52.6, ""high"": 53.3, ""volume"": 38554793}, {""date"": ""05-05"", ""open"": 53.3, ""close"": 53.5, ""low"": 52.8, ""high"": 54.4, ""volume"": 55990921}, {""date"": ""05-06"", ""open"": 54.4, ""close"": 54.7, ""low"": 54.2, ""high"": 55.2, ""volume"": 67711919}, {""date"": ""05-07"", ""open"": 55.0, ""close"": 56.2, ""low"": 54.9, ""high"": 56.5, ""volume"": 77016693}, {""date"": ""05-08"", ""open"": 57.0, ""close"": 56.4, ""low"": 55.6, ""high"": 57.0, ""volume"": 56250832}, {""date"": ""05-11"", ""open"": 56.0, ""close"": 55.3, ""low"": 54.7, ""high"": 56.0, ""volume"": 50072290}, {""date"": ""05-12"", ""open"": 54.9, ""close"": 53.5, ""low"": 53.5, ""high"": 54.9, ""volume"": 88472655}, {""date"": ""05-13"", ""open"": 53.5, ""close"": 54.9, ""low"": 53.5, ""high"": 55.3, ""volume"": 56436333}, {""date"": ""05-14"", ""open"": 54.4, ""close"": 54.8, ""low"": 54.4, ""high"": 55.9, ""volume"": 39054749}, {""date"": ""05-15"", ""open"": 55.1, ""close"": 54.8, ""low"": 54.7, ""high"": 55.6, ""volume"": 35873829}, {""date"": ""05-18"", ""open"": 55.0, ""close"": 54.8, ""low"": 54.4, ""high"": 55.4, ""volume"": 30196201}, {""date"": ""05-19"", ""open"": 55.3, ""close"": 55.4, ""low"": 54.9, ""high"": 56.6, ""volume"": 58564407}, {""date"": ""05-20"", ""open"": 56.4, ""close"": 57.8, ""low"": 55.6, ""high"": 58.0, ""volume"": 114160798}, {""date"": ""05-21"", ""open"": 57.9, ""close"": 57.5, ""low"": 57.2, ""high"": 58.6, ""volume"": 69562042}, {""date"": ""05-22"", ""open"": 57.5, ""close"": 57.6, ""low"": 57.2, ""high"": 58.2, ""volume"": 36723053}, {""date"": ""05-25"", ""open"": 58.2, ""close"": 57.3, ""low"": 57.0, ""high"": 58.2, ""volume"": 45882447}, {""date"": ""05-26"", ""open"": 57.3, ""close"": 57.6, ""low"": 57.3, ""high"": 58.7, ""volume"": 51624736}, {""date"": ""05-27"", ""open"": 58.5, ""close"": 59.2, ""low"": 57.6, ""high"": 60.2, ""volume"": 64861960}, {""date"": ""05-28"", ""open"": 58.6, ""close"": 59.8, ""low"": 58.6, ""high"": 60.8, ""volume"": 43251421}]"
2026-05-28,電機機械,4555,氣立,56.9,57.3,2,5.96,22.1,,0.7,53.94,48.39,45.13,"[{""date"": ""04-30"", ""open"": 40.95, ""close"": 40.35, ""low"": 40.25, ""high"": 42.85, ""volume"": 738106}, {""date"": ""05-04"", ""open"": 41.15, ""close"": 41.9, ""low"": 40.5, ""high"": 43.0, ""volume"": 439067}, {""date"": ""05-05"", ""open"": 42.8, ""close"": 42.2, ""low"": 41.0, ""high"": 42.8, ""volume"": 272000}, {""date"": ""05-06"", ""open"": 42.45, ""close"": 42.4, ""low"": 41.5, ""high"": 45.5, ""volume"": 1931000}, {""date"": ""05-07"", ""open"": 43.85, ""close"": 42.0, ""low"": 41.65, ""high"": 44.2, ""volume"": 387059}, {""date"": ""05-08"", ""open"": 42.1, ""close"": 42.65, ""low"": 41.4, ""high"": 43.1, ""volume"": 365000}, {""date"": ""05-11"", ""open"": 43.2, ""close"": 42.65, ""low"": 41.6, ""high"": 43.2, ""volume"": 198599}, {""date"": ""05-12"", ""open"": 42.65, ""close"": 42.5, ""low"": 41.85, ""high"": 42.65, ""volume"": 236010}, {""date"": ""05-13"", ""open"": 42.75, ""close"": 41.4, ""low"": 41.1, ""high"": 42.75, ""volume"": 167350}, {""date"": ""05-14"", ""open"": 41.4, ""close"": 40.55, ""low"": 40.5, ""high"": 42.4, ""volume"": 421800}, {""date"": ""05-15"", ""open"": 41.0, ""close"": 41.8, ""low"": 40.9, ""high"": 44.6, ""volume"": 1846300}, {""date"": ""05-18"", ""open"": 41.8, ""close"": 41.85, ""low"": 41.15, ""high"": 42.45, ""volume"": 394000}, {""date"": ""05-19"", ""open"": 42.0, ""close"": 41.55, ""low"": 41.05, ""high"": 42.05, ""volume"": 220200}, {""date"": ""05-20"", ""open"": 41.55, ""close"": 42.4, ""low"": 40.5, ""high"": 42.5, ""volume"": 232010}, {""date"": ""05-21"", ""open"": 43.4, ""close"": 46.6, ""low"": 42.8, ""high"": 46.6, ""volume"": 2236085}, {""date"": ""05-22"", ""open"": 46.95, ""close"": 49.7, ""low"": 46.45, ""high"": 51.0, ""volume"": 4856502}, {""date"": ""05-25"", ""open"": 50.2, ""close"": 53.2, ""low"": 50.1, ""high"": 54.3, ""volume"": 3402650}, {""date"": ""05-26"", ""open"": 53.2, ""close"": 56.2, ""low"": 50.2, ""high"": 57.3, ""volume"": 5563234}, {""date"": ""05-27"", ""open"": 56.2, ""close"": 53.7, ""low"": 53.0, ""high"": 56.6, ""volume"": 1659261}, {""date"": ""05-28"", ""open"": 53.9, ""close"": 56.9, ""low"": 53.9, ""high"": 59.0, ""volume"": 3520198}]"
2026-05-28,電子零組件業,2420,新巨,64.4,64.9,2,3.04,3.04,,0.77,63.4,61.39,58.66,"[{""date"": ""04-30"", ""open"": 54.3, ""close"": 54.7, ""low"": 54.3, ""high"": 55.3, ""volume"": 179931}, {""date"": ""05-04"", ""open"": 55.2, ""close"": 55.4, ""low"": 55.1, ""high"": 56.0, ""volume"": 322518}, {""date"": ""05-05"", ""open"": 55.6, ""close"": 55.4, ""low"": 55.1, ""high"": 55.6, ""volume"": 171003}, {""date"": ""05-06"", ""open"": 55.7, ""close"": 55.0, ""low"": 54.8, ""high"": 56.0, ""volume"": 258469}, {""date"": ""05-07"", ""open"": 55.5, ""close"": 55.5, ""low"": 55.0, ""high"": 56.7, ""volume"": 555141}, {""date"": ""05-08"", ""open"": 55.0, ""close"": 55.5, ""low"": 55.0, ""high"": 56.0, ""volume"": 684202}, {""date"": ""05-11"", ""open"": 55.5, ""close"": 56.5, ""low"": 55.3, ""high"": 56.8, ""volume"": 826013}, {""date"": ""05-12"", ""open"": 57.0, ""close"": 58.0, ""low"": 56.1, ""high"": 58.0, ""volume"": 792121}, {""date"": ""05-13"", ""open"": 57.0, ""close"": 56.3, ""low"": 55.5, ""high"": 57.0, ""volume"": 826008}, {""date"": ""05-14"", ""open"": 56.3, ""close"": 56.9, ""low"": 56.3, ""high"": 57.9, ""volume"": 610280}, {""date"": ""05-15"", ""open"": 57.0, ""close"": 56.7, ""low"": 55.9, ""high"": 57.5, ""volume"": 559150}, {""date"": ""05-18"", ""open"": 56.7, ""close"": 59.5, ""low"": 56.4, ""high"": 59.7, ""volume"": 1103078}, {""date"": ""05-19"", ""open"": 59.5, ""close"": 59.3, ""low"": 58.4, ""high"": 59.9, ""volume"": 823230}, {""date"": ""05-20"", ""open"": 59.1, ""close"": 58.9, ""low"": 58.7, ""high"": 59.3, ""volume"": 1046006}, {""date"": ""05-21"", ""open"": 59.9, ""close"": 62.5, ""low"": 58.9, ""high"": 63.4, ""volume"": 2660650}, {""date"": ""05-22"", ""open"": 62.6, ""close"": 62.7, ""low"": 62.1, ""high"": 63.2, ""volume"": 1105993}, {""date"": ""05-25"", ""open"": 62.7, ""close"": 64.7, ""low"": 62.7, ""high"": 64.8, ""volume"": 1047601}, {""date"": ""05-26"", ""open"": 64.9, ""close"": 62.7, ""low"": 62.3, ""high"": 64.9, ""volume"": 978015}, {""date"": ""05-27"", ""open"": 63.0, ""close"": 62.5, ""low"": 62.3, ""high"": 64.2, ""volume"": 917131}, {""date"": ""05-28"", ""open"": 63.0, ""close"": 64.4, ""low"": 62.9, ""high"": 65.6, ""volume"": 1288798}]"
2026-05-28,航運業,2637,慧洋-KY,77.0,77.6,15,1.45,7.09,,0.77,74.8,73.41,73.83,"[{""date"": ""04-30"", ""open"": 71.3, ""close"": 71.7, ""low"": 71.1, ""high"": 72.0, ""volume"": 1244254}, {""date"": ""05-04"", ""open"": 72.0, ""close"": 73.1, ""low"": 71.7, ""high"": 73.6, ""volume"": 2084471}, {""date"": ""05-05"", ""open"": 73.4, ""close"": 74.0, ""low"": 72.2, ""high"": 74.6, ""volume"": 2106279}, {""date"": ""05-06"", ""open"": 75.9, ""close"": 76.0, ""low"": 75.3, ""high"": 77.3, ""volume"": 4929212}, {""date"": ""05-07"", ""open"": 77.0, ""close"": 76.8, ""low"": 76.0, ""high"": 77.6, ""volume"": 4440619}, {""date"": ""05-08"", ""open"": 77.0, ""close"": 74.6, ""low"": 74.2, ""high"": 77.4, ""volume"": 2578322}, {""date"": ""05-11"", ""open"": 75.0, ""close"": 74.5, ""low"": 73.3, ""high"": 75.6, ""volume"": 1574546}, {""date"": ""05-12"", ""open"": 74.5, ""close"": 73.0, ""low"": 72.6, ""high"": 74.5, ""volume"": 2289133}, {""date"": ""05-13"", ""open"": 73.5, ""close"": 73.9, ""low"": 72.6, ""high"": 74.7, ""volume"": 1767272}, {""date"": ""05-14"", ""open"": 74.7, ""close"": 74.9, ""low"": 74.2, ""high"": 75.8, ""volume"": 2220456}, {""date"": ""05-15"", ""open"": 75.0, ""close"": 72.8, ""low"": 72.0, ""high"": 75.3, ""volume"": 2385071}, {""date"": ""05-18"", ""open"": 72.0, ""close"": 72.8, ""low"": 71.1, ""high"": 72.9, ""volume"": 2088800}, {""date"": ""05-19"", ""open"": 72.8, ""close"": 70.8, ""low"": 70.4, ""high"": 73.2, ""volume"": 3161387}, {""date"": ""05-20"", ""open"": 70.8, ""close"": 71.8, ""low"": 70.8, ""high"": 72.4, ""volume"": 1665250}, {""date"": ""05-21"", ""open"": 72.3, ""close"": 71.9, ""low"": 71.0, ""high"": 72.4, ""volume"": 2236250}, {""date"": ""05-22"", ""open"": 72.0, ""close"": 71.2, ""low"": 70.7, ""high"": 72.2, ""volume"": 3230042}, {""date"": ""05-25"", ""open"": 72.0, ""close"": 75.1, ""low"": 71.2, ""high"": 75.5, ""volume"": 5408947}, {""date"": ""05-26"", ""open"": 74.9, ""close"": 74.8, ""low"": 74.2, ""high"": 75.6, ""volume"": 1961315}, {""date"": ""05-27"", ""open"": 74.9, ""close"": 75.9, ""low"": 73.5, ""high"": 76.9, ""volume"": 5484442}, {""date"": ""05-28"", ""open"": 76.4, ""close"": 77.0, ""low"": 76.0, ""high"": 78.4, ""volume"": 5142475}]"
2026-05-28,電子通路業,8070,長華*,50.9,51.3,1,1.19,15.29,,0.78,48.4,46.03,46.95,"[{""date"": ""04-30"", ""open"": 47.2, ""close"": 47.95, ""low"": 46.7, ""high"": 48.3, ""volume"": 2900160}, {""date"": ""05-04"", ""open"": 48.35, ""close"": 48.5, ""low"": 48.0, ""high"": 48.9, ""volume"": 3730925}, {""date"": ""05-05"", ""open"": 48.5, ""close"": 49.1, ""low"": 48.15, ""high"": 49.1, ""volume"": 2854500}, {""date"": ""05-06"", ""open"": 49.5, ""close"": 48.85, ""low"": 48.25, ""high"": 49.95, ""volume"": 3530120}, {""date"": ""05-07"", ""open"": 49.4, ""close"": 48.45, ""low"": 48.2, ""high"": 49.4, ""volume"": 5009626}, {""date"": ""05-08"", ""open"": 48.9, ""close"": 48.2, ""low"": 47.45, ""high"": 48.9, ""volume"": 2857259}, {""date"": ""05-11"", ""open"": 48.7, ""close"": 48.25, ""low"": 47.8, ""high"": 48.8, ""volume"": 2624461}, {""date"": ""05-12"", ""open"": 48.65, ""close"": 47.6, ""low"": 46.95, ""high"": 48.65, ""volume"": 2578721}, {""date"": ""05-13"", ""open"": 47.7, ""close"": 46.3, ""low"": 46.0, ""high"": 47.7, ""volume"": 2398066}, {""date"": ""05-14"", ""open"": 46.45, ""close"": 45.6, ""low"": 45.4, ""high"": 46.7, ""volume"": 2675565}, {""date"": ""05-15"", ""open"": 46.25, ""close"": 45.15, ""low"": 45.15, ""high"": 46.25, ""volume"": 2812212}, {""date"": ""05-18"", ""open"": 44.5, ""close"": 43.55, ""low"": 43.05, ""high"": 44.8, ""volume"": 4953172}, {""date"": ""05-19"", ""open"": 43.5, ""close"": 42.65, ""low"": 42.4, ""high"": 44.0, ""volume"": 3680131}, {""date"": ""05-20"", ""open"": 42.8, ""close"": 42.8, ""low"": 42.4, ""high"": 44.05, ""volume"": 3663820}, {""date"": ""05-21"", ""open"": 43.5, ""close"": 44.15, ""low"": 43.3, ""high"": 44.75, ""volume"": 2635933}, {""date"": ""05-22"", ""open"": 44.2, ""close"": 44.9, ""low"": 44.1, ""high"": 45.05, ""volume"": 2930179}, {""date"": ""05-25"", ""open"": 45.6, ""close"": 46.35, ""low"": 45.0, ""high"": 46.35, ""volume"": 3297543}, {""date"": ""05-26"", ""open"": 46.3, ""close"": 49.55, ""low"": 46.3, ""high"": 49.8, ""volume"": 11036569}, {""date"": ""05-27"", ""open"": 50.8, ""close"": 50.3, ""low"": 49.4, ""high"": 51.3, ""volume"": 11364232}, {""date"": ""05-28"", ""open"": 50.8, ""close"": 50.9, ""low"": 49.9, ""high"": 53.9, ""volume"": 9770855}]"
2026-05-28,電腦及週邊設備業,2305,全友,22.65,22.85,1,-0.88,27.97,,0.88,21.15,18.94,17.86,"[{""date"": ""04-30"", ""open"": 16.3, ""close"": 15.7, ""low"": 15.7, ""high"": 16.5, ""volume"": 2293195}, {""date"": ""05-04"", ""open"": 16.15, ""close"": 16.2, ""low"": 15.95, ""high"": 16.6, ""volume"": 2577806}, {""date"": ""05-05"", ""open"": 16.2, ""close"": 16.75, ""low"": 16.05, ""high"": 16.8, ""volume"": 1431453}, {""date"": ""05-06"", ""open"": 17.1, ""close"": 16.85, ""low"": 16.45, ""high"": 17.2, ""volume"": 2221353}, {""date"": ""05-07"", ""open"": 16.85, ""close"": 16.2, ""low"": 16.05, ""high"": 16.85, ""volume"": 2404580}, {""date"": ""05-08"", ""open"": 17.8, ""close"": 17.8, ""low"": 17.2, ""high"": 17.8, ""volume"": 9080111}, {""date"": ""05-11"", ""open"": 17.45, ""close"": 17.55, ""low"": 17.4, ""high"": 18.9, ""volume"": 11434561}, {""date"": ""05-12"", ""open"": 17.55, ""close"": 17.5, ""low"": 17.1, ""high"": 18.25, ""volume"": 5451035}, {""date"": ""05-13"", ""open"": 17.55, ""close"": 16.8, ""low"": 16.45, ""high"": 17.7, ""volume"": 3353297}, {""date"": ""05-14"", ""open"": 16.8, ""close"": 16.35, ""low"": 16.2, ""high"": 17.0, ""volume"": 1586520}, {""date"": ""05-15"", ""open"": 16.6, ""close"": 16.4, ""low"": 16.2, ""high"": 16.85, ""volume"": 1985473}, {""date"": ""05-18"", ""open"": 16.15, ""close"": 16.6, ""low"": 15.7, ""high"": 16.95, ""volume"": 2322795}, {""date"": ""05-19"", ""open"": 16.7, ""close"": 16.4, ""low"": 16.35, ""high"": 17.35, ""volume"": 1641589}, {""date"": ""05-20"", ""open"": 16.4, ""close"": 16.6, ""low"": 16.1, ""high"": 16.9, ""volume"": 1360000}, {""date"": ""05-21"", ""open"": 16.95, ""close"": 17.7, ""low"": 16.8, ""high"": 18.25, ""volume"": 9567961}, {""date"": ""05-22"", ""open"": 18.3, ""close"": 18.8, ""low"": 17.85, ""high"": 19.1, ""volume"": 8968550}, {""date"": ""05-25"", ""open"": 20.65, ""close"": 20.65, ""low"": 20.6, ""high"": 20.65, ""volume"": 2647120}, {""date"": ""05-26"", ""open"": 22.1, ""close"": 20.8, ""low"": 18.95, ""high"": 22.7, ""volume"": 14347810}, {""date"": ""05-27"", ""open"": 21.8, ""close"": 22.85, ""low"": 21.4, ""high"": 22.85, ""volume"": 5932100}, {""date"": ""05-28"", ""open"": 24.95, ""close"": 22.65, ""low"": 22.55, ""high"": 25.0, ""volume"": 15124101}]"
2026-05-28,綠能環保,7610,聯友金屬-創,1295.0,1310.0,4,5.28,5.28,,1.15,1257.0,1163.3,962.95,"[{""date"": ""04-30"", ""open"": 643.0, ""close"": 640.0, ""low"": 640.0, ""high"": 658.0, ""volume"": 276100}, {""date"": ""05-04"", ""open"": 675.0, ""close"": 663.0, ""low"": 652.0, ""high"": 675.0, ""volume"": 275164}, {""date"": ""05-05"", ""open"": 673.0, ""close"": 729.0, ""low"": 645.0, ""high"": 729.0, ""volume"": 1129436}, {""date"": ""05-06"", ""open"": 730.0, ""close"": 690.0, ""low"": 657.0, ""high"": 755.0, ""volume"": 1899341}, {""date"": ""05-07"", ""open"": 681.0, ""close"": 759.0, ""low"": 677.0, ""high"": 759.0, ""volume"": 1015618}, {""date"": ""05-08"", ""open"": 762.0, ""close"": 792.0, ""low"": 750.0, ""high"": 825.0, ""volume"": 1107420}, {""date"": ""05-11"", ""open"": 786.0, ""close"": 830.0, ""low"": 760.0, ""high"": 835.0, ""volume"": 741738}, {""date"": ""05-12"", ""open"": 869.0, ""close"": 795.0, ""low"": 782.0, ""high"": 869.0, ""volume"": 1265651}, {""date"": ""05-13"", ""open"": 800.0, ""close"": 858.0, ""low"": 773.0, ""high"": 859.0, ""volume"": 918541}, {""date"": ""05-14"", ""open"": 870.0, ""close"": 870.0, ""low"": 861.0, ""high"": 918.0, ""volume"": 855870}, {""date"": ""05-15"", ""open"": 957.0, ""close"": 948.0, ""low"": 927.0, ""high"": 957.0, ""volume"": 2067430}, {""date"": ""05-18"", ""open"": 953.0, ""close"": 1030.0, ""low"": 926.0, ""high"": 1040.0, ""volume"": 1165282}, {""date"": ""05-19"", ""open"": 1035.0, ""close"": 1020.0, ""low"": 981.0, ""high"": 1040.0, ""volume"": 823204}, {""date"": ""05-20"", ""open"": 1020.0, ""close"": 1120.0, ""low"": 1005.0, ""high"": 1120.0, ""volume"": 741451}, {""date"": ""05-21"", ""open"": 1170.0, ""close"": 1230.0, ""low"": 1155.0, ""high"": 1230.0, ""volume"": 921454}, {""date"": ""05-22"", ""open"": 1270.0, ""close"": 1250.0, ""low"": 1215.0, ""high"": 1310.0, ""volume"": 1768001}, {""date"": ""05-25"", ""open"": 1210.0, ""close"": 1250.0, ""low"": 1185.0, ""high"": 1295.0, ""volume"": 157263}, {""date"": ""05-26"", ""open"": 1300.0, ""close"": 1260.0, ""low"": 1240.0, ""high"": 1300.0, ""volume"": 138314}, {""date"": ""05-27"", ""open"": 1280.0, ""close"": 1230.0, ""low"": 1220.0, ""high"": 1290.0, ""volume"": 201587}, {""date"": ""05-28"", ""open"": 1225.0, ""close"": 1295.0, ""low"": 1225.0, ""high"": 1345.0, ""volume"": 248335}]"
2026-05-28,貿易百貨,2908,特力,21.35,21.6,1,0.0,1.43,,1.16,21.27,21.09,20.91,"[{""date"": ""04-30"", ""open"": 20.8, ""close"": 20.65, ""low"": 20.6, ""high"": 20.8, ""volume"": 169828}, {""date"": ""05-04"", ""open"": 20.65, ""close"": 20.5, ""low"": 20.45, ""high"": 20.65, ""volume"": 296748}, {""date"": ""05-05"", ""open"": 20.65, ""close"": 20.6, ""low"": 20.45, ""high"": 20.65, ""volume"": 164033}, {""date"": ""05-06"", ""open"": 20.9, ""close"": 20.7, ""low"": 20.6, ""high"": 20.9, ""volume"": 214005}, {""date"": ""05-07"", ""open"": 20.8, ""close"": 20.8, ""low"": 20.6, ""high"": 20.8, ""volume"": 245163}, {""date"": ""05-08"", ""open"": 20.95, ""close"": 20.9, ""low"": 20.7, ""high"": 20.95, ""volume"": 284024}, {""date"": ""05-11"", ""open"": 20.95, ""close"": 20.95, ""low"": 20.75, ""high"": 20.95, ""volume"": 308999}, {""date"": ""05-12"", ""open"": 20.95, ""close"": 20.7, ""low"": 20.55, ""high"": 20.95, ""volume"": 309704}, {""date"": ""05-13"", ""open"": 20.5, ""close"": 20.7, ""low"": 20.45, ""high"": 20.7, ""volume"": 162277}, {""date"": ""05-14"", ""open"": 20.7, ""close"": 20.75, ""low"": 20.6, ""high"": 20.8, ""volume"": 333469}, {""date"": ""05-15"", ""open"": 20.75, ""close"": 20.8, ""low"": 20.7, ""high"": 20.85, ""volume"": 194350}, {""date"": ""05-18"", ""open"": 20.8, ""close"": 20.9, ""low"": 20.65, ""high"": 20.9, ""volume"": 256376}, {""date"": ""05-19"", ""open"": 20.9, ""close"": 20.9, ""low"": 20.8, ""high"": 20.95, ""volume"": 177698}, {""date"": ""05-20"", ""open"": 20.9, ""close"": 20.95, ""low"": 20.7, ""high"": 20.95, ""volume"": 260001}, {""date"": ""05-21"", ""open"": 20.95, ""close"": 21.05, ""low"": 20.9, ""high"": 21.05, ""volume"": 346015}, {""date"": ""05-22"", ""open"": 21.0, ""close"": 21.15, ""low"": 20.85, ""high"": 21.15, ""volume"": 381963}, {""date"": ""05-25"", ""open"": 21.15, ""close"": 21.15, ""low"": 20.9, ""high"": 21.15, ""volume"": 404746}, {""date"": ""05-26"", ""open"": 21.1, ""close"": 21.35, ""low"": 21.0, ""high"": 21.35, ""volume"": 465307}, {""date"": ""05-27"", ""open"": 21.3, ""close"": 21.35, ""low"": 21.1, ""high"": 21.6, ""volume"": 735176}, {""date"": ""05-28"", ""open"": 21.3, ""close"": 21.35, ""low"": 21.15, ""high"": 21.45, ""volume"": 235479}]"
2026-05-28,電子零組件業,6155,鈞寶,64.5,65.3,4,9.88,8.59,,1.23,61.0,57.25,53.52,"[{""date"": ""04-30"", ""open"": 47.85, ""close"": 46.05, ""low"": 45.8, ""high"": 48.5, ""volume"": 1452047}, {""date"": ""05-04"", ""open"": 46.6, ""close"": 46.8, ""low"": 46.5, ""high"": 48.5, ""volume"": 937499}, {""date"": ""05-05"", ""open"": 46.9, ""close"": 48.3, ""low"": 46.9, ""high"": 49.3, ""volume"": 1448215}, {""date"": ""05-06"", ""open"": 49.15, ""close"": 46.35, ""low"": 45.6, ""high"": 50.3, ""volume"": 2245245}, {""date"": ""05-07"", ""open"": 48.3, ""close"": 50.9, ""low"": 47.75, ""high"": 50.9, ""volume"": 3781121}, {""date"": ""05-08"", ""open"": 51.4, ""close"": 53.2, ""low"": 50.5, ""high"": 55.9, ""volume"": 20269177}, {""date"": ""05-11"", ""open"": 53.5, ""close"": 51.2, ""low"": 49.65, ""high"": 53.5, ""volume"": 5465910}, {""date"": ""05-12"", ""open"": 51.5, ""close"": 51.8, ""low"": 50.6, ""high"": 53.4, ""volume"": 4456760}, {""date"": ""05-13"", ""open"": 50.2, ""close"": 52.0, ""low"": 49.65, ""high"": 53.2, ""volume"": 2948064}, {""date"": ""05-14"", ""open"": 54.5, ""close"": 51.2, ""low"": 51.1, ""high"": 56.4, ""volume"": 7628686}, {""date"": ""05-15"", ""open"": 51.6, ""close"": 49.3, ""low"": 48.85, ""high"": 55.2, ""volume"": 6623070}, {""date"": ""05-18"", ""open"": 49.3, ""close"": 52.0, ""low"": 49.1, ""high"": 53.4, ""volume"": 4781361}, {""date"": ""05-19"", ""open"": 51.3, ""close"": 50.9, ""low"": 49.2, ""high"": 52.3, ""volume"": 2769511}, {""date"": ""05-20"", ""open"": 51.0, ""close"": 55.9, ""low"": 50.8, ""high"": 55.9, ""volume"": 8465790}, {""date"": ""05-21"", ""open"": 56.5, ""close"": 59.4, ""low"": 55.4, ""high"": 61.0, ""volume"": 28234353}, {""date"": ""05-22"", ""open"": 59.2, ""close"": 61.2, ""low"": 57.0, ""high"": 65.3, ""volume"": 22959341}, {""date"": ""05-25"", ""open"": 62.3, ""close"": 61.2, ""low"": 61.1, ""high"": 64.7, ""volume"": 10997108}, {""date"": ""05-26"", ""open"": 61.4, ""close"": 59.4, ""low"": 56.8, ""high"": 61.5, ""volume"": 6562558}, {""date"": ""05-27"", ""open"": 59.4, ""close"": 58.7, ""low"": 57.7, ""high"": 61.1, ""volume"": 6144064}, {""date"": ""05-28"", ""open"": 58.5, ""close"": 64.5, ""low"": 58.5, ""high"": 64.5, ""volume"": 11514140}]"
2026-05-28,金融保險,2816,旺旺保,32.0,32.4,1,0.16,3.39,,1.23,31.57,31.3,30.92,"[{""date"": ""04-30"", ""open"": 30.3, ""close"": 30.35, ""low"": 30.2, ""high"": 30.45, ""volume"": 128120}, {""date"": ""05-04"", ""open"": 30.25, ""close"": 30.1, ""low"": 30.1, ""high"": 30.6, ""volume"": 165421}, {""date"": ""05-05"", ""open"": 30.05, ""close"": 30.05, ""low"": 29.95, ""high"": 30.1, ""volume"": 138279}, {""date"": ""05-06"", ""open"": 30.0, ""close"": 30.0, ""low"": 29.95, ""high"": 30.4, ""volume"": 136724}, {""date"": ""05-07"", ""open"": 30.0, ""close"": 30.05, ""low"": 30.0, ""high"": 30.25, ""volume"": 128005}, {""date"": ""05-08"", ""open"": 30.4, ""close"": 30.4, ""low"": 30.25, ""high"": 30.5, ""volume"": 106150}, {""date"": ""05-11"", ""open"": 30.6, ""close"": 30.55, ""low"": 30.2, ""high"": 30.75, ""volume"": 147437}, {""date"": ""05-12"", ""open"": 30.75, ""close"": 31.1, ""low"": 30.55, ""high"": 31.3, ""volume"": 490876}, {""date"": ""05-13"", ""open"": 30.75, ""close"": 31.5, ""low"": 30.75, ""high"": 31.6, ""volume"": 436305}, {""date"": ""05-14"", ""open"": 31.9, ""close"": 31.25, ""low"": 31.2, ""high"": 32.3, ""volume"": 578065}, {""date"": ""05-15"", ""open"": 31.5, ""close"": 30.3, ""low"": 30.25, ""high"": 31.5, ""volume"": 381321}, {""date"": ""05-18"", ""open"": 30.6, ""close"": 31.25, ""low"": 30.6, ""high"": 31.55, ""volume"": 313432}, {""date"": ""05-19"", ""open"": 31.15, ""close"": 31.35, ""low"": 31.15, ""high"": 31.45, ""volume"": 134000}, {""date"": ""05-20"", ""open"": 30.95, ""close"": 31.3, ""low"": 30.95, ""high"": 31.4, ""volume"": 86614}, {""date"": ""05-21"", ""open"": 31.5, ""close"": 30.95, ""low"": 30.8, ""high"": 31.5, ""volume"": 188449}, {""date"": ""05-22"", ""open"": 30.95, ""close"": 31.0, ""low"": 30.8, ""high"": 31.2, ""volume"": 81098}, {""date"": ""05-25"", ""open"": 31.2, ""close"": 31.2, ""low"": 30.9, ""high"": 31.35, ""volume"": 254823}, {""date"": ""05-26"", ""open"": 31.25, ""close"": 31.7, ""low"": 31.25, ""high"": 31.8, ""volume"": 189326}, {""date"": ""05-27"", ""open"": 31.7, ""close"": 31.95, ""low"": 31.7, ""high"": 32.4, ""volume"": 302718}, {""date"": ""05-28"", ""open"": 32.3, ""close"": 32.0, ""low"": 32.0, ""high"": 32.55, ""volume"": 405301}]"
2026-05-28,半導體業,8162,微矽電子-創,75.0,76.0,1,5.63,35.62,,1.32,69.4,61.68,57.64,"[{""date"": ""04-30"", ""open"": 53.5, ""close"": 50.7, ""low"": 50.4, ""high"": 53.7, ""volume"": 1409210}, {""date"": ""05-04"", ""open"": 50.8, ""close"": 50.8, ""low"": 50.8, ""high"": 52.7, ""volume"": 677959}, {""date"": ""05-05"", ""open"": 50.2, ""close"": 52.0, ""low"": 49.8, ""high"": 52.8, ""volume"": 543207}, {""date"": ""05-06"", ""open"": 53.0, ""close"": 52.8, ""low"": 52.3, ""high"": 57.2, ""volume"": 1267002}, {""date"": ""05-07"", ""open"": 51.5, ""close"": 56.2, ""low"": 50.7, ""high"": 57.5, ""volume"": 1066050}, {""date"": ""05-08"", ""open"": 56.1, ""close"": 54.7, ""low"": 53.9, ""high"": 58.9, ""volume"": 891088}, {""date"": ""05-11"", ""open"": 56.7, ""close"": 55.0, ""low"": 54.8, ""high"": 57.0, ""volume"": 773100}, {""date"": ""05-12"", ""open"": 56.8, ""close"": 54.2, ""low"": 52.3, ""high"": 56.8, ""volume"": 765000}, {""date"": ""05-13"", ""open"": 53.5, ""close"": 53.3, ""low"": 52.6, ""high"": 53.8, ""volume"": 255300}, {""date"": ""05-14"", ""open"": 54.0, ""close"": 56.2, ""low"": 53.7, ""high"": 56.4, ""volume"": 823100}, {""date"": ""05-15"", ""open"": 56.4, ""close"": 53.7, ""low"": 53.5, ""high"": 56.4, ""volume"": 450125}, {""date"": ""05-18"", ""open"": 53.5, ""close"": 53.2, ""low"": 51.6, ""high"": 53.9, ""volume"": 352035}, {""date"": ""05-19"", ""open"": 53.2, ""close"": 53.5, ""low"": 52.3, ""high"": 55.4, ""volume"": 510019}, {""date"": ""05-20"", ""open"": 53.5, ""close"": 54.1, ""low"": 53.2, ""high"": 55.1, ""volume"": 376020}, {""date"": ""05-21"", ""open"": 54.5, ""close"": 55.3, ""low"": 54.3, ""high"": 56.4, ""volume"": 573002}, {""date"": ""05-22"", ""open"": 56.0, ""close"": 60.8, ""low"": 55.7, ""high"": 60.8, ""volume"": 812013}, {""date"": ""05-25"", ""open"": 66.8, ""close"": 66.8, ""low"": 66.8, ""high"": 66.8, ""volume"": 511721}, {""date"": ""05-26"", ""open"": 73.4, ""close"": 73.4, ""low"": 69.9, ""high"": 73.4, ""volume"": 2154097}, {""date"": ""05-27"", ""open"": 75.3, ""close"": 71.0, ""low"": 70.5, ""high"": 76.0, ""volume"": 1877622}, {""date"": ""05-28"", ""open"": 72.1, ""close"": 75.0, ""low"": 69.6, ""high"": 78.0, ""volume"": 1344938}]"
2026-05-28,電子通路業,2347,聯強,86.2,87.5,13,0.35,2.13,,1.49,84.96,83.96,83.71,"[{""date"": ""04-30"", ""open"": 82.3, ""close"": 82.5, ""low"": 82.1, ""high"": 83.3, ""volume"": 3788408}, {""date"": ""05-04"", ""open"": 82.8, ""close"": 81.7, ""low"": 81.3, ""high"": 83.5, ""volume"": 3109009}, {""date"": ""05-05"", ""open"": 82.8, ""close"": 82.2, ""low"": 81.5, ""high"": 82.8, ""volume"": 2110780}, {""date"": ""05-06"", ""open"": 83.5, ""close"": 84.5, ""low"": 82.5, ""high"": 85.5, ""volume"": 5205222}, {""date"": ""05-07"", ""open"": 84.1, ""close"": 83.9, ""low"": 83.0, ""high"": 84.6, ""volume"": 5005075}, {""date"": ""05-08"", ""open"": 84.2, ""close"": 82.2, ""low"": 82.2, ""high"": 84.9, ""volume"": 3615679}, {""date"": ""05-11"", ""open"": 83.8, ""close"": 86.4, ""low"": 83.3, ""high"": 87.5, ""volume"": 5470873}, {""date"": ""05-12"", ""open"": 87.5, ""close"": 84.9, ""low"": 84.9, ""high"": 87.5, ""volume"": 5439624}, {""date"": ""05-13"", ""open"": 84.6, ""close"": 83.1, ""low"": 82.6, ""high"": 84.8, ""volume"": 4255869}, {""date"": ""05-14"", ""open"": 82.6, ""close"": 83.3, ""low"": 82.4, ""high"": 84.6, ""volume"": 4256355}, {""date"": ""05-15"", ""open"": 84.0, ""close"": 82.4, ""low"": 82.4, ""high"": 84.3, ""volume"": 4297692}, {""date"": ""05-18"", ""open"": 82.4, ""close"": 81.8, ""low"": 81.6, ""high"": 84.1, ""volume"": 3500967}, {""date"": ""05-19"", ""open"": 82.6, ""close"": 82.5, ""low"": 82.4, ""high"": 83.9, ""volume"": 3503716}, {""date"": ""05-20"", ""open"": 83.4, ""close"": 83.7, ""low"": 83.0, ""high"": 86.0, ""volume"": 6496620}, {""date"": ""05-21"", ""open"": 84.6, ""close"": 84.4, ""low"": 84.4, ""high"": 86.0, ""volume"": 3848224}, {""date"": ""05-22"", ""open"": 84.0, ""close"": 84.1, ""low"": 83.5, ""high"": 84.7, ""volume"": 4778727}, {""date"": ""05-25"", ""open"": 84.7, ""close"": 84.2, ""low"": 83.8, ""high"": 85.0, ""volume"": 3817806}, {""date"": ""05-26"", ""open"": 84.5, ""close"": 84.4, ""low"": 84.2, ""high"": 85.1, ""volume"": 2830219}, {""date"": ""05-27"", ""open"": 85.0, ""close"": 85.9, ""low"": 84.3, ""high"": 86.7, ""volume"": 5031671}, {""date"": ""05-28"", ""open"": 86.4, ""close"": 86.2, ""low"": 85.9, ""high"": 88.2, ""volume"": 3861388}]"
2026-05-28,食品工業,1256,鮮活果汁-KY,196.5,199.5,167,2.34,4.52,,1.5,190.4,187.3,180.68,"[{""date"": ""04-30"", ""open"": 163.0, ""close"": 161.5, ""low"": 161.5, ""high"": 165.0, ""volume"": 22115}, {""date"": ""05-04"", ""open"": 165.0, ""close"": 166.5, ""low"": 162.5, ""high"": 168.0, ""volume"": 88487}, {""date"": ""05-05"", ""open"": 166.0, ""close"": 165.0, ""low"": 164.5, ""high"": 167.0, ""volume"": 37298}, {""date"": ""05-06"", ""open"": 164.5, ""close"": 164.0, ""low"": 161.5, ""high"": 165.0, ""volume"": 54190}, {""date"": ""05-07"", ""open"": 166.5, ""close"": 168.0, ""low"": 165.0, ""high"": 168.0, ""volume"": 76217}, {""date"": ""05-08"", ""open"": 171.5, ""close"": 176.0, ""low"": 169.5, ""high"": 177.0, ""volume"": 219264}, {""date"": ""05-11"", ""open"": 176.0, ""close"": 177.0, ""low"": 174.5, ""high"": 181.5, ""volume"": 128000}, {""date"": ""05-12"", ""open"": 193.0, ""close"": 186.5, ""low"": 186.5, ""high"": 193.0, ""volume"": 313432}, {""date"": ""05-13"", ""open"": 199.0, ""close"": 191.0, ""low"": 187.5, ""high"": 199.0, ""volume"": 306100}, {""date"": ""05-14"", ""open"": 196.0, ""close"": 185.0, ""low"": 184.0, ""high"": 196.0, ""volume"": 215023}, {""date"": ""05-15"", ""open"": 182.5, ""close"": 179.5, ""low"": 179.0, ""high"": 184.5, ""volume"": 81337}, {""date"": ""05-18"", ""open"": 179.5, ""close"": 187.0, ""low"": 178.5, ""high"": 188.0, ""volume"": 191031}, {""date"": ""05-19"", ""open"": 187.5, ""close"": 183.5, ""low"": 183.0, ""high"": 189.5, ""volume"": 61542}, {""date"": ""05-20"", ""open"": 185.0, ""close"": 183.0, ""low"": 183.0, ""high"": 189.0, ""volume"": 104090}, {""date"": ""05-21"", ""open"": 184.5, ""close"": 188.0, ""low"": 181.0, ""high"": 190.0, ""volume"": 120020}, {""date"": ""05-22"", ""open"": 189.5, ""close"": 183.5, ""low"": 183.0, ""high"": 189.5, ""volume"": 85031}, {""date"": ""05-25"", ""open"": 183.5, ""close"": 184.0, ""low"": 180.0, ""high"": 184.0, ""volume"": 108412}, {""date"": ""05-26"", ""open"": 187.5, ""close"": 196.0, ""low"": 187.5, ""high"": 197.0, ""volume"": 191021}, {""date"": ""05-27"", ""open"": 196.0, ""close"": 192.0, ""low"": 190.0, ""high"": 196.0, ""volume"": 144400}, {""date"": ""05-28"", ""open"": 192.5, ""close"": 196.5, ""low"": 192.5, ""high"": 200.0, ""volume"": 203643}]"
2026-05-28,金融保險,2851,中再保,35.1,35.65,5,0.29,-1.27,,1.54,35.03,34.78,33.28,"[{""date"": ""04-30"", ""open"": 30.5, ""close"": 30.15, ""low"": 30.15, ""high"": 30.5, ""volume"": 1184050}, {""date"": ""05-04"", ""open"": 30.15, ""close"": 30.35, ""low"": 30.15, ""high"": 30.45, ""volume"": 1189033}, {""date"": ""05-05"", ""open"": 30.3, ""close"": 30.55, ""low"": 30.1, ""high"": 30.85, ""volume"": 2475203}, {""date"": ""05-06"", ""open"": 30.75, ""close"": 31.3, ""low"": 30.55, ""high"": 31.35, ""volume"": 2716257}, {""date"": ""05-07"", ""open"": 31.0, ""close"": 31.35, ""low"": 31.0, ""high"": 31.65, ""volume"": 2095331}, {""date"": ""05-08"", ""open"": 31.4, ""close"": 31.15, ""low"": 31.05, ""high"": 31.4, ""volume"": 1236155}, {""date"": ""05-11"", ""open"": 31.4, ""close"": 31.55, ""low"": 31.35, ""high"": 32.1, ""volume"": 3003025}, {""date"": ""05-12"", ""open"": 33.0, ""close"": 34.1, ""low"": 32.85, ""high"": 34.7, ""volume"": 10551768}, {""date"": ""05-13"", ""open"": 33.45, ""close"": 34.3, ""low"": 33.45, ""high"": 34.5, ""volume"": 3753526}, {""date"": ""05-14"", ""open"": 34.05, ""close"": 33.1, ""low"": 33.1, ""high"": 34.4, ""volume"": 2887658}, {""date"": ""05-15"", ""open"": 33.35, ""close"": 32.65, ""low"": 32.4, ""high"": 33.35, ""volume"": 2125295}, {""date"": ""05-18"", ""open"": 34.2, ""close"": 34.55, ""low"": 33.85, ""high"": 34.8, ""volume"": 6904593}, {""date"": ""05-19"", ""open"": 34.45, ""close"": 35.0, ""low"": 34.35, ""high"": 35.25, ""volume"": 3188300}, {""date"": ""05-20"", ""open"": 35.1, ""close"": 34.9, ""low"": 34.75, ""high"": 35.35, ""volume"": 2321961}, {""date"": ""05-21"", ""open"": 35.05, ""close"": 35.55, ""low"": 34.6, ""high"": 35.65, ""volume"": 3765183}, {""date"": ""05-22"", ""open"": 35.4, ""close"": 34.8, ""low"": 34.65, ""high"": 35.65, ""volume"": 3259938}, {""date"": ""05-25"", ""open"": 35.05, ""close"": 35.1, ""low"": 34.45, ""high"": 35.25, ""volume"": 2225196}, {""date"": ""05-26"", ""open"": 35.0, ""close"": 35.15, ""low"": 34.7, ""high"": 35.2, ""volume"": 1476018}, {""date"": ""05-27"", ""open"": 35.2, ""close"": 35.0, ""low"": 34.8, ""high"": 35.35, ""volume"": 3284628}, {""date"": ""05-28"", ""open"": 35.0, ""close"": 35.1, ""low"": 34.75, ""high"": 35.45, ""volume"": 2003142}]"
2026-05-28,半導體業,5471,松翰,54.9,55.8,1,-1.61,4.57,,1.61,53.98,52.35,49.53,"[{""date"": ""04-30"", ""open"": 42.9, ""close"": 42.0, ""low"": 41.85, ""high"": 43.0, ""volume"": 660080}, {""date"": ""05-04"", ""open"": 42.1, ""close"": 43.45, ""low"": 42.1, ""high"": 44.7, ""volume"": 1468248}, {""date"": ""05-05"", ""open"": 43.55, ""close"": 44.45, ""low"": 43.4, ""high"": 45.75, ""volume"": 1972172}, {""date"": ""05-06"", ""open"": 45.1, ""close"": 43.9, ""low"": 43.2, ""high"": 45.2, ""volume"": 1067443}, {""date"": ""05-07"", ""open"": 44.5, ""close"": 44.1, ""low"": 43.4, ""high"": 45.3, ""volume"": 1260013}, {""date"": ""05-08"", ""open"": 44.2, ""close"": 45.35, ""low"": 43.1, ""high"": 45.95, ""volume"": 1856551}, {""date"": ""05-11"", ""open"": 46.1, ""close"": 49.85, ""low"": 45.5, ""high"": 49.85, ""volume"": 6560237}, {""date"": ""05-12"", ""open"": 50.6, ""close"": 52.4, ""low"": 49.1, ""high"": 53.8, ""volume"": 10858650}, {""date"": ""05-13"", ""open"": 52.3, ""close"": 50.3, ""low"": 50.3, ""high"": 53.1, ""volume"": 4583877}, {""date"": ""05-14"", ""open"": 50.7, ""close"": 51.3, ""low"": 50.6, ""high"": 52.3, ""volume"": 2982500}, {""date"": ""05-15"", ""open"": 51.3, ""close"": 50.8, ""low"": 50.0, ""high"": 52.3, ""volume"": 2044061}, {""date"": ""05-18"", ""open"": 50.5, ""close"": 50.4, ""low"": 49.2, ""high"": 51.2, ""volume"": 1473530}, {""date"": ""05-19"", ""open"": 49.8, ""close"": 47.6, ""low"": 47.6, ""high"": 49.8, ""volume"": 1678297}, {""date"": ""05-20"", ""open"": 48.0, ""close"": 52.3, ""low"": 47.7, ""high"": 52.3, ""volume"": 6345191}, {""date"": ""05-21"", ""open"": 52.7, ""close"": 52.5, ""low"": 51.6, ""high"": 53.2, ""volume"": 6857225}, {""date"": ""05-22"", ""open"": 52.7, ""close"": 54.0, ""low"": 52.1, ""high"": 54.1, ""volume"": 4053184}, {""date"": ""05-25"", ""open"": 53.9, ""close"": 53.0, ""low"": 52.8, ""high"": 54.6, ""volume"": 2846758}, {""date"": ""05-26"", ""open"": 53.3, ""close"": 52.2, ""low"": 51.5, ""high"": 53.7, ""volume"": 1687400}, {""date"": ""05-27"", ""open"": 52.8, ""close"": 55.8, ""low"": 51.6, ""high"": 55.8, ""volume"": 4206316}, {""date"": ""05-28"", ""open"": 58.2, ""close"": 54.9, ""low"": 54.1, ""high"": 58.2, ""volume"": 14130198}]"
2026-05-28,電子零組件業,2327,國巨*,715.0,727.0,1,2.0,25.0,,1.65,679.4,594.25,487.1,"[{""date"": ""04-30"", ""open"": 323.0, ""close"": 317.0, ""low"": 317.0, ""high"": 333.0, ""volume"": 34586570}, {""date"": ""05-04"", ""open"": 327.0, ""close"": 342.5, ""low"": 314.0, ""high"": 345.0, ""volume"": 53410771}, {""date"": ""05-05"", ""open"": 344.5, ""close"": 348.5, ""low"": 341.0, ""high"": 357.5, ""volume"": 38973625}, {""date"": ""05-06"", ""open"": 360.0, ""close"": 338.0, ""low"": 331.0, ""high"": 361.5, ""volume"": 43188677}, {""date"": ""05-07"", ""open"": 345.5, ""close"": 371.5, ""low"": 337.5, ""high"": 371.5, ""volume"": 51576419}, {""date"": ""05-08"", ""open"": 390.0, ""close"": 389.0, ""low"": 369.5, ""high"": 400.0, ""volume"": 94993275}, {""date"": ""05-11"", ""open"": 394.5, ""close"": 391.5, ""low"": 370.0, ""high"": 398.5, ""volume"": 50647239}, {""date"": ""05-12"", ""open"": 399.0, ""close"": 419.5, ""low"": 390.5, ""high"": 430.0, ""volume"": 61941913}, {""date"": ""05-13"", ""open"": 410.0, ""close"": 420.0, ""low"": 404.0, ""high"": 427.5, ""volume"": 52265286}, {""date"": ""05-14"", ""open"": 462.0, ""close"": 462.0, ""low"": 462.0, ""high"": 462.0, ""volume"": 16396375}, {""date"": ""05-15"", ""open"": 462.0, ""close"": 455.5, ""low"": 447.5, ""high"": 492.5, ""volume"": 114743261}, {""date"": ""05-18"", ""open"": 475.0, ""close"": 501.0, ""low"": 467.5, ""high"": 501.0, ""volume"": 90065287}, {""date"": ""05-19"", ""open"": 501.0, ""close"": 497.0, ""low"": 485.5, ""high"": 516.0, ""volume"": 87505631}, {""date"": ""05-20"", ""open"": 514.0, ""close"": 520.0, ""low"": 503.0, ""high"": 545.0, ""volume"": 83354990}, {""date"": ""05-21"", ""open"": 561.0, ""close"": 572.0, ""low"": 560.0, ""high"": 572.0, ""volume"": 24105138}, {""date"": ""05-22"", ""open"": 605.0, ""close"": 629.0, ""low"": 600.0, ""high"": 629.0, ""volume"": 72182688}, {""date"": ""05-25"", ""open"": 679.0, ""close"": 691.0, ""low"": 662.0, ""high"": 691.0, ""volume"": 65747307}, {""date"": ""05-26"", ""open"": 674.0, ""close"": 661.0, ""low"": 631.0, ""high"": 678.0, ""volume"": 27484984}, {""date"": ""05-27"", ""open"": 683.0, ""close"": 701.0, ""low"": 683.0, ""high"": 727.0, ""volume"": 23677342}, {""date"": ""05-28"", ""open"": 709.0, ""close"": 715.0, ""low"": 709.0, ""high"": 769.0, ""volume"": 20301509}]"
2026-05-28,半導體業,7769,鴻勁,7910.0,8045.0,2,1.41,3.06,,1.68,7797.0,7379.0,6765.25,"[{""date"": ""04-30"", ""open"": 5270.0, ""close"": 4945.0, ""low"": 4945.0, ""high"": 5285.0, ""volume"": 1282300}, {""date"": ""05-04"", ""open"": 5140.0, ""close"": 5380.0, ""low"": 5030.0, ""high"": 5420.0, ""volume"": 1527050}, {""date"": ""05-05"", ""open"": 5420.0, ""close"": 5600.0, ""low"": 5370.0, ""high"": 5635.0, ""volume"": 1369441}, {""date"": ""05-06"", ""open"": 5690.0, ""close"": 5705.0, ""low"": 5435.0, ""high"": 5780.0, ""volume"": 1340879}, {""date"": ""05-07"", ""open"": 5820.0, ""close"": 5835.0, ""low"": 5780.0, ""high"": 5900.0, ""volume"": 678750}, {""date"": ""05-08"", ""open"": 5885.0, ""close"": 5800.0, ""low"": 5770.0, ""high"": 6040.0, ""volume"": 1050657}, {""date"": ""05-11"", ""open"": 6000.0, ""close"": 6380.0, ""low"": 5805.0, ""high"": 6380.0, ""volume"": 1409392}, {""date"": ""05-12"", ""open"": 6515.0, ""close"": 6870.0, ""low"": 6415.0, ""high"": 7000.0, ""volume"": 1966946}, {""date"": ""05-13"", ""open"": 6840.0, ""close"": 7440.0, ""low"": 6840.0, ""high"": 7555.0, ""volume"": 2266731}, {""date"": ""05-14"", ""open"": 7440.0, ""close"": 7560.0, ""low"": 7440.0, ""high"": 7995.0, ""volume"": 570880}, {""date"": ""05-15"", ""open"": 7615.0, ""close"": 6895.0, ""low"": 6895.0, ""high"": 7615.0, ""volume"": 700702}, {""date"": ""05-18"", ""open"": 6575.0, ""close"": 6655.0, ""low"": 6360.0, ""high"": 6975.0, ""volume"": 666026}, {""date"": ""05-19"", ""open"": 6555.0, ""close"": 6600.0, ""low"": 6510.0, ""high"": 6780.0, ""volume"": 372659}, {""date"": ""05-20"", ""open"": 6470.0, ""close"": 6980.0, ""low"": 6470.0, ""high"": 6995.0, ""volume"": 413179}, {""date"": ""05-21"", ""open"": 7325.0, ""close"": 7675.0, ""low"": 7325.0, ""high"": 7675.0, ""volume"": 289294}, {""date"": ""05-22"", ""open"": 7750.0, ""close"": 7730.0, ""low"": 7205.0, ""high"": 7785.0, ""volume"": 478723}, {""date"": ""05-25"", ""open"": 7640.0, ""close"": 7645.0, ""low"": 7535.0, ""high"": 7785.0, ""volume"": 310034}, {""date"": ""05-26"", ""open"": 7560.0, ""close"": 7900.0, ""low"": 7560.0, ""high"": 8045.0, ""volume"": 244684}, {""date"": ""05-27"", ""open"": 7855.0, ""close"": 7800.0, ""low"": 7800.0, ""high"": 7980.0, ""volume"": 255732}, {""date"": ""05-28"", ""open"": 7945.0, ""close"": 7910.0, ""low"": 7750.0, ""high"": 8435.0, ""volume"": 1099979}]"
2026-05-28,航運業,2606,裕民,71.6,72.9,1,-1.24,10.15,,1.78,69.48,66.66,65.24,"[{""date"": ""04-30"", ""open"": 60.4, ""close"": 60.6, ""low"": 60.1, ""high"": 61.2, ""volume"": 2493931}, {""date"": ""05-04"", ""open"": 61.0, ""close"": 62.4, ""low"": 61.0, ""high"": 62.9, ""volume"": 3732410}, {""date"": ""05-05"", ""open"": 62.6, ""close"": 62.8, ""low"": 61.8, ""high"": 63.3, ""volume"": 2872607}, {""date"": ""05-06"", ""open"": 64.6, ""close"": 64.2, ""low"": 64.0, ""high"": 65.5, ""volume"": 6026976}, {""date"": ""05-07"", ""open"": 65.5, ""close"": 65.1, ""low"": 64.2, ""high"": 65.6, ""volume"": 7314340}, {""date"": ""05-08"", ""open"": 65.3, ""close"": 65.0, ""low"": 64.9, ""high"": 66.5, ""volume"": 6949095}, {""date"": ""05-11"", ""open"": 65.1, ""close"": 65.3, ""low"": 64.4, ""high"": 65.7, ""volume"": 4043579}, {""date"": ""05-12"", ""open"": 65.3, ""close"": 63.9, ""low"": 63.4, ""high"": 65.6, ""volume"": 8225125}, {""date"": ""05-13"", ""open"": 64.7, ""close"": 64.3, ""low"": 64.0, ""high"": 65.7, ""volume"": 7223223}, {""date"": ""05-14"", ""open"": 64.9, ""close"": 64.6, ""low"": 64.1, ""high"": 66.3, ""volume"": 13842947}, {""date"": ""05-15"", ""open"": 64.9, ""close"": 62.8, ""low"": 61.8, ""high"": 65.6, ""volume"": 17892537}, {""date"": ""05-18"", ""open"": 62.8, ""close"": 63.4, ""low"": 61.6, ""high"": 63.4, ""volume"": 4484300}, {""date"": ""05-19"", ""open"": 62.9, ""close"": 63.5, ""low"": 62.7, ""high"": 64.3, ""volume"": 3951175}, {""date"": ""05-20"", ""open"": 63.8, ""close"": 64.5, ""low"": 63.7, ""high"": 65.4, ""volume"": 4899227}, {""date"": ""05-21"", ""open"": 65.0, ""close"": 65.0, ""low"": 63.7, ""high"": 65.0, ""volume"": 3170004}, {""date"": ""05-22"", ""open"": 65.0, ""close"": 65.4, ""low"": 64.4, ""high"": 65.6, ""volume"": 4956855}, {""date"": ""05-25"", ""open"": 65.9, ""close"": 67.9, ""low"": 64.4, ""high"": 67.9, ""volume"": 7603304}, {""date"": ""05-26"", ""open"": 68.0, ""close"": 70.0, ""low"": 67.5, ""high"": 70.2, ""volume"": 12408022}, {""date"": ""05-27"", ""open"": 70.2, ""close"": 72.5, ""low"": 68.3, ""high"": 72.9, ""volume"": 13272467}, {""date"": ""05-28"", ""open"": 72.0, ""close"": 71.6, ""low"": 71.0, ""high"": 72.7, ""volume"": 5943352}]"
2026-05-28,半導體業,8016,矽創,299.5,305.0,1,-0.5,0.67,,1.8,294.6,288.55,273.42,"[{""date"": ""04-30"", ""open"": 229.5, ""close"": 230.0, ""low"": 227.0, ""high"": 233.0, ""volume"": 1674631}, {""date"": ""05-04"", ""open"": 234.0, ""close"": 233.5, ""low"": 231.0, ""high"": 236.5, ""volume"": 790671}, {""date"": ""05-05"", ""open"": 233.5, ""close"": 234.5, ""low"": 230.5, ""high"": 235.5, ""volume"": 846008}, {""date"": ""05-06"", ""open"": 239.0, ""close"": 241.5, ""low"": 235.0, ""high"": 242.5, ""volume"": 1656049}, {""date"": ""05-07"", ""open"": 244.0, ""close"": 265.5, ""low"": 242.0, ""high"": 265.5, ""volume"": 5169398}, {""date"": ""05-08"", ""open"": 271.0, ""close"": 273.0, ""low"": 262.0, ""high"": 279.5, ""volume"": 7271709}, {""date"": ""05-11"", ""open"": 273.0, ""close"": 268.5, ""low"": 268.0, ""high"": 275.5, ""volume"": 2473153}, {""date"": ""05-12"", ""open"": 270.5, ""close"": 274.0, ""low"": 268.5, ""high"": 276.5, ""volume"": 2270846}, {""date"": ""05-13"", ""open"": 271.5, ""close"": 268.0, ""low"": 262.0, ""high"": 272.0, ""volume"": 1583777}, {""date"": ""05-14"", ""open"": 270.5, ""close"": 294.5, ""low"": 270.5, ""high"": 294.5, ""volume"": 6519524}, {""date"": ""05-15"", ""open"": 293.5, ""close"": 274.0, ""low"": 270.5, ""high"": 293.5, ""volume"": 4733997}, {""date"": ""05-18"", ""open"": 270.0, ""close"": 275.0, ""low"": 268.0, ""high"": 276.0, ""volume"": 1538380}, {""date"": ""05-19"", ""open"": 275.0, ""close"": 280.5, ""low"": 271.5, ""high"": 285.0, ""volume"": 3108911}, {""date"": ""05-20"", ""open"": 280.5, ""close"": 285.5, ""low"": 276.0, ""high"": 294.0, ""volume"": 3486475}, {""date"": ""05-21"", ""open"": 292.5, ""close"": 297.5, ""low"": 287.5, ""high"": 300.0, ""volume"": 2998670}, {""date"": ""05-22"", ""open"": 297.0, ""close"": 292.0, ""low"": 287.0, ""high"": 297.0, ""volume"": 2165619}, {""date"": ""05-25"", ""open"": 293.5, ""close"": 291.0, ""low"": 288.5, ""high"": 294.5, ""volume"": 1761481}, {""date"": ""05-26"", ""open"": 292.5, ""close"": 289.5, ""low"": 286.5, ""high"": 292.5, ""volume"": 1065119}, {""date"": ""05-27"", ""open"": 292.0, ""close"": 301.0, ""low"": 290.0, ""high"": 305.0, ""volume"": 4407404}, {""date"": ""05-28"", ""open"": 303.5, ""close"": 299.5, ""low"": 297.0, ""high"": 305.0, ""volume"": 2341538}]"
2026-05-28,電子零組件業,3042,晶技,217.5,221.5,1,9.85,35.94,,1.81,197.6,173.5,164.4,"[{""date"": ""04-30"", ""open"": 160.0, ""close"": 153.0, ""low"": 150.0, ""high"": 160.0, ""volume"": 2442814}, {""date"": ""05-04"", ""open"": 156.5, ""close"": 166.0, ""low"": 154.0, ""high"": 166.0, ""volume"": 2410589}, {""date"": ""05-05"", ""open"": 166.0, ""close"": 165.5, ""low"": 164.0, ""high"": 166.0, ""volume"": 2045048}, {""date"": ""05-06"", ""open"": 172.0, ""close"": 150.5, ""low"": 149.0, ""high"": 174.0, ""volume"": 19775160}, {""date"": ""05-07"", ""open"": 158.0, ""close"": 163.0, ""low"": 153.0, ""high"": 165.0, ""volume"": 21364840}, {""date"": ""05-08"", ""open"": 167.0, ""close"": 154.0, ""low"": 148.0, ""high"": 168.0, ""volume"": 17357605}, {""date"": ""05-11"", ""open"": 150.0, ""close"": 155.5, ""low"": 140.5, ""high"": 159.0, ""volume"": 16734654}, {""date"": ""05-12"", ""open"": 157.0, ""close"": 149.5, ""low"": 146.5, ""high"": 157.0, ""volume"": 11750415}, {""date"": ""05-13"", ""open"": 147.0, ""close"": 146.5, ""low"": 144.0, ""high"": 153.5, ""volume"": 8512103}, {""date"": ""05-14"", ""open"": 148.0, ""close"": 149.5, ""low"": 142.0, ""high"": 149.5, ""volume"": 12652148}, {""date"": ""05-15"", ""open"": 147.5, ""close"": 144.0, ""low"": 142.0, ""high"": 155.0, ""volume"": 16968873}, {""date"": ""05-18"", ""open"": 142.5, ""close"": 147.0, ""low"": 138.0, ""high"": 149.5, ""volume"": 16567119}, {""date"": ""05-19"", ""open"": 147.0, ""close"": 148.0, ""low"": 143.0, ""high"": 149.5, ""volume"": 7237668}, {""date"": ""05-20"", ""open"": 147.5, ""close"": 148.0, ""low"": 145.0, ""high"": 155.5, ""volume"": 21353431}, {""date"": ""05-21"", ""open"": 154.0, ""close"": 160.0, ""low"": 151.5, ""high"": 162.5, ""volume"": 32354019}, {""date"": ""05-22"", ""open"": 165.5, ""close"": 176.0, ""low"": 161.0, ""high"": 176.0, ""volume"": 31149862}, {""date"": ""05-25"", ""open"": 193.5, ""close"": 193.5, ""low"": 193.5, ""high"": 193.5, ""volume"": 2200331}, {""date"": ""05-26"", ""open"": 209.0, ""close"": 203.0, ""low"": 182.0, ""high"": 212.0, ""volume"": 49543920}, {""date"": ""05-27"", ""open"": 220.0, ""close"": 198.0, ""low"": 192.0, ""high"": 221.5, ""volume"": 27914090}, {""date"": ""05-28"", ""open"": 205.0, ""close"": 217.5, ""low"": 205.0, ""high"": 217.5, ""volume"": 20056166}]"
2026-05-28,化學工業,1726,永記,77.0,78.5,10,0.13,0.0,,1.91,76.92,76.87,76.5,"[{""date"": ""04-30"", ""open"": 75.5, ""close"": 75.6, ""low"": 75.5, ""high"": 76.5, ""volume"": 14000}, {""date"": ""05-04"", ""open"": 75.5, ""close"": 75.5, ""low"": 75.4, ""high"": 76.2, ""volume"": 11037}, {""date"": ""05-05"", ""open"": 75.5, ""close"": 76.0, ""low"": 75.5, ""high"": 76.0, ""volume"": 14000}, {""date"": ""05-06"", ""open"": 76.0, ""close"": 76.2, ""low"": 75.6, ""high"": 76.2, ""volume"": 40024}, {""date"": ""05-07"", ""open"": 75.7, ""close"": 76.0, ""low"": 75.7, ""high"": 76.3, ""volume"": 20384}, {""date"": ""05-08"", ""open"": 76.4, ""close"": 76.6, ""low"": 76.1, ""high"": 76.6, ""volume"": 41065}, {""date"": ""05-11"", ""open"": 76.5, ""close"": 76.1, ""low"": 76.0, ""high"": 76.5, ""volume"": 9000}, {""date"": ""05-12"", ""open"": 76.2, ""close"": 76.0, ""low"": 75.8, ""high"": 76.2, ""volume"": 26000}, {""date"": ""05-13"", ""open"": 76.2, ""close"": 76.2, ""low"": 75.9, ""high"": 76.6, ""volume"": 34158}, {""date"": ""05-14"", ""open"": 77.0, ""close"": 77.2, ""low"": 77.0, ""high"": 78.5, ""volume"": 118014}, {""date"": ""05-15"", ""open"": 77.8, ""close"": 76.8, ""low"": 76.6, ""high"": 77.8, ""volume"": 16000}, {""date"": ""05-18"", ""open"": 76.7, ""close"": 76.6, ""low"": 76.6, ""high"": 77.1, ""volume"": 16154}, {""date"": ""05-19"", ""open"": 76.7, ""close"": 76.9, ""low"": 76.4, ""high"": 77.1, ""volume"": 67000}, {""date"": ""05-20"", ""open"": 76.9, ""close"": 76.8, ""low"": 76.5, ""high"": 76.9, ""volume"": 21000}, {""date"": ""05-21"", ""open"": 77.1, ""close"": 77.0, ""low"": 76.8, ""high"": 77.2, ""volume"": 101139}, {""date"": ""05-22"", ""open"": 76.7, ""close"": 76.7, ""low"": 76.7, ""high"": 77.0, ""volume"": 21001}, {""date"": ""05-25"", ""open"": 77.0, ""close"": 77.0, ""low"": 76.5, ""high"": 77.5, ""volume"": 27250}, {""date"": ""05-26"", ""open"": 77.0, ""close"": 77.0, ""low"": 76.5, ""high"": 77.2, ""volume"": 38064}, {""date"": ""05-27"", ""open"": 77.0, ""close"": 76.9, ""low"": 76.6, ""high"": 77.0, ""volume"": 46046}, {""date"": ""05-28"", ""open"": 77.2, ""close"": 77.0, ""low"": 76.6, ""high"": 77.2, ""volume"": 49333}]"
2026-05-28,通信網路業,3704,合勤控,45.7,46.65,2,0.99,10.39,,2.04,44.74,41.87,38.72,"[{""date"": ""04-30"", ""open"": 33.85, ""close"": 34.95, ""low"": 33.8, ""high"": 35.45, ""volume"": 2789405}, {""date"": ""05-04"", ""open"": 35.4, ""close"": 34.7, ""low"": 34.5, ""high"": 36.3, ""volume"": 2563597}, {""date"": ""05-05"", ""open"": 34.35, ""close"": 35.0, ""low"": 33.2, ""high"": 35.0, ""volume"": 4310450}, {""date"": ""05-06"", ""open"": 35.2, ""close"": 35.1, ""low"": 34.35, ""high"": 35.6, ""volume"": 2751150}, {""date"": ""05-07"", ""open"": 35.15, ""close"": 35.4, ""low"": 35.1, ""high"": 36.4, ""volume"": 2984709}, {""date"": ""05-08"", ""open"": 35.9, ""close"": 35.3, ""low"": 35.0, ""high"": 36.35, ""volume"": 2152275}, {""date"": ""05-11"", ""open"": 35.3, ""close"": 35.05, ""low"": 34.75, ""high"": 35.85, ""volume"": 1660715}, {""date"": ""05-12"", ""open"": 35.85, ""close"": 37.05, ""low"": 35.8, ""high"": 37.45, ""volume"": 5362789}, {""date"": ""05-13"", ""open"": 36.4, ""close"": 36.55, ""low"": 35.2, ""high"": 36.6, ""volume"": 2729824}, {""date"": ""05-14"", ""open"": 37.4, ""close"": 36.7, ""low"": 36.7, ""high"": 38.25, ""volume"": 4571244}, {""date"": ""05-15"", ""open"": 37.2, ""close"": 38.2, ""low"": 36.9, ""high"": 39.2, ""volume"": 8653142}, {""date"": ""05-18"", ""open"": 38.4, ""close"": 38.6, ""low"": 37.5, ""high"": 38.6, ""volume"": 3286847}, {""date"": ""05-19"", ""open"": 38.4, ""close"": 38.1, ""low"": 38.0, ""high"": 39.4, ""volume"": 3740418}, {""date"": ""05-20"", ""open"": 38.35, ""close"": 38.7, ""low"": 38.1, ""high"": 39.15, ""volume"": 3653933}, {""date"": ""05-21"", ""open"": 39.25, ""close"": 41.4, ""low"": 39.2, ""high"": 41.8, ""volume"": 12222321}, {""date"": ""05-22"", ""open"": 41.45, ""close"": 44.0, ""low"": 39.7, ""high"": 44.4, ""volume"": 13598077}, {""date"": ""05-25"", ""open"": 44.15, ""close"": 43.5, ""low"": 42.6, ""high"": 44.45, ""volume"": 8684042}, {""date"": ""05-26"", ""open"": 43.9, ""close"": 45.25, ""low"": 43.2, ""high"": 46.65, ""volume"": 9277332}, {""date"": ""05-27"", ""open"": 45.65, ""close"": 45.25, ""low"": 44.7, ""high"": 46.3, ""volume"": 7847045}, {""date"": ""05-28"", ""open"": 45.25, ""close"": 45.7, ""low"": 45.1, ""high"": 47.15, ""volume"": 7138090}]"
2026-05-28,電子零組件業,6924,榮惠-KY創,166.5,170.0,4,1.52,1.52,,2.06,164.4,158.55,129.83,"[{""date"": ""04-30"", ""open"": 88.3, ""close"": 88.9, ""low"": 88.0, ""high"": 89.0, ""volume"": 10047}, {""date"": ""05-04"", ""open"": 89.0, ""close"": 89.0, ""low"": 88.1, ""high"": 89.0, ""volume"": 17021}, {""date"": ""05-05"", ""open"": 90.3, ""close"": 91.8, ""low"": 90.3, ""high"": 91.8, ""volume"": 10000}, {""date"": ""05-06"", ""open"": 95.8, ""close"": 93.9, ""low"": 92.0, ""high"": 95.8, ""volume"": 21009}, {""date"": ""05-07"", ""open"": 93.9, ""close"": 94.0, ""low"": 93.1, ""high"": 94.3, ""volume"": 19011}, {""date"": ""05-08"", ""open"": 93.3, ""close"": 94.0, ""low"": 92.3, ""high"": 94.0, ""volume"": 12000}, {""date"": ""05-11"", ""open"": 102.5, ""close"": 103.0, ""low"": 98.1, ""high"": 103.0, ""volume"": 281022}, {""date"": ""05-12"", ""open"": 112.0, ""close"": 113.0, ""low"": 109.5, ""high"": 113.0, ""volume"": 428000}, {""date"": ""05-13"", ""open"": 117.0, ""close"": 123.5, ""low"": 108.0, ""high"": 124.0, ""volume"": 463262}, {""date"": ""05-14"", ""open"": 125.5, ""close"": 120.0, ""low"": 114.0, ""high"": 125.5, ""volume"": 285566}, {""date"": ""05-15"", ""open"": 132.0, ""close"": 132.0, ""low"": 132.0, ""high"": 132.0, ""volume"": 158000}, {""date"": ""05-18"", ""open"": 145.0, ""close"": 145.0, ""low"": 145.0, ""high"": 145.0, ""volume"": 221000}, {""date"": ""05-19"", ""open"": 159.5, ""close"": 159.5, ""low"": 148.5, ""high"": 159.5, ""volume"": 523000}, {""date"": ""05-20"", ""open"": 153.0, ""close"": 163.0, ""low"": 153.0, ""high"": 166.5, ""volume"": 145040}, {""date"": ""05-21"", ""open"": 166.0, ""close"": 164.0, ""low"": 159.5, ""high"": 167.0, ""volume"": 88495}, {""date"": ""05-22"", ""open"": 164.5, ""close"": 168.5, ""low"": 164.5, ""high"": 170.0, ""volume"": 63000}, {""date"": ""05-25"", ""open"": 165.0, ""close"": 162.0, ""low"": 155.0, ""high"": 165.0, ""volume"": 176000}, {""date"": ""05-26"", ""open"": 163.0, ""close"": 161.0, ""low"": 156.5, ""high"": 163.0, ""volume"": 66100}, {""date"": ""05-27"", ""open"": 163.5, ""close"": 164.0, ""low"": 158.5, ""high"": 164.5, ""volume"": 64000}, {""date"": ""05-28"", ""open"": 164.5, ""close"": 166.5, ""low"": 160.5, ""high"": 173.5, ""volume"": 77656}]"
2026-05-28,生技醫療業,1762,中化生,40.0,40.85,10,0.76,5.96,,2.08,39.49,38.4,36.11,"[{""date"": ""04-30"", ""open"": 28.3, ""close"": 28.25, ""low"": 28.15, ""high"": 28.45, ""volume"": 93184}, {""date"": ""05-04"", ""open"": 28.6, ""close"": 27.7, ""low"": 27.7, ""high"": 28.6, ""volume"": 113001}, {""date"": ""05-05"", ""open"": 27.6, ""close"": 29.15, ""low"": 27.6, ""high"": 29.25, ""volume"": 176734}, {""date"": ""05-06"", ""open"": 32.05, ""close"": 32.05, ""low"": 32.05, ""high"": 32.05, ""volume"": 402165}, {""date"": ""05-07"", ""open"": 35.25, ""close"": 35.25, ""low"": 35.25, ""high"": 35.25, ""volume"": 249412}, {""date"": ""05-08"", ""open"": 38.75, ""close"": 38.75, ""low"": 38.75, ""high"": 38.75, ""volume"": 1173241}, {""date"": ""05-11"", ""open"": 39.5, ""close"": 37.55, ""low"": 36.6, ""high"": 39.55, ""volume"": 1697967}, {""date"": ""05-12"", ""open"": 38.65, ""close"": 34.5, ""low"": 34.15, ""high"": 38.9, ""volume"": 1466639}, {""date"": ""05-13"", ""open"": 34.95, ""close"": 37.95, ""low"": 34.5, ""high"": 37.95, ""volume"": 817900}, {""date"": ""05-14"", ""open"": 39.4, ""close"": 37.0, ""low"": 36.25, ""high"": 40.85, ""volume"": 2935100}, {""date"": ""05-15"", ""open"": 37.0, ""close"": 35.85, ""low"": 35.5, ""high"": 37.75, ""volume"": 752606}, {""date"": ""05-18"", ""open"": 36.0, ""close"": 37.15, ""low"": 35.3, ""high"": 37.75, ""volume"": 660001}, {""date"": ""05-19"", ""open"": 36.75, ""close"": 37.1, ""low"": 36.65, ""high"": 38.7, ""volume"": 539500}, {""date"": ""05-20"", ""open"": 37.2, ""close"": 38.75, ""low"": 36.75, ""high"": 39.25, ""volume"": 748195}, {""date"": ""05-21"", ""open"": 38.9, ""close"": 37.75, ""low"": 37.65, ""high"": 39.4, ""volume"": 868100}, {""date"": ""05-22"", ""open"": 37.85, ""close"": 37.95, ""low"": 37.55, ""high"": 38.85, ""volume"": 437063}, {""date"": ""05-25"", ""open"": 38.25, ""close"": 40.2, ""low"": 37.95, ""high"": 40.5, ""volume"": 1056213}, {""date"": ""05-26"", ""open"": 39.8, ""close"": 39.6, ""low"": 39.0, ""high"": 40.0, ""volume"": 447052}, {""date"": ""05-27"", ""open"": 39.95, ""close"": 39.7, ""low"": 39.15, ""high"": 40.55, ""volume"": 534000}, {""date"": ""05-28"", ""open"": 39.75, ""close"": 40.0, ""low"": 39.7, ""high"": 40.6, ""volume"": 385896}]"
2026-05-28,金融保險,2885,元大金,58.5,59.8,1,-1.68,6.95,,2.17,57.3,56.01,55.6,"[{""date"": ""04-30"", ""open"": 51.3, ""close"": 52.2, ""low"": 51.3, ""high"": 53.0, ""volume"": 33839966}, {""date"": ""05-04"", ""open"": 52.8, ""close"": 53.1, ""low"": 52.0, ""high"": 53.2, ""volume"": 26145303}, {""date"": ""05-05"", ""open"": 52.8, ""close"": 55.4, ""low"": 52.7, ""high"": 55.7, ""volume"": 30297770}, {""date"": ""05-06"", ""open"": 56.0, ""close"": 56.2, ""low"": 55.6, ""high"": 56.9, ""volume"": 26014840}, {""date"": ""05-07"", ""open"": 57.0, ""close"": 56.1, ""low"": 56.1, ""high"": 57.4, ""volume"": 29987672}, {""date"": ""05-08"", ""open"": 56.9, ""close"": 56.5, ""low"": 55.4, ""high"": 57.1, ""volume"": 25575028}, {""date"": ""05-11"", ""open"": 56.7, ""close"": 56.5, ""low"": 55.8, ""high"": 57.4, ""volume"": 24371870}, {""date"": ""05-12"", ""open"": 57.3, ""close"": 54.6, ""low"": 54.6, ""high"": 57.3, ""volume"": 31513720}, {""date"": ""05-13"", ""open"": 55.0, ""close"": 55.8, ""low"": 54.8, ""high"": 56.2, ""volume"": 19394155}, {""date"": ""05-14"", ""open"": 56.3, ""close"": 55.5, ""low"": 55.2, ""high"": 56.8, ""volume"": 21738698}, {""date"": ""05-15"", ""open"": 55.9, ""close"": 54.8, ""low"": 54.6, ""high"": 56.7, ""volume"": 22153594}, {""date"": ""05-18"", ""open"": 54.8, ""close"": 54.3, ""low"": 53.9, ""high"": 55.0, ""volume"": 23832176}, {""date"": ""05-19"", ""open"": 54.5, ""close"": 54.7, ""low"": 54.4, ""high"": 56.3, ""volume"": 31023460}, {""date"": ""05-20"", ""open"": 55.0, ""close"": 55.1, ""low"": 54.5, ""high"": 55.5, ""volume"": 20014542}, {""date"": ""05-21"", ""open"": 55.5, ""close"": 54.7, ""low"": 54.6, ""high"": 56.1, ""volume"": 26309170}, {""date"": ""05-22"", ""open"": 54.5, ""close"": 55.1, ""low"": 54.4, ""high"": 55.5, ""volume"": 25290382}, {""date"": ""05-25"", ""open"": 55.1, ""close"": 56.1, ""low"": 54.9, ""high"": 56.1, ""volume"": 28600355}, {""date"": ""05-26"", ""open"": 56.7, ""close"": 57.3, ""low"": 56.3, ""high"": 57.4, ""volume"": 37512706}, {""date"": ""05-27"", ""open"": 59.6, ""close"": 59.5, ""low"": 57.5, ""high"": 59.8, ""volume"": 39789508}, {""date"": ""05-28"", ""open"": 59.5, ""close"": 58.5, ""low"": 58.5, ""high"": 60.2, ""volume"": 20566720}]"
2026-05-28,電子零組件業,3026,禾伸堂,606.0,620.0,1,-0.33,39.79,,2.26,556.7,466.3,379.75,"[{""date"": ""04-30"", ""open"": 233.5, ""close"": 212.5, ""low"": 212.5, ""high"": 233.5, ""volume"": 16777968}, {""date"": ""05-04"", ""open"": 215.0, ""close"": 226.0, ""low"": 202.0, ""high"": 233.5, ""volume"": 16217740}, {""date"": ""05-05"", ""open"": 230.0, ""close"": 248.5, ""low"": 230.0, ""high"": 248.5, ""volume"": 12678050}, {""date"": ""05-06"", ""open"": 273.0, ""close"": 273.0, ""low"": 260.0, ""high"": 273.0, ""volume"": 21338375}, {""date"": ""05-07"", ""open"": 300.0, ""close"": 300.0, ""low"": 296.0, ""high"": 300.0, ""volume"": 9191024}, {""date"": ""05-08"", ""open"": 313.5, ""close"": 330.0, ""low"": 297.0, ""high"": 330.0, ""volume"": 22495411}, {""date"": ""05-11"", ""open"": 329.0, ""close"": 329.5, ""low"": 311.0, ""high"": 351.5, ""volume"": 30940936}, {""date"": ""05-12"", ""open"": 328.5, ""close"": 330.0, ""low"": 325.0, ""high"": 339.0, ""volume"": 2571967}, {""date"": ""05-13"", ""open"": 316.0, ""close"": 325.0, ""low"": 316.0, ""high"": 334.0, ""volume"": 1581341}, {""date"": ""05-14"", ""open"": 357.0, ""close"": 357.5, ""low"": 350.0, ""high"": 357.5, ""volume"": 4401253}, {""date"": ""05-15"", ""open"": 360.0, ""close"": 327.0, ""low"": 323.0, ""high"": 383.0, ""volume"": 2587400}, {""date"": ""05-18"", ""open"": 348.0, ""close"": 359.5, ""low"": 340.0, ""high"": 359.5, ""volume"": 1958301}, {""date"": ""05-19"", ""open"": 386.0, ""close"": 365.0, ""low"": 360.0, ""high"": 386.0, ""volume"": 1461233}, {""date"": ""05-20"", ""open"": 382.0, ""close"": 394.5, ""low"": 381.0, ""high"": 401.5, ""volume"": 3155738}, {""date"": ""05-21"", ""open"": 428.0, ""close"": 433.5, ""low"": 427.0, ""high"": 433.5, ""volume"": 1997834}, {""date"": ""05-22"", ""open"": 460.0, ""close"": 476.5, ""low"": 460.0, ""high"": 476.5, ""volume"": 1629087}, {""date"": ""05-25"", ""open"": 522.0, ""close"": 523.0, ""low"": 522.0, ""high"": 524.0, ""volume"": 1739570}, {""date"": ""05-26"", ""open"": 523.0, ""close"": 570.0, ""low"": 471.0, ""high"": 570.0, ""volume"": 3286233}, {""date"": ""05-27"", ""open"": 599.0, ""close"": 608.0, ""low"": 596.0, ""high"": 620.0, ""volume"": 1798179}, {""date"": ""05-28"", ""open"": 608.0, ""close"": 606.0, ""low"": 606.0, ""high"": 635.0, ""volume"": 1844310}]"
2026-05-28,半導體業,5285,界霖,90.6,92.7,1,0.67,10.49,,2.27,86.16,81.92,72.5,"[{""date"": ""04-30"", ""open"": 54.4, ""close"": 55.0, ""low"": 54.2, ""high"": 55.5, ""volume"": 194059}, {""date"": ""05-04"", ""open"": 55.7, ""close"": 56.3, ""low"": 55.3, ""high"": 56.5, ""volume"": 341000}, {""date"": ""05-05"", ""open"": 56.3, ""close"": 56.1, ""low"": 55.5, ""high"": 56.6, ""volume"": 166194}, {""date"": ""05-06"", ""open"": 56.5, ""close"": 55.9, ""low"": 55.0, ""high"": 56.7, ""volume"": 350014}, {""date"": ""05-07"", ""open"": 56.1, ""close"": 57.6, ""low"": 56.0, ""high"": 58.2, ""volume"": 572096}, {""date"": ""05-08"", ""open"": 58.4, ""close"": 61.7, ""low"": 57.1, ""high"": 62.3, ""volume"": 1654419}, {""date"": ""05-11"", ""open"": 64.6, ""close"": 67.8, ""low"": 64.6, ""high"": 67.8, ""volume"": 2912177}, {""date"": ""05-12"", ""open"": 74.0, ""close"": 74.5, ""low"": 72.5, ""high"": 74.5, ""volume"": 5378055}, {""date"": ""05-13"", ""open"": 72.3, ""close"": 72.8, ""low"": 71.9, ""high"": 76.9, ""volume"": 4408660}, {""date"": ""05-14"", ""open"": 74.5, ""close"": 73.1, ""low"": 71.0, ""high"": 74.6, ""volume"": 2192240}, {""date"": ""05-15"", ""open"": 73.1, ""close"": 74.2, ""low"": 71.5, ""high"": 77.2, ""volume"": 2474184}, {""date"": ""05-18"", ""open"": 74.6, ""close"": 75.8, ""low"": 72.8, ""high"": 76.2, ""volume"": 1820326}, {""date"": ""05-19"", ""open"": 75.0, ""close"": 76.0, ""low"": 73.8, ""high"": 77.0, ""volume"": 2251257}, {""date"": ""05-20"", ""open"": 75.5, ""close"": 80.4, ""low"": 74.9, ""high"": 80.6, ""volume"": 4775170}, {""date"": ""05-21"", ""open"": 81.0, ""close"": 82.0, ""low"": 80.2, ""high"": 85.5, ""volume"": 8627271}, {""date"": ""05-22"", ""open"": 81.0, ""close"": 79.1, ""low"": 76.2, ""high"": 82.8, ""volume"": 5866023}, {""date"": ""05-25"", ""open"": 79.2, ""close"": 81.5, ""low"": 78.9, ""high"": 82.8, ""volume"": 3724377}, {""date"": ""05-26"", ""open"": 83.0, ""close"": 89.6, ""low"": 82.5, ""high"": 89.6, ""volume"": 10328157}, {""date"": ""05-27"", ""open"": 92.6, ""close"": 90.0, ""low"": 87.0, ""high"": 92.7, ""volume"": 9496221}, {""date"": ""05-28"", ""open"": 88.0, ""close"": 90.6, ""low"": 87.8, ""high"": 96.0, ""volume"": 5101091}]"
2026-05-28,金融保險,2881,富邦金,107.5,110.0,1,-2.27,11.86,,2.27,102.76,99.42,96.49,"[{""date"": ""04-30"", ""open"": 90.4, ""close"": 90.0, ""low"": 90.0, ""high"": 91.8, ""volume"": 30824103}, {""date"": ""05-04"", ""open"": 91.8, ""close"": 91.0, ""low"": 91.0, ""high"": 94.0, ""volume"": 49138608}, {""date"": ""05-05"", ""open"": 91.5, ""close"": 92.2, ""low"": 90.4, ""high"": 92.3, ""volume"": 24529764}, {""date"": ""05-06"", ""open"": 93.0, ""close"": 92.8, ""low"": 92.4, ""high"": 94.0, ""volume"": 24089561}, {""date"": ""05-07"", ""open"": 93.3, ""close"": 94.5, ""low"": 92.5, ""high"": 94.8, ""volume"": 34939336}, {""date"": ""05-08"", ""open"": 94.5, ""close"": 96.7, ""low"": 94.1, ""high"": 96.9, ""volume"": 57391289}, {""date"": ""05-11"", ""open"": 96.7, ""close"": 95.5, ""low"": 95.5, ""high"": 96.7, ""volume"": 21973651}, {""date"": ""05-12"", ""open"": 96.0, ""close"": 93.7, ""low"": 93.7, ""high"": 96.0, ""volume"": 35914987}, {""date"": ""05-13"", ""open"": 93.5, ""close"": 94.7, ""low"": 93.3, ""high"": 95.2, ""volume"": 18212137}, {""date"": ""05-14"", ""open"": 93.9, ""close"": 94.6, ""low"": 93.9, ""high"": 96.0, ""volume"": 19873965}, {""date"": ""05-15"", ""open"": 96.5, ""close"": 96.1, ""low"": 95.0, ""high"": 98.6, ""volume"": 99740538}, {""date"": ""05-18"", ""open"": 96.3, ""close"": 95.2, ""low"": 94.5, ""high"": 96.6, ""volume"": 25612782}, {""date"": ""05-19"", ""open"": 95.7, ""close"": 97.2, ""low"": 95.5, ""high"": 98.1, ""volume"": 35452336}, {""date"": ""05-20"", ""open"": 97.1, ""close"": 95.8, ""low"": 95.6, ""high"": 97.2, ""volume"": 29383031}, {""date"": ""05-21"", ""open"": 96.5, ""close"": 96.1, ""low"": 95.3, ""high"": 96.8, ""volume"": 32015568}, {""date"": ""05-22"", ""open"": 95.4, ""close"": 95.1, ""low"": 94.3, ""high"": 96.0, ""volume"": 41582008}, {""date"": ""05-25"", ""open"": 95.4, ""close"": 97.7, ""low"": 94.7, ""high"": 97.7, ""volume"": 46786568}, {""date"": ""05-26"", ""open"": 97.8, ""close"": 103.5, ""low"": 97.8, ""high"": 103.5, ""volume"": 102121967}, {""date"": ""05-27"", ""open"": 104.5, ""close"": 110.0, ""low"": 103.0, ""high"": 110.0, ""volume"": 92282492}, {""date"": ""05-28"", ""open"": 110.0, ""close"": 107.5, ""low"": 107.0, ""high"": 112.0, ""volume"": 51089165}]"
2026-05-28,半導體業,2369,菱生,40.05,41.0,1,-0.25,33.5,,2.32,36.85,33.08,32.16,"[{""date"": ""04-30"", ""open"": 30.4, ""close"": 29.55, ""low"": 29.55, ""high"": 30.8, ""volume"": 6508216}, {""date"": ""05-04"", ""open"": 29.7, ""close"": 31.15, ""low"": 29.6, ""high"": 31.8, ""volume"": 14686310}, {""date"": ""05-05"", ""open"": 31.9, ""close"": 33.2, ""low"": 31.7, ""high"": 33.45, ""volume"": 33771056}, {""date"": ""05-06"", ""open"": 34.25, ""close"": 31.9, ""low"": 31.6, ""high"": 34.25, ""volume"": 29361151}, {""date"": ""05-07"", ""open"": 31.9, ""close"": 33.0, ""low"": 31.1, ""high"": 33.25, ""volume"": 19916533}, {""date"": ""05-08"", ""open"": 32.8, ""close"": 30.7, ""low"": 30.25, ""high"": 33.75, ""volume"": 20213090}, {""date"": ""05-11"", ""open"": 30.9, ""close"": 31.0, ""low"": 30.7, ""high"": 31.95, ""volume"": 10976318}, {""date"": ""05-12"", ""open"": 31.05, ""close"": 31.2, ""low"": 30.0, ""high"": 31.45, ""volume"": 10266867}, {""date"": ""05-13"", ""open"": 30.55, ""close"": 30.45, ""low"": 30.0, ""high"": 30.75, ""volume"": 6842527}, {""date"": ""05-14"", ""open"": 30.95, ""close"": 30.25, ""low"": 29.85, ""high"": 31.4, ""volume"": 9891904}, {""date"": ""05-15"", ""open"": 30.5, ""close"": 29.7, ""low"": 29.35, ""high"": 30.55, ""volume"": 7670149}, {""date"": ""05-18"", ""open"": 29.4, ""close"": 29.45, ""low"": 28.25, ""high"": 29.6, ""volume"": 5582352}, {""date"": ""05-19"", ""open"": 29.45, ""close"": 28.5, ""low"": 28.3, ""high"": 29.55, ""volume"": 7188769}, {""date"": ""05-20"", ""open"": 28.75, ""close"": 28.85, ""low"": 27.8, ""high"": 29.15, ""volume"": 6049270}, {""date"": ""05-21"", ""open"": 29.3, ""close"": 30.0, ""low"": 29.3, ""high"": 30.3, ""volume"": 7009510}, {""date"": ""05-22"", ""open"": 30.5, ""close"": 32.05, ""low"": 30.3, ""high"": 32.7, ""volume"": 20488175}, {""date"": ""05-25"", ""open"": 33.0, ""close"": 34.3, ""low"": 31.7, ""high"": 34.7, ""volume"": 33999028}, {""date"": ""05-26"", ""open"": 37.1, ""close"": 37.7, ""low"": 36.65, ""high"": 37.7, ""volume"": 57994755}, {""date"": ""05-27"", ""open"": 38.85, ""close"": 40.15, ""low"": 36.95, ""high"": 41.0, ""volume"": 90627569}, {""date"": ""05-28"", ""open"": 40.0, ""close"": 40.05, ""low"": 38.75, ""high"": 42.0, ""volume"": 46800579}]"
2026-05-28,光電業,3149,正達,67.4,69.0,1,3.06,19.08,,2.32,64.98,61.17,55.93,"[{""date"": ""04-30"", ""open"": 49.0, ""close"": 47.3, ""low"": 46.8, ""high"": 49.5, ""volume"": 18903151}, {""date"": ""05-04"", ""open"": 47.5, ""close"": 50.9, ""low"": 47.5, ""high"": 51.7, ""volume"": 15469507}, {""date"": ""05-05"", ""open"": 51.3, ""close"": 48.6, ""low"": 48.6, ""high"": 51.9, ""volume"": 15143030}, {""date"": ""05-06"", ""open"": 49.7, ""close"": 49.5, ""low"": 48.55, ""high"": 51.8, ""volume"": 17323447}, {""date"": ""05-07"", ""open"": 50.7, ""close"": 50.9, ""low"": 50.0, ""high"": 53.7, ""volume"": 18280319}, {""date"": ""05-08"", ""open"": 50.9, ""close"": 48.25, ""low"": 48.25, ""high"": 51.4, ""volume"": 9016025}, {""date"": ""05-11"", ""open"": 48.5, ""close"": 50.5, ""low"": 48.45, ""high"": 51.6, ""volume"": 8144964}, {""date"": ""05-12"", ""open"": 51.0, ""close"": 51.4, ""low"": 49.9, ""high"": 53.4, ""volume"": 15306510}, {""date"": ""05-13"", ""open"": 52.3, ""close"": 55.7, ""low"": 51.8, ""high"": 56.5, ""volume"": 45262143}, {""date"": ""05-14"", ""open"": 55.7, ""close"": 53.9, ""low"": 53.0, ""high"": 56.0, ""volume"": 18813087}, {""date"": ""05-15"", ""open"": 54.5, ""close"": 57.4, ""low"": 54.2, ""high"": 58.0, ""volume"": 28680335}, {""date"": ""05-18"", ""open"": 57.0, ""close"": 59.0, ""low"": 55.3, ""high"": 60.9, ""volume"": 52788686}, {""date"": ""05-19"", ""open"": 58.5, ""close"": 57.8, ""low"": 57.0, ""high"": 60.5, ""volume"": 33708446}, {""date"": ""05-20"", ""open"": 58.0, ""close"": 56.0, ""low"": 55.5, ""high"": 58.8, ""volume"": 18745625}, {""date"": ""05-21"", ""open"": 56.8, ""close"": 56.6, ""low"": 56.1, ""high"": 57.7, ""volume"": 12378172}, {""date"": ""05-22"", ""open"": 58.0, ""close"": 59.1, ""low"": 57.9, ""high"": 61.1, ""volume"": 34173099}, {""date"": ""05-25"", ""open"": 60.1, ""close"": 65.0, ""low"": 59.0, ""high"": 65.0, ""volume"": 41243256}, {""date"": ""05-26"", ""open"": 65.0, ""close"": 68.0, ""low"": 61.8, ""high"": 68.0, ""volume"": 40361922}, {""date"": ""05-27"", ""open"": 68.4, ""close"": 65.4, ""low"": 65.0, ""high"": 69.0, ""volume"": 23848520}, {""date"": ""05-28"", ""open"": 65.9, ""close"": 67.4, ""low"": 65.7, ""high"": 71.8, ""volume"": 29306241}]"
2026-05-28,電子通路業,2414,精技,50.3,51.5,3,-1.76,0.4,,2.33,50.44,49.7,48.64,"[{""date"": ""04-30"", ""open"": 45.75, ""close"": 45.7, ""low"": 45.45, ""high"": 45.8, ""volume"": 122200}, {""date"": ""05-04"", ""open"": 45.7, ""close"": 46.25, ""low"": 45.5, ""high"": 46.5, ""volume"": 280184}, {""date"": ""05-05"", ""open"": 46.2, ""close"": 46.1, ""low"": 46.0, ""high"": 46.3, ""volume"": 129345}, {""date"": ""05-06"", ""open"": 46.6, ""close"": 48.0, ""low"": 46.6, ""high"": 48.1, ""volume"": 766535}, {""date"": ""05-07"", ""open"": 49.3, ""close"": 48.3, ""low"": 47.65, ""high"": 49.3, ""volume"": 799741}, {""date"": ""05-08"", ""open"": 48.25, ""close"": 48.9, ""low"": 48.2, ""high"": 49.9, ""volume"": 539182}, {""date"": ""05-11"", ""open"": 48.0, ""close"": 47.9, ""low"": 47.3, ""high"": 49.15, ""volume"": 440001}, {""date"": ""05-12"", ""open"": 48.15, ""close"": 47.65, ""low"": 47.1, ""high"": 48.15, ""volume"": 360238}, {""date"": ""05-13"", ""open"": 47.3, ""close"": 48.2, ""low"": 47.25, ""high"": 48.2, ""volume"": 242292}, {""date"": ""05-14"", ""open"": 48.2, ""close"": 48.7, ""low"": 48.2, ""high"": 49.25, ""volume"": 424975}, {""date"": ""05-15"", ""open"": 49.2, ""close"": 48.3, ""low"": 48.25, ""high"": 49.6, ""volume"": 494005}, {""date"": ""05-18"", ""open"": 48.3, ""close"": 49.1, ""low"": 47.7, ""high"": 49.3, ""volume"": 299189}, {""date"": ""05-19"", ""open"": 49.05, ""close"": 48.0, ""low"": 48.0, ""high"": 49.05, ""volume"": 251110}, {""date"": ""05-20"", ""open"": 47.9, ""close"": 49.3, ""low"": 47.5, ""high"": 49.35, ""volume"": 396200}, {""date"": ""05-21"", ""open"": 50.0, ""close"": 50.1, ""low"": 49.6, ""high"": 50.4, ""volume"": 440655}, {""date"": ""05-22"", ""open"": 50.1, ""close"": 50.2, ""low"": 49.7, ""high"": 50.5, ""volume"": 309040}, {""date"": ""05-25"", ""open"": 50.5, ""close"": 50.0, ""low"": 49.9, ""high"": 51.5, ""volume"": 423505}, {""date"": ""05-26"", ""open"": 50.1, ""close"": 50.5, ""low"": 50.1, ""high"": 50.7, ""volume"": 315052}, {""date"": ""05-27"", ""open"": 50.5, ""close"": 51.2, ""low"": 50.5, ""high"": 51.3, ""volume"": 313683}, {""date"": ""05-28"", ""open"": 51.2, ""close"": 50.3, ""low"": 50.2, ""high"": 51.3, ""volume"": 268092}]"
2026-05-28,橡膠工業,2114,鑫永銓,91.8,94.0,178,0.22,2.46,,2.34,91.26,90.07,89.04,"[{""date"": ""04-30"", ""open"": 88.6, ""close"": 88.5, ""low"": 88.3, ""high"": 88.9, ""volume"": 31350}, {""date"": ""05-04"", ""open"": 88.5, ""close"": 88.1, ""low"": 88.1, ""high"": 88.5, ""volume"": 39055}, {""date"": ""05-05"", ""open"": 88.1, ""close"": 87.9, ""low"": 87.9, ""high"": 88.4, ""volume"": 60655}, {""date"": ""05-06"", ""open"": 88.5, ""close"": 87.8, ""low"": 87.5, ""high"": 88.5, ""volume"": 74100}, {""date"": ""05-07"", ""open"": 88.8, ""close"": 87.8, ""low"": 87.7, ""high"": 88.8, ""volume"": 37270}, {""date"": ""05-08"", ""open"": 87.0, ""close"": 88.2, ""low"": 87.0, ""high"": 88.2, ""volume"": 90045}, {""date"": ""05-11"", ""open"": 87.6, ""close"": 88.0, ""low"": 87.6, ""high"": 88.2, ""volume"": 59000}, {""date"": ""05-12"", ""open"": 88.0, ""close"": 87.9, ""low"": 87.7, ""high"": 88.1, ""volume"": 119000}, {""date"": ""05-13"", ""open"": 87.9, ""close"": 88.0, ""low"": 87.7, ""high"": 88.5, ""volume"": 87000}, {""date"": ""05-14"", ""open"": 88.0, ""close"": 88.0, ""low"": 87.9, ""high"": 88.5, ""volume"": 73000}, {""date"": ""05-15"", ""open"": 88.5, ""close"": 88.4, ""low"": 88.4, ""high"": 89.6, ""volume"": 93341}, {""date"": ""05-18"", ""open"": 88.3, ""close"": 88.5, ""low"": 88.0, ""high"": 88.5, ""volume"": 62000}, {""date"": ""05-19"", ""open"": 88.5, ""close"": 88.7, ""low"": 88.5, ""high"": 89.0, ""volume"": 40000}, {""date"": ""05-20"", ""open"": 89.0, ""close"": 89.2, ""low"": 89.0, ""high"": 90.0, ""volume"": 107000}, {""date"": ""05-21"", ""open"": 89.3, ""close"": 89.6, ""low"": 89.0, ""high"": 89.6, ""volume"": 295000}, {""date"": ""05-22"", ""open"": 89.2, ""close"": 90.1, ""low"": 89.2, ""high"": 90.6, ""volume"": 106003}, {""date"": ""05-25"", ""open"": 90.5, ""close"": 91.6, ""low"": 90.5, ""high"": 91.7, ""volume"": 144117}, {""date"": ""05-26"", ""open"": 91.8, ""close"": 91.2, ""low"": 90.8, ""high"": 91.9, ""volume"": 156550}, {""date"": ""05-27"", ""open"": 91.6, ""close"": 91.6, ""low"": 91.4, ""high"": 92.0, ""volume"": 90003}, {""date"": ""05-28"", ""open"": 91.6, ""close"": 91.8, ""low"": 91.6, ""high"": 92.3, ""volume"": 107914}]"
2026-05-28,其他電子業,2488,漢平,53.2,54.5,4,0.19,1.53,,2.39,53.52,52.66,52.15,"[{""date"": ""04-30"", ""open"": 51.4, ""close"": 51.8, ""low"": 51.4, ""high"": 52.5, ""volume"": 290034}, {""date"": ""05-04"", ""open"": 51.8, ""close"": 50.8, ""low"": 50.7, ""high"": 51.8, ""volume"": 216002}, {""date"": ""05-05"", ""open"": 51.2, ""close"": 51.3, ""low"": 50.4, ""high"": 51.3, ""volume"": 180015}, {""date"": ""05-06"", ""open"": 51.7, ""close"": 51.0, ""low"": 50.4, ""high"": 51.7, ""volume"": 229000}, {""date"": ""05-07"", ""open"": 51.0, ""close"": 51.7, ""low"": 50.9, ""high"": 51.8, ""volume"": 260003}, {""date"": ""05-08"", ""open"": 52.3, ""close"": 51.9, ""low"": 51.6, ""high"": 52.3, ""volume"": 157438}, {""date"": ""05-11"", ""open"": 51.9, ""close"": 52.5, ""low"": 51.8, ""high"": 52.6, ""volume"": 179108}, {""date"": ""05-12"", ""open"": 52.7, ""close"": 51.9, ""low"": 51.9, ""high"": 52.7, ""volume"": 166368}, {""date"": ""05-13"", ""open"": 51.7, ""close"": 51.7, ""low"": 51.2, ""high"": 51.9, ""volume"": 167005}, {""date"": ""05-14"", ""open"": 51.7, ""close"": 51.8, ""low"": 51.6, ""high"": 51.8, ""volume"": 108168}, {""date"": ""05-15"", ""open"": 52.0, ""close"": 51.3, ""low"": 51.3, ""high"": 52.5, ""volume"": 216200}, {""date"": ""05-18"", ""open"": 51.1, ""close"": 51.4, ""low"": 51.1, ""high"": 51.6, ""volume"": 86019}, {""date"": ""05-19"", ""open"": 51.5, ""close"": 51.8, ""low"": 50.9, ""high"": 52.0, ""volume"": 119000}, {""date"": ""05-20"", ""open"": 52.3, ""close"": 52.1, ""low"": 51.9, ""high"": 52.3, ""volume"": 87159}, {""date"": ""05-21"", ""open"": 52.3, ""close"": 52.4, ""low"": 52.2, ""high"": 52.5, ""volume"": 199050}, {""date"": ""05-22"", ""open"": 52.9, ""close"": 54.4, ""low"": 52.6, ""high"": 54.5, ""volume"": 586565}, {""date"": ""05-25"", ""open"": 54.5, ""close"": 53.7, ""low"": 53.3, ""high"": 54.5, ""volume"": 300000}, {""date"": ""05-26"", ""open"": 54.0, ""close"": 53.2, ""low"": 53.0, ""high"": 54.0, ""volume"": 221042}, {""date"": ""05-27"", ""open"": 53.5, ""close"": 53.1, ""low"": 52.8, ""high"": 53.5, ""volume"": 163246}, {""date"": ""05-28"", ""open"": 53.2, ""close"": 53.2, ""low"": 52.8, ""high"": 53.4, ""volume"": 227038}]"
2026-05-28,生技醫療業,4106,雃博,23.8,24.4,75,2.15,3.03,,2.46,23.44,23.23,22.81,"[{""date"": ""04-30"", ""open"": 22.2, ""close"": 22.3, ""low"": 22.0, ""high"": 22.3, ""volume"": 126005}, {""date"": ""05-04"", ""open"": 22.1, ""close"": 22.3, ""low"": 22.05, ""high"": 22.3, ""volume"": 99255}, {""date"": ""05-05"", ""open"": 22.1, ""close"": 22.1, ""low"": 22.05, ""high"": 22.25, ""volume"": 65005}, {""date"": ""05-06"", ""open"": 22.1, ""close"": 22.25, ""low"": 22.1, ""high"": 22.25, ""volume"": 103015}, {""date"": ""05-07"", ""open"": 22.25, ""close"": 22.2, ""low"": 22.1, ""high"": 22.25, ""volume"": 91005}, {""date"": ""05-08"", ""open"": 22.2, ""close"": 22.2, ""low"": 22.05, ""high"": 22.25, ""volume"": 86100}, {""date"": ""05-11"", ""open"": 22.3, ""close"": 22.2, ""low"": 22.1, ""high"": 22.3, ""volume"": 55480}, {""date"": ""05-12"", ""open"": 22.15, ""close"": 22.2, ""low"": 22.05, ""high"": 22.25, ""volume"": 132080}, {""date"": ""05-13"", ""open"": 22.45, ""close"": 23.35, ""low"": 22.25, ""high"": 23.4, ""volume"": 1030479}, {""date"": ""05-14"", ""open"": 23.5, ""close"": 22.9, ""low"": 22.75, ""high"": 23.55, ""volume"": 381100}, {""date"": ""05-15"", ""open"": 22.85, ""close"": 22.9, ""low"": 22.7, ""high"": 22.9, ""volume"": 129105}, {""date"": ""05-18"", ""open"": 22.75, ""close"": 23.0, ""low"": 22.7, ""high"": 23.15, ""volume"": 114067}, {""date"": ""05-19"", ""open"": 23.0, ""close"": 23.05, ""low"": 22.8, ""high"": 23.1, ""volume"": 78105}, {""date"": ""05-20"", ""open"": 23.05, ""close"": 23.05, ""low"": 22.9, ""high"": 23.05, ""volume"": 72267}, {""date"": ""05-21"", ""open"": 23.05, ""close"": 23.1, ""low"": 23.0, ""high"": 23.3, ""volume"": 91086}, {""date"": ""05-22"", ""open"": 23.1, ""close"": 23.3, ""low"": 23.05, ""high"": 23.35, ""volume"": 100101}, {""date"": ""05-25"", ""open"": 23.1, ""close"": 23.35, ""low"": 23.05, ""high"": 23.35, ""volume"": 151105}, {""date"": ""05-26"", ""open"": 23.35, ""close"": 23.45, ""low"": 23.15, ""high"": 23.45, ""volume"": 122500}, {""date"": ""05-27"", ""open"": 23.35, ""close"": 23.3, ""low"": 23.3, ""high"": 23.45, ""volume"": 70172}, {""date"": ""05-28"", ""open"": 23.3, ""close"": 23.8, ""low"": 23.3, ""high"": 24.0, ""volume"": 344431}]"
2026-05-28,其他電子業,2373,震旦行,57.7,59.18,216,-0.52,1.58,,2.5,57.4,56.82,56.75,"[{""date"": ""04-30"", ""open"": 57.5, ""close"": 57.1, ""low"": 57.0, ""high"": 57.8, ""volume"": 42388}, {""date"": ""05-04"", ""open"": 57.1, ""close"": 56.9, ""low"": 56.9, ""high"": 57.1, ""volume"": 22536}, {""date"": ""05-05"", ""open"": 56.9, ""close"": 56.7, ""low"": 56.7, ""high"": 57.0, ""volume"": 24739}, {""date"": ""05-06"", ""open"": 57.0, ""close"": 57.5, ""low"": 56.7, ""high"": 57.5, ""volume"": 56246}, {""date"": ""05-07"", ""open"": 57.5, ""close"": 56.8, ""low"": 56.7, ""high"": 57.6, ""volume"": 60700}, {""date"": ""05-08"", ""open"": 57.0, ""close"": 56.8, ""low"": 56.3, ""high"": 57.3, ""volume"": 50000}, {""date"": ""05-11"", ""open"": 56.8, ""close"": 56.4, ""low"": 56.4, ""high"": 57.5, ""volume"": 64269}, {""date"": ""05-12"", ""open"": 58.0, ""close"": 56.6, ""low"": 56.6, ""high"": 58.0, ""volume"": 44264}, {""date"": ""05-13"", ""open"": 56.7, ""close"": 56.3, ""low"": 55.9, ""high"": 56.7, ""volume"": 20855}, {""date"": ""05-14"", ""open"": 56.3, ""close"": 55.7, ""low"": 55.7, ""high"": 57.3, ""volume"": 60000}, {""date"": ""05-15"", ""open"": 56.2, ""close"": 55.8, ""low"": 55.7, ""high"": 56.2, ""volume"": 33000}, {""date"": ""05-18"", ""open"": 56.6, ""close"": 56.0, ""low"": 55.9, ""high"": 56.6, ""volume"": 23130}, {""date"": ""05-19"", ""open"": 55.9, ""close"": 56.1, ""low"": 55.6, ""high"": 56.4, ""volume"": 38000}, {""date"": ""05-20"", ""open"": 56.4, ""close"": 56.5, ""low"": 56.1, ""high"": 56.7, ""volume"": 50152}, {""date"": ""05-21"", ""open"": 56.5, ""close"": 56.8, ""low"": 56.5, ""high"": 57.7, ""volume"": 44210}, {""date"": ""05-22"", ""open"": 56.6, ""close"": 56.8, ""low"": 56.4, ""high"": 58.0, ""volume"": 102092}, {""date"": ""05-25"", ""open"": 57.3, ""close"": 57.3, ""low"": 56.8, ""high"": 57.8, ""volume"": 36491}, {""date"": ""05-26"", ""open"": 57.3, ""close"": 57.2, ""low"": 56.6, ""high"": 57.4, ""volume"": 24792}, {""date"": ""05-27"", ""open"": 57.4, ""close"": 58.0, ""low"": 56.8, ""high"": 58.0, ""volume"": 141956}, {""date"": ""05-28"", ""open"": 58.0, ""close"": 57.7, ""low"": 57.3, ""high"": 58.1, ""volume"": 53019}]"
2026-05-28,其他,9925,新保,40.15,41.2,66,-0.12,-0.37,,2.55,40.16,40.18,40.25,"[{""date"": ""04-30"", ""open"": 40.45, ""close"": 40.3, ""low"": 40.25, ""high"": 40.45, ""volume"": 201709}, {""date"": ""05-04"", ""open"": 40.3, ""close"": 40.3, ""low"": 40.15, ""high"": 40.4, ""volume"": 369145}, {""date"": ""05-05"", ""open"": 40.4, ""close"": 40.3, ""low"": 40.2, ""high"": 40.4, ""volume"": 212162}, {""date"": ""05-06"", ""open"": 40.6, ""close"": 40.35, ""low"": 40.25, ""high"": 40.6, ""volume"": 225243}, {""date"": ""05-07"", ""open"": 40.35, ""close"": 40.4, ""low"": 40.3, ""high"": 40.55, ""volume"": 184101}, {""date"": ""05-08"", ""open"": 40.6, ""close"": 40.4, ""low"": 40.4, ""high"": 40.6, ""volume"": 130000}, {""date"": ""05-11"", ""open"": 40.4, ""close"": 40.3, ""low"": 40.25, ""high"": 40.4, ""volume"": 255133}, {""date"": ""05-12"", ""open"": 40.35, ""close"": 40.35, ""low"": 40.15, ""high"": 40.35, ""volume"": 518001}, {""date"": ""05-13"", ""open"": 40.25, ""close"": 40.35, ""low"": 40.15, ""high"": 40.35, ""volume"": 340010}, {""date"": ""05-14"", ""open"": 40.2, ""close"": 40.2, ""low"": 40.2, ""high"": 40.3, ""volume"": 228070}, {""date"": ""05-15"", ""open"": 40.2, ""close"": 40.2, ""low"": 40.2, ""high"": 40.25, ""volume"": 179021}, {""date"": ""05-18"", ""open"": 40.2, ""close"": 40.15, ""low"": 40.1, ""high"": 40.2, ""volume"": 247100}, {""date"": ""05-19"", ""open"": 40.15, ""close"": 40.2, ""low"": 40.1, ""high"": 40.2, ""volume"": 195457}, {""date"": ""05-20"", ""open"": 40.15, ""close"": 40.15, ""low"": 40.1, ""high"": 40.35, ""volume"": 234074}, {""date"": ""05-21"", ""open"": 40.15, ""close"": 40.3, ""low"": 40.1, ""high"": 40.3, ""volume"": 209000}, {""date"": ""05-22"", ""open"": 40.1, ""close"": 40.15, ""low"": 40.1, ""high"": 40.2, ""volume"": 219081}, {""date"": ""05-25"", ""open"": 40.15, ""close"": 40.15, ""low"": 40.1, ""high"": 40.25, ""volume"": 268709}, {""date"": ""05-26"", ""open"": 40.3, ""close"": 40.15, ""low"": 40.1, ""high"": 40.3, ""volume"": 202108}, {""date"": ""05-27"", ""open"": 40.1, ""close"": 40.2, ""low"": 40.1, ""high"": 40.2, ""volume"": 217085}, {""date"": ""05-28"", ""open"": 40.2, ""close"": 40.15, ""low"": 40.1, ""high"": 40.2, ""volume"": 155937}]"
2026-05-28,半導體業,8028,昇陽半導體,326.0,335.0,2,5.84,21.87,,2.69,310.1,290.45,264.92,"[{""date"": ""04-30"", ""open"": 245.0, ""close"": 245.0, ""low"": 240.0, ""high"": 255.0, ""volume"": 18396341}, {""date"": ""05-04"", ""open"": 249.0, ""close"": 244.5, ""low"": 239.5, ""high"": 250.0, ""volume"": 14498622}, {""date"": ""05-05"", ""open"": 243.5, ""close"": 241.0, ""low"": 235.0, ""high"": 247.0, ""volume"": 9552836}, {""date"": ""05-06"", ""open"": 243.0, ""close"": 236.5, ""low"": 230.5, ""high"": 247.0, ""volume"": 14114650}, {""date"": ""05-07"", ""open"": 240.0, ""close"": 229.0, ""low"": 228.5, ""high"": 241.5, ""volume"": 9926654}, {""date"": ""05-08"", ""open"": 230.5, ""close"": 226.0, ""low"": 225.0, ""high"": 241.0, ""volume"": 13031039}, {""date"": ""05-11"", ""open"": 227.5, ""close"": 234.0, ""low"": 226.0, ""high"": 236.0, ""volume"": 6388588}, {""date"": ""05-12"", ""open"": 236.0, ""close"": 238.5, ""low"": 232.5, ""high"": 253.5, ""volume"": 21379584}, {""date"": ""05-13"", ""open"": 235.0, ""close"": 238.0, ""low"": 228.0, ""high"": 243.0, ""volume"": 9542954}, {""date"": ""05-14"", ""open"": 241.5, ""close"": 261.5, ""low"": 240.0, ""high"": 261.5, ""volume"": 26132765}, {""date"": ""05-15"", ""open"": 264.0, ""close"": 287.5, ""low"": 257.0, ""high"": 287.5, ""volume"": 37185037}, {""date"": ""05-18"", ""open"": 285.0, ""close"": 278.5, ""low"": 270.0, ""high"": 285.0, ""volume"": 23021681}, {""date"": ""05-19"", ""open"": 275.0, ""close"": 262.0, ""low"": 257.0, ""high"": 275.5, ""volume"": 17392690}, {""date"": ""05-20"", ""open"": 264.5, ""close"": 258.5, ""low"": 254.5, ""high"": 267.0, ""volume"": 7425488}, {""date"": ""05-21"", ""open"": 269.0, ""close"": 267.5, ""low"": 263.5, ""high"": 281.5, ""volume"": 12305419}, {""date"": ""05-22"", ""open"": 280.5, ""close"": 294.0, ""low"": 280.5, ""high"": 294.0, ""volume"": 8324911}, {""date"": ""05-25"", ""open"": 308.0, ""close"": 311.5, ""low"": 305.5, ""high"": 321.0, ""volume"": 14353938}, {""date"": ""05-26"", ""open"": 319.5, ""close"": 311.0, ""low"": 309.0, ""high"": 335.0, ""volume"": 13356442}, {""date"": ""05-27"", ""open"": 318.0, ""close"": 308.0, ""low"": 301.5, ""high"": 318.0, ""volume"": 7396315}, {""date"": ""05-28"", ""open"": 310.5, ""close"": 326.0, ""low"": 306.5, ""high"": 338.5, ""volume"": 16205156}]"
2026-05-28,半導體業,2330,台積電,2280.0,2345.0,15,-0.87,2.24,,2.77,2283.0,2254.0,2251.5,"[{""date"": ""04-30"", ""open"": 2205.0, ""close"": 2135.0, ""low"": 2135.0, ""high"": 2215.0, ""volume"": 48975164}, {""date"": ""05-04"", ""open"": 2200.0, ""close"": 2275.0, ""low"": 2195.0, ""high"": 2285.0, ""volume"": 38390062}, {""date"": ""05-05"", ""open"": 2250.0, ""close"": 2250.0, ""low"": 2240.0, ""high"": 2270.0, ""volume"": 21625279}, {""date"": ""05-06"", ""open"": 2250.0, ""close"": 2250.0, ""low"": 2240.0, ""high"": 2285.0, ""volume"": 31918664}, {""date"": ""05-07"", ""open"": 2335.0, ""close"": 2310.0, ""low"": 2310.0, ""high"": 2345.0, ""volume"": 35034517}, {""date"": ""05-08"", ""open"": 2300.0, ""close"": 2290.0, ""low"": 2265.0, ""high"": 2310.0, ""volume"": 27102571}, {""date"": ""05-11"", ""open"": 2265.0, ""close"": 2235.0, ""low"": 2235.0, ""high"": 2275.0, ""volume"": 37244077}, {""date"": ""05-12"", ""open"": 2235.0, ""close"": 2255.0, ""low"": 2210.0, ""high"": 2280.0, ""volume"": 44459541}, {""date"": ""05-13"", ""open"": 2205.0, ""close"": 2220.0, ""low"": 2205.0, ""high"": 2240.0, ""volume"": 35350292}, {""date"": ""05-14"", ""open"": 2250.0, ""close"": 2270.0, ""low"": 2230.0, ""high"": 2270.0, ""volume"": 31747100}, {""date"": ""05-15"", ""open"": 2310.0, ""close"": 2265.0, ""low"": 2250.0, ""high"": 2325.0, ""volume"": 29922154}, {""date"": ""05-18"", ""open"": 2225.0, ""close"": 2240.0, ""low"": 2215.0, ""high"": 2260.0, ""volume"": 25875079}, {""date"": ""05-19"", ""open"": 2220.0, ""close"": 2205.0, ""low"": 2205.0, ""high"": 2230.0, ""volume"": 34824449}, {""date"": ""05-20"", ""open"": 2205.0, ""close"": 2185.0, ""low"": 2185.0, ""high"": 2210.0, ""volume"": 29320253}, {""date"": ""05-21"", ""open"": 2240.0, ""close"": 2230.0, ""low"": 2230.0, ""high"": 2255.0, ""volume"": 22964974}, {""date"": ""05-22"", ""open"": 2245.0, ""close"": 2255.0, ""low"": 2225.0, ""high"": 2260.0, ""volume"": 24437825}, {""date"": ""05-25"", ""open"": 2275.0, ""close"": 2310.0, ""low"": 2275.0, ""high"": 2310.0, ""volume"": 25215869}, {""date"": ""05-26"", ""open"": 2320.0, ""close"": 2270.0, ""low"": 2270.0, ""high"": 2325.0, ""volume"": 22586387}, {""date"": ""05-27"", ""open"": 2310.0, ""close"": 2300.0, ""low"": 2290.0, ""high"": 2330.0, ""volume"": 31986652}, {""date"": ""05-28"", ""open"": 2350.0, ""close"": 2280.0, ""low"": 2275.0, ""high"": 2360.0, ""volume"": 29007653}]"
2026-05-28,電子零組件業,2493,揚博,166.5,171.5,1,5.38,22.88,,2.92,154.9,144.1,138.0,"[{""date"": ""04-30"", ""open"": 125.5, ""close"": 123.0, ""low"": 123.0, ""high"": 126.5, ""volume"": 1210124}, {""date"": ""05-04"", ""open"": 123.5, ""close"": 124.0, ""low"": 120.0, ""high"": 127.0, ""volume"": 1618255}, {""date"": ""05-05"", ""open"": 125.0, ""close"": 136.0, ""low"": 125.0, ""high"": 136.0, ""volume"": 4614743}, {""date"": ""05-06"", ""open"": 136.5, ""close"": 139.0, ""low"": 127.0, ""high"": 142.0, ""volume"": 6738025}, {""date"": ""05-07"", ""open"": 142.0, ""close"": 141.0, ""low"": 140.5, ""high"": 145.0, ""volume"": 6398560}, {""date"": ""05-08"", ""open"": 136.5, ""close"": 131.5, ""low"": 130.0, ""high"": 138.0, ""volume"": 3918737}, {""date"": ""05-11"", ""open"": 131.5, ""close"": 129.5, ""low"": 128.5, ""high"": 131.5, ""volume"": 1567476}, {""date"": ""05-12"", ""open"": 131.0, ""close"": 127.5, ""low"": 125.5, ""high"": 132.5, ""volume"": 1462224}, {""date"": ""05-13"", ""open"": 127.5, ""close"": 127.5, ""low"": 124.0, ""high"": 128.5, ""volume"": 1169574}, {""date"": ""05-14"", ""open"": 130.5, ""close"": 140.0, ""low"": 129.0, ""high"": 140.0, ""volume"": 4509387}, {""date"": ""05-15"", ""open"": 140.0, ""close"": 136.5, ""low"": 133.5, ""high"": 145.5, ""volume"": 6655967}, {""date"": ""05-18"", ""open"": 134.5, ""close"": 134.5, ""low"": 131.5, ""high"": 138.5, ""volume"": 2553366}, {""date"": ""05-19"", ""open"": 133.5, ""close"": 131.5, ""low"": 130.5, ""high"": 135.0, ""volume"": 1702308}, {""date"": ""05-20"", ""open"": 132.0, ""close"": 128.5, ""low"": 128.0, ""high"": 134.0, ""volume"": 1518265}, {""date"": ""05-21"", ""open"": 131.5, ""close"": 135.5, ""low"": 131.0, ""high"": 137.0, ""volume"": 1674756}, {""date"": ""05-22"", ""open"": 137.5, ""close"": 137.5, ""low"": 136.0, ""high"": 140.5, ""volume"": 2476027}, {""date"": ""05-25"", ""open"": 139.5, ""close"": 149.0, ""low"": 138.5, ""high"": 151.0, ""volume"": 6868104}, {""date"": ""05-26"", ""open"": 155.5, ""close"": 163.5, ""low"": 153.0, ""high"": 163.5, ""volume"": 13073331}, {""date"": ""05-27"", ""open"": 171.0, ""close"": 158.0, ""low"": 151.0, ""high"": 171.5, ""volume"": 10018227}, {""date"": ""05-28"", ""open"": 162.5, ""close"": 166.5, ""low"": 162.0, ""high"": 173.5, ""volume"": 8210501}]"
2026-05-28,半導體業,3014,聯陽,149.0,153.5,1,-2.61,2.76,,2.93,149.9,143.8,138.75,"[{""date"": ""04-30"", ""open"": 125.5, ""close"": 124.0, ""low"": 123.5, ""high"": 126.0, ""volume"": 1169500}, {""date"": ""05-04"", ""open"": 125.5, ""close"": 127.0, ""low"": 125.5, ""high"": 128.5, ""volume"": 1419439}, {""date"": ""05-05"", ""open"": 127.5, ""close"": 131.0, ""low"": 127.0, ""high"": 131.5, ""volume"": 2464403}, {""date"": ""05-06"", ""open"": 133.0, ""close"": 132.5, ""low"": 131.0, ""high"": 133.5, ""volume"": 1968287}, {""date"": ""05-07"", ""open"": 133.5, ""close"": 131.5, ""low"": 131.5, ""high"": 133.5, ""volume"": 1604100}, {""date"": ""05-08"", ""open"": 132.0, ""close"": 135.5, ""low"": 131.5, ""high"": 140.5, ""volume"": 9539393}, {""date"": ""05-11"", ""open"": 139.0, ""close"": 139.0, ""low"": 136.0, ""high"": 139.0, ""volume"": 3468218}, {""date"": ""05-12"", ""open"": 144.0, ""close"": 140.0, ""low"": 137.5, ""high"": 146.5, ""volume"": 7449322}, {""date"": ""05-13"", ""open"": 139.0, ""close"": 137.5, ""low"": 135.5, ""high"": 140.0, ""volume"": 2190612}, {""date"": ""05-14"", ""open"": 137.5, ""close"": 139.0, ""low"": 137.5, ""high"": 141.0, ""volume"": 2195394}, {""date"": ""05-15"", ""open"": 141.0, ""close"": 136.0, ""low"": 135.0, ""high"": 142.0, ""volume"": 3020416}, {""date"": ""05-18"", ""open"": 135.0, ""close"": 135.5, ""low"": 132.0, ""high"": 136.0, ""volume"": 1204868}, {""date"": ""05-19"", ""open"": 136.0, ""close"": 134.0, ""low"": 133.5, ""high"": 138.0, ""volume"": 1759299}, {""date"": ""05-20"", ""open"": 134.5, ""close"": 138.0, ""low"": 134.0, ""high"": 141.5, ""volume"": 2600963}, {""date"": ""05-21"", ""open"": 140.0, ""close"": 145.0, ""low"": 138.5, ""high"": 147.0, ""volume"": 6294257}, {""date"": ""05-22"", ""open"": 146.0, ""close"": 148.0, ""low"": 143.0, ""high"": 149.0, ""volume"": 4595494}, {""date"": ""05-25"", ""open"": 151.5, ""close"": 148.5, ""low"": 148.0, ""high"": 152.5, ""volume"": 3379312}, {""date"": ""05-26"", ""open"": 148.5, ""close"": 151.0, ""low"": 147.0, ""high"": 151.5, ""volume"": 2797927}, {""date"": ""05-27"", ""open"": 152.0, ""close"": 153.0, ""low"": 149.0, ""high"": 153.5, ""volume"": 3188339}, {""date"": ""05-28"", ""open"": 153.0, ""close"": 149.0, ""low"": 148.5, ""high"": 156.0, ""volume"": 1997263}]"
2026-05-28,其他電子業,2317,鴻海,261.0,269.0,1,-1.14,5.45,,2.97,259.0,252.45,248.2,"[{""date"": ""04-30"", ""open"": 224.5, ""close"": 219.5, ""low"": 219.5, ""high"": 230.0, ""volume"": 71802349}, {""date"": ""05-04"", ""open"": 224.0, ""close"": 227.5, ""low"": 223.5, ""high"": 229.5, ""volume"": 55806920}, {""date"": ""05-05"", ""open"": 227.5, ""close"": 239.5, ""low"": 227.0, ""high"": 240.0, ""volume"": 155860044}, {""date"": ""05-06"", ""open"": 246.5, ""close"": 252.0, ""low"": 245.0, ""high"": 253.0, ""volume"": 233432260}, {""date"": ""05-07"", ""open"": 255.0, ""close"": 253.5, ""low"": 250.0, ""high"": 258.0, ""volume"": 125546014}, {""date"": ""05-08"", ""open"": 254.0, ""close"": 250.0, ""low"": 245.5, ""high"": 256.0, ""volume"": 98286050}, {""date"": ""05-11"", ""open"": 256.5, ""close"": 252.0, ""low"": 251.0, ""high"": 258.0, ""volume"": 61755068}, {""date"": ""05-12"", ""open"": 254.0, ""close"": 250.0, ""low"": 246.0, ""high"": 254.0, ""volume"": 81122139}, {""date"": ""05-13"", ""open"": 246.5, ""close"": 251.0, ""low"": 242.5, ""high"": 251.0, ""volume"": 70431323}, {""date"": ""05-14"", ""open"": 255.0, ""close"": 244.5, ""low"": 244.0, ""high"": 255.0, ""volume"": 71191228}, {""date"": ""05-15"", ""open"": 249.0, ""close"": 248.5, ""low"": 247.0, ""high"": 260.0, ""volume"": 134968302}, {""date"": ""05-18"", ""open"": 251.0, ""close"": 248.5, ""low"": 241.0, ""high"": 251.0, ""volume"": 60689919}, {""date"": ""05-19"", ""open"": 251.0, ""close"": 245.0, ""low"": 244.0, ""high"": 254.0, ""volume"": 68744554}, {""date"": ""05-20"", ""open"": 246.5, ""close"": 240.0, ""low"": 239.5, ""high"": 246.5, ""volume"": 61055296}, {""date"": ""05-21"", ""open"": 245.0, ""close"": 247.5, ""low"": 244.0, ""high"": 249.0, ""volume"": 50459560}, {""date"": ""05-22"", ""open"": 249.0, ""close"": 250.0, ""low"": 245.0, ""high"": 251.5, ""volume"": 55061095}, {""date"": ""05-25"", ""open"": 255.0, ""close"": 261.0, ""low"": 255.0, ""high"": 263.5, ""volume"": 119013627}, {""date"": ""05-26"", ""open"": 262.5, ""close"": 259.0, ""low"": 257.0, ""high"": 263.5, ""volume"": 54322447}, {""date"": ""05-27"", ""open"": 263.0, ""close"": 264.0, ""low"": 261.0, ""high"": 269.0, ""volume"": 76194767}, {""date"": ""05-28"", ""open"": 265.0, ""close"": 261.0, ""low"": 260.5, ""high"": 269.5, ""volume"": 56393896}]"
2026-05-28,未分類,9105,泰金寶-DR,8.7,8.97,1,1.64,41.69,,3.01,7.92,6.83,6.3,"[{""date"": ""04-30"", ""open"": 5.98, ""close"": 5.86, ""low"": 5.86, ""high"": 6.0, ""volume"": 16161239}, {""date"": ""05-04"", ""open"": 5.9, ""close"": 5.83, ""low"": 5.83, ""high"": 5.95, ""volume"": 10208078}, {""date"": ""05-05"", ""open"": 5.85, ""close"": 5.87, ""low"": 5.82, ""high"": 5.95, ""volume"": 13184699}, {""date"": ""05-06"", ""open"": 5.88, ""close"": 5.8, ""low"": 5.74, ""high"": 5.94, ""volume"": 20711035}, {""date"": ""05-07"", ""open"": 5.82, ""close"": 5.75, ""low"": 5.73, ""high"": 5.85, ""volume"": 22446018}, {""date"": ""05-08"", ""open"": 5.72, ""close"": 5.68, ""low"": 5.6, ""high"": 5.81, ""volume"": 19173698}, {""date"": ""05-11"", ""open"": 5.75, ""close"": 5.8, ""low"": 5.7, ""high"": 5.85, ""volume"": 17586487}, {""date"": ""05-12"", ""open"": 5.85, ""close"": 5.69, ""low"": 5.67, ""high"": 5.85, ""volume"": 13830294}, {""date"": ""05-13"", ""open"": 5.67, ""close"": 5.64, ""low"": 5.6, ""high"": 5.7, ""volume"": 9895914}, {""date"": ""05-14"", ""open"": 5.67, ""close"": 5.77, ""low"": 5.6, ""high"": 5.78, ""volume"": 13141200}, {""date"": ""05-15"", ""open"": 5.79, ""close"": 5.69, ""low"": 5.68, ""high"": 5.83, ""volume"": 16608077}, {""date"": ""05-18"", ""open"": 5.65, ""close"": 5.7, ""low"": 5.58, ""high"": 5.72, ""volume"": 8188717}, {""date"": ""05-19"", ""open"": 5.68, ""close"": 5.58, ""low"": 5.58, ""high"": 5.72, ""volume"": 11465471}, {""date"": ""05-20"", ""open"": 5.59, ""close"": 5.59, ""low"": 5.55, ""high"": 5.65, ""volume"": 7341362}, {""date"": ""05-21"", ""open"": 5.85, ""close"": 6.14, ""low"": 5.77, ""high"": 6.14, ""volume"": 63659767}, {""date"": ""05-22"", ""open"": 6.3, ""close"": 6.75, ""low"": 6.26, ""high"": 6.75, ""volume"": 128739791}, {""date"": ""05-25"", ""open"": 7.42, ""close"": 7.42, ""low"": 7.42, ""high"": 7.42, ""volume"": 19455247}, {""date"": ""05-26"", ""open"": 8.16, ""close"": 8.16, ""low"": 8.16, ""high"": 8.16, ""volume"": 36656846}, {""date"": ""05-27"", ""open"": 8.97, ""close"": 8.56, ""low"": 7.95, ""high"": 8.97, ""volume"": 339209270}, {""date"": ""05-28"", ""open"": 8.9, ""close"": 8.7, ""low"": 8.5, ""high"": 9.25, ""volume"": 201352048}]"
2026-05-28,汽車工業,2497,怡利電,60.8,62.7,14,5.01,7.04,,3.03,58.74,57.55,57.45,"[{""date"": ""04-30"", ""open"": 56.3, ""close"": 55.1, ""low"": 55.0, ""high"": 56.5, ""volume"": 511011}, {""date"": ""05-04"", ""open"": 56.0, ""close"": 53.8, ""low"": 52.6, ""high"": 56.0, ""volume"": 1195411}, {""date"": ""05-05"", ""open"": 54.3, ""close"": 55.2, ""low"": 53.6, ""high"": 56.0, ""volume"": 574200}, {""date"": ""05-06"", ""open"": 55.5, ""close"": 55.0, ""low"": 54.5, ""high"": 55.5, ""volume"": 626200}, {""date"": ""05-07"", ""open"": 57.9, ""close"": 60.5, ""low"": 57.0, ""high"": 60.5, ""volume"": 1539579}, {""date"": ""05-08"", ""open"": 61.0, ""close"": 60.7, ""low"": 60.0, ""high"": 62.7, ""volume"": 2964229}, {""date"": ""05-11"", ""open"": 60.9, ""close"": 58.6, ""low"": 58.1, ""high"": 60.9, ""volume"": 954000}, {""date"": ""05-12"", ""open"": 58.6, ""close"": 58.5, ""low"": 57.3, ""high"": 59.0, ""volume"": 563000}, {""date"": ""05-13"", ""open"": 58.7, ""close"": 59.0, ""low"": 57.8, ""high"": 60.7, ""volume"": 954080}, {""date"": ""05-14"", ""open"": 59.0, ""close"": 57.1, ""low"": 57.1, ""high"": 59.3, ""volume"": 612080}, {""date"": ""05-15"", ""open"": 57.5, ""close"": 57.6, ""low"": 57.0, ""high"": 58.5, ""volume"": 570000}, {""date"": ""05-18"", ""open"": 57.1, ""close"": 55.5, ""low"": 54.8, ""high"": 57.1, ""volume"": 561290}, {""date"": ""05-19"", ""open"": 55.7, ""close"": 55.8, ""low"": 54.9, ""high"": 56.7, ""volume"": 404129}, {""date"": ""05-20"", ""open"": 55.3, ""close"": 56.1, ""low"": 55.3, ""high"": 57.0, ""volume"": 341300}, {""date"": ""05-21"", ""open"": 57.1, ""close"": 56.8, ""low"": 56.2, ""high"": 57.1, ""volume"": 363410}, {""date"": ""05-22"", ""open"": 56.9, ""close"": 57.0, ""low"": 56.3, ""high"": 57.4, ""volume"": 347438}, {""date"": ""05-25"", ""open"": 59.0, ""close"": 59.0, ""low"": 57.1, ""high"": 59.7, ""volume"": 895387}, {""date"": ""05-26"", ""open"": 59.2, ""close"": 59.0, ""low"": 57.6, ""high"": 60.1, ""volume"": 438301}, {""date"": ""05-27"", ""open"": 59.5, ""close"": 57.9, ""low"": 57.9, ""high"": 59.5, ""volume"": 352310}, {""date"": ""05-28"", ""open"": 58.6, ""close"": 60.8, ""low"": 58.6, ""high"": 63.6, ""volume"": 3235536}]"
2026-05-28,其他,9942,茂順,119.0,123.0,65,1.71,1.71,,3.25,117.6,117.15,118.18,"[{""date"": ""04-30"", ""open"": 117.0, ""close"": 116.5, ""low"": 116.5, ""high"": 118.0, ""volume"": 50001}, {""date"": ""05-04"", ""open"": 117.0, ""close"": 117.5, ""low"": 116.0, ""high"": 117.5, ""volume"": 91000}, {""date"": ""05-05"", ""open"": 117.0, ""close"": 119.0, ""low"": 117.0, ""high"": 119.0, ""volume"": 99111}, {""date"": ""05-06"", ""open"": 120.0, ""close"": 119.5, ""low"": 118.5, ""high"": 120.0, ""volume"": 124351}, {""date"": ""05-07"", ""open"": 121.0, ""close"": 120.0, ""low"": 119.0, ""high"": 121.0, ""volume"": 124100}, {""date"": ""05-08"", ""open"": 120.5, ""close"": 121.5, ""low"": 120.0, ""high"": 122.0, ""volume"": 202500}, {""date"": ""05-11"", ""open"": 122.5, ""close"": 120.5, ""low"": 120.0, ""high"": 122.5, ""volume"": 165042}, {""date"": ""05-12"", ""open"": 120.5, ""close"": 119.5, ""low"": 119.0, ""high"": 120.5, ""volume"": 113051}, {""date"": ""05-13"", ""open"": 119.5, ""close"": 120.0, ""low"": 119.0, ""high"": 120.0, ""volume"": 74050}, {""date"": ""05-14"", ""open"": 120.0, ""close"": 118.0, ""low"": 118.0, ""high"": 120.0, ""volume"": 93160}, {""date"": ""05-15"", ""open"": 118.0, ""close"": 116.5, ""low"": 116.5, ""high"": 119.0, ""volume"": 73014}, {""date"": ""05-18"", ""open"": 116.5, ""close"": 116.5, ""low"": 116.0, ""high"": 117.5, ""volume"": 46000}, {""date"": ""05-19"", ""open"": 116.5, ""close"": 116.5, ""low"": 116.5, ""high"": 117.0, ""volume"": 44000}, {""date"": ""05-20"", ""open"": 117.0, ""close"": 117.0, ""low"": 116.5, ""high"": 117.0, ""volume"": 71010}, {""date"": ""05-21"", ""open"": 117.5, ""close"": 117.0, ""low"": 117.0, ""high"": 118.0, ""volume"": 57094}, {""date"": ""05-22"", ""open"": 117.0, ""close"": 117.0, ""low"": 117.0, ""high"": 117.5, ""volume"": 68394}, {""date"": ""05-25"", ""open"": 117.5, ""close"": 118.0, ""low"": 117.5, ""high"": 118.5, ""volume"": 146230}, {""date"": ""05-26"", ""open"": 117.5, ""close"": 117.0, ""low"": 117.0, ""high"": 118.0, ""volume"": 91130}, {""date"": ""05-27"", ""open"": 118.0, ""close"": 117.0, ""low"": 117.0, ""high"": 118.0, ""volume"": 72200}, {""date"": ""05-28"", ""open"": 118.0, ""close"": 119.0, ""low"": 117.5, ""high"": 120.5, ""volume"": 226271}]"
2026-05-28,化學工業,1709,和益,19.25,19.9,31,0.26,4.62,,3.27,19.05,18.62,18.56,"[{""date"": ""04-30"", ""open"": 19.0, ""close"": 18.65, ""low"": 18.65, ""high"": 19.0, ""volume"": 385793}, {""date"": ""05-04"", ""open"": 18.65, ""close"": 18.6, ""low"": 18.55, ""high"": 18.7, ""volume"": 374402}, {""date"": ""05-05"", ""open"": 18.6, ""close"": 18.5, ""low"": 18.4, ""high"": 18.65, ""volume"": 566536}, {""date"": ""05-06"", ""open"": 18.5, ""close"": 18.55, ""low"": 18.5, ""high"": 18.75, ""volume"": 422620}, {""date"": ""05-07"", ""open"": 18.5, ""close"": 18.5, ""low"": 18.45, ""high"": 18.55, ""volume"": 493106}, {""date"": ""05-08"", ""open"": 18.5, ""close"": 18.65, ""low"": 18.5, ""high"": 18.8, ""volume"": 473935}, {""date"": ""05-11"", ""open"": 18.7, ""close"": 18.5, ""low"": 18.4, ""high"": 18.9, ""volume"": 774538}, {""date"": ""05-12"", ""open"": 18.5, ""close"": 18.2, ""low"": 18.15, ""high"": 18.5, ""volume"": 458500}, {""date"": ""05-13"", ""open"": 18.6, ""close"": 18.45, ""low"": 18.45, ""high"": 18.65, ""volume"": 547231}, {""date"": ""05-14"", ""open"": 18.55, ""close"": 18.4, ""low"": 18.35, ""high"": 18.6, ""volume"": 463216}, {""date"": ""05-15"", ""open"": 18.4, ""close"": 18.2, ""low"": 18.0, ""high"": 18.4, ""volume"": 1113545}, {""date"": ""05-18"", ""open"": 18.1, ""close"": 18.0, ""low"": 17.85, ""high"": 18.25, ""volume"": 1063237}, {""date"": ""05-19"", ""open"": 17.95, ""close"": 18.25, ""low"": 17.95, ""high"": 18.35, ""volume"": 466000}, {""date"": ""05-20"", ""open"": 18.3, ""close"": 18.15, ""low"": 18.05, ""high"": 18.3, ""volume"": 521223}, {""date"": ""05-21"", ""open"": 18.35, ""close"": 18.4, ""low"": 18.25, ""high"": 18.5, ""volume"": 430132}, {""date"": ""05-22"", ""open"": 18.4, ""close"": 18.4, ""low"": 18.3, ""high"": 18.5, ""volume"": 569180}, {""date"": ""05-25"", ""open"": 18.4, ""close"": 19.15, ""low"": 18.25, ""high"": 19.15, ""volume"": 1655615}, {""date"": ""05-26"", ""open"": 19.15, ""close"": 19.25, ""low"": 18.85, ""high"": 19.3, ""volume"": 973041}, {""date"": ""05-27"", ""open"": 19.25, ""close"": 19.2, ""low"": 19.15, ""high"": 19.7, ""volume"": 2078219}, {""date"": ""05-28"", ""open"": 19.3, ""close"": 19.25, ""low"": 19.1, ""high"": 19.55, ""volume"": 837027}]"
2026-05-28,其他電子業,2459,敦吉,66.7,69.0,78,-0.45,0.15,,3.33,66.84,66.48,66.48,"[{""date"": ""04-30"", ""open"": 66.7, ""close"": 66.7, ""low"": 66.7, ""high"": 67.1, ""volume"": 145716}, {""date"": ""05-04"", ""open"": 66.9, ""close"": 66.7, ""low"": 66.2, ""high"": 67.2, ""volume"": 131400}, {""date"": ""05-05"", ""open"": 66.3, ""close"": 66.8, ""low"": 66.3, ""high"": 67.3, ""volume"": 116000}, {""date"": ""05-06"", ""open"": 66.8, ""close"": 66.7, ""low"": 66.3, ""high"": 67.2, ""volume"": 202957}, {""date"": ""05-07"", ""open"": 66.7, ""close"": 66.6, ""low"": 66.6, ""high"": 67.3, ""volume"": 213400}, {""date"": ""05-08"", ""open"": 66.4, ""close"": 66.7, ""low"": 66.4, ""high"": 67.1, ""volume"": 107002}, {""date"": ""05-11"", ""open"": 66.2, ""close"": 66.7, ""low"": 66.2, ""high"": 66.9, ""volume"": 161055}, {""date"": ""05-12"", ""open"": 66.4, ""close"": 66.5, ""low"": 66.4, ""high"": 66.7, ""volume"": 113072}, {""date"": ""05-13"", ""open"": 66.0, ""close"": 65.6, ""low"": 64.7, ""high"": 66.0, ""volume"": 171290}, {""date"": ""05-14"", ""open"": 65.8, ""close"": 65.8, ""low"": 65.8, ""high"": 66.6, ""volume"": 132100}, {""date"": ""05-15"", ""open"": 65.8, ""close"": 65.8, ""low"": 65.8, ""high"": 66.3, ""volume"": 146050}, {""date"": ""05-18"", ""open"": 65.7, ""close"": 66.2, ""low"": 65.2, ""high"": 66.3, ""volume"": 135006}, {""date"": ""05-19"", ""open"": 66.0, ""close"": 66.1, ""low"": 66.0, ""high"": 66.7, ""volume"": 126928}, {""date"": ""05-20"", ""open"": 66.1, ""close"": 65.9, ""low"": 65.8, ""high"": 66.2, ""volume"": 164000}, {""date"": ""05-21"", ""open"": 66.0, ""close"": 66.6, ""low"": 66.0, ""high"": 66.6, ""volume"": 219000}, {""date"": ""05-22"", ""open"": 66.4, ""close"": 67.1, ""low"": 66.4, ""high"": 67.2, ""volume"": 195547}, {""date"": ""05-25"", ""open"": 67.0, ""close"": 66.4, ""low"": 65.9, ""high"": 67.0, ""volume"": 391120}, {""date"": ""05-26"", ""open"": 66.1, ""close"": 67.0, ""low"": 66.1, ""high"": 67.3, ""volume"": 333501}, {""date"": ""05-27"", ""open"": 66.5, ""close"": 67.0, ""low"": 66.5, ""high"": 67.4, ""volume"": 298001}, {""date"": ""05-28"", ""open"": 67.0, ""close"": 66.7, ""low"": 66.3, ""high"": 67.3, ""volume"": 317436}]"
2026-05-28,電腦及週邊設備業,2357,華碩,695.0,719.0,148,-0.86,5.95,,3.34,697.2,670.0,654.05,"[{""date"": ""04-30"", ""open"": 585.0, ""close"": 581.0, ""low"": 581.0, ""high"": 590.0, ""volume"": 2965614}, {""date"": ""05-04"", ""open"": 588.0, ""close"": 591.0, ""low"": 582.0, ""high"": 597.0, ""volume"": 3807285}, {""date"": ""05-05"", ""open"": 590.0, ""close"": 590.0, ""low"": 588.0, ""high"": 594.0, ""volume"": 2471935}, {""date"": ""05-06"", ""open"": 598.0, ""close"": 629.0, ""low"": 596.0, ""high"": 634.0, ""volume"": 8367152}, {""date"": ""05-07"", ""open"": 633.0, ""close"": 639.0, ""low"": 625.0, ""high"": 655.0, ""volume"": 9523752}, {""date"": ""05-08"", ""open"": 640.0, ""close"": 650.0, ""low"": 638.0, ""high"": 670.0, ""volume"": 8687913}, {""date"": ""05-11"", ""open"": 661.0, ""close"": 686.0, ""low"": 658.0, ""high"": 699.0, ""volume"": 9919541}, {""date"": ""05-12"", ""open"": 686.0, ""close"": 673.0, ""low"": 672.0, ""high"": 693.0, ""volume"": 6273823}, {""date"": ""05-13"", ""open"": 648.0, ""close"": 663.0, ""low"": 648.0, ""high"": 672.0, ""volume"": 6501788}, {""date"": ""05-14"", ""open"": 675.0, ""close"": 679.0, ""low"": 667.0, ""high"": 687.0, ""volume"": 5446513}, {""date"": ""05-15"", ""open"": 681.0, ""close"": 641.0, ""low"": 638.0, ""high"": 682.0, ""volume"": 6341220}, {""date"": ""05-18"", ""open"": 637.0, ""close"": 635.0, ""low"": 622.0, ""high"": 641.0, ""volume"": 3840346}, {""date"": ""05-19"", ""open"": 636.0, ""close"": 642.0, ""low"": 635.0, ""high"": 651.0, ""volume"": 4790562}, {""date"": ""05-20"", ""open"": 645.0, ""close"": 640.0, ""low"": 636.0, ""high"": 650.0, ""volume"": 3751228}, {""date"": ""05-21"", ""open"": 652.0, ""close"": 656.0, ""low"": 647.0, ""high"": 658.0, ""volume"": 4716803}, {""date"": ""05-22"", ""open"": 656.0, ""close"": 682.0, ""low"": 655.0, ""high"": 685.0, ""volume"": 5223247}, {""date"": ""05-25"", ""open"": 692.0, ""close"": 709.0, ""low"": 690.0, ""high"": 717.0, ""volume"": 6550347}, {""date"": ""05-26"", ""open"": 711.0, ""close"": 699.0, ""low"": 694.0, ""high"": 717.0, ""volume"": 4416517}, {""date"": ""05-27"", ""open"": 700.0, ""close"": 701.0, ""low"": 694.0, ""high"": 709.0, ""volume"": 4050282}, {""date"": ""05-28"", ""open"": 703.0, ""close"": 695.0, ""low"": 690.0, ""high"": 711.0, ""volume"": 2513585}]"
2026-05-28,電子零組件業,2484,希華,54.9,56.8,2,4.37,22.41,,3.35,53.4,47.47,44.02,"[{""date"": ""04-30"", ""open"": 40.6, ""close"": 39.55, ""low"": 39.4, ""high"": 40.75, ""volume"": 1660512}, {""date"": ""05-04"", ""open"": 40.75, ""close"": 41.5, ""low"": 39.6, ""high"": 41.8, ""volume"": 2659067}, {""date"": ""05-05"", ""open"": 41.5, ""close"": 42.55, ""low"": 41.0, ""high"": 42.55, ""volume"": 2135862}, {""date"": ""05-06"", ""open"": 43.0, ""close"": 40.8, ""low"": 40.0, ""high"": 43.0, ""volume"": 2819405}, {""date"": ""05-07"", ""open"": 40.75, ""close"": 44.85, ""low"": 40.55, ""high"": 44.85, ""volume"": 20373364}, {""date"": ""05-08"", ""open"": 44.4, ""close"": 41.8, ""low"": 41.4, ""high"": 47.6, ""volume"": 30159044}, {""date"": ""05-11"", ""open"": 41.8, ""close"": 39.6, ""low"": 38.2, ""high"": 41.8, ""volume"": 10477721}, {""date"": ""05-12"", ""open"": 39.8, ""close"": 38.9, ""low"": 37.6, ""high"": 40.5, ""volume"": 9137936}, {""date"": ""05-13"", ""open"": 38.9, ""close"": 37.9, ""low"": 37.9, ""high"": 40.3, ""volume"": 7386991}, {""date"": ""05-14"", ""open"": 38.35, ""close"": 38.3, ""low"": 36.85, ""high"": 38.95, ""volume"": 7858308}, {""date"": ""05-15"", ""open"": 38.35, ""close"": 37.3, ""low"": 37.0, ""high"": 39.2, ""volume"": 5078877}, {""date"": ""05-18"", ""open"": 36.9, ""close"": 41.0, ""low"": 36.35, ""high"": 41.0, ""volume"": 15521662}, {""date"": ""05-19"", ""open"": 41.5, ""close"": 40.3, ""low"": 40.2, ""high"": 42.95, ""volume"": 18248583}, {""date"": ""05-20"", ""open"": 40.0, ""close"": 44.3, ""low"": 40.0, ""high"": 44.3, ""volume"": 23288552}, {""date"": ""05-21"", ""open"": 45.0, ""close"": 44.85, ""low"": 44.1, ""high"": 46.5, ""volume"": 38826586}, {""date"": ""05-22"", ""open"": 45.4, ""close"": 49.3, ""low"": 45.3, ""high"": 49.3, ""volume"": 34316257}, {""date"": ""05-25"", ""open"": 52.4, ""close"": 54.2, ""low"": 52.0, ""high"": 54.2, ""volume"": 41062198}, {""date"": ""05-26"", ""open"": 54.7, ""close"": 56.0, ""low"": 50.4, ""high"": 56.8, ""volume"": 44774668}, {""date"": ""05-27"", ""open"": 56.5, ""close"": 52.6, ""low"": 51.8, ""high"": 56.5, ""volume"": 21747579}, {""date"": ""05-28"", ""open"": 52.6, ""close"": 54.9, ""low"": 52.5, ""high"": 57.8, ""volume"": 39115835}]"
2026-05-28,金融保險,2882,國泰金,83.5,86.4,1,-2.22,6.1,,3.36,82.64,80.23,78.97,"[{""date"": ""04-30"", ""open"": 78.0, ""close"": 77.2, ""low"": 77.2, ""high"": 79.5, ""volume"": 29306785}, {""date"": ""05-04"", ""open"": 77.8, ""close"": 76.2, ""low"": 76.2, ""high"": 78.8, ""volume"": 35195234}, {""date"": ""05-05"", ""open"": 76.2, ""close"": 77.2, ""low"": 75.8, ""high"": 77.7, ""volume"": 28252783}, {""date"": ""05-06"", ""open"": 77.7, ""close"": 78.7, ""low"": 77.6, ""high"": 79.2, ""volume"": 31155809}, {""date"": ""05-07"", ""open"": 78.5, ""close"": 79.0, ""low"": 78.0, ""high"": 79.2, ""volume"": 24074023}, {""date"": ""05-08"", ""open"": 79.5, ""close"": 80.0, ""low"": 79.3, ""high"": 80.8, ""volume"": 36525837}, {""date"": ""05-11"", ""open"": 79.6, ""close"": 78.4, ""low"": 78.4, ""high"": 79.6, ""volume"": 21853943}, {""date"": ""05-12"", ""open"": 78.7, ""close"": 76.4, ""low"": 76.4, ""high"": 79.5, ""volume"": 44508109}, {""date"": ""05-13"", ""open"": 76.6, ""close"": 77.3, ""low"": 76.1, ""high"": 78.3, ""volume"": 34340309}, {""date"": ""05-14"", ""open"": 76.9, ""close"": 76.7, ""low"": 76.7, ""high"": 78.6, ""volume"": 26704483}, {""date"": ""05-15"", ""open"": 77.4, ""close"": 77.9, ""low"": 77.0, ""high"": 79.7, ""volume"": 54587526}, {""date"": ""05-18"", ""open"": 78.0, ""close"": 76.8, ""low"": 76.5, ""high"": 78.0, ""volume"": 25972412}, {""date"": ""05-19"", ""open"": 77.5, ""close"": 77.8, ""low"": 77.3, ""high"": 79.7, ""volume"": 45890134}, {""date"": ""05-20"", ""open"": 78.0, ""close"": 77.9, ""low"": 77.0, ""high"": 78.4, ""volume"": 27663824}, {""date"": ""05-21"", ""open"": 77.8, ""close"": 78.7, ""low"": 77.8, ""high"": 79.1, ""volume"": 41744037}, {""date"": ""05-22"", ""open"": 78.5, ""close"": 79.7, ""low"": 78.2, ""high"": 79.8, ""volume"": 40668392}, {""date"": ""05-25"", ""open"": 79.9, ""close"": 81.5, ""low"": 78.7, ""high"": 81.5, ""volume"": 48760635}, {""date"": ""05-26"", ""open"": 80.6, ""close"": 83.1, ""low"": 80.6, ""high"": 83.1, ""volume"": 54387264}, {""date"": ""05-27"", ""open"": 83.1, ""close"": 85.4, ""low"": 82.7, ""high"": 86.4, ""volume"": 69625066}, {""date"": ""05-28"", ""open"": 85.4, ""close"": 83.5, ""low"": 83.4, ""high"": 86.2, ""volume"": 35918778}]"
2026-05-28,食品工業,1203,味王,43.0,44.5,25,0.7,0.82,,3.37,42.72,42.2,42.72,"[{""date"": ""04-30"", ""open"": 43.1, ""close"": 43.6, ""low"": 42.95, ""high"": 43.6, ""volume"": 23268}, {""date"": ""05-04"", ""open"": 42.35, ""close"": 42.75, ""low"": 42.35, ""high"": 44.0, ""volume"": 20372}, {""date"": ""05-05"", ""open"": 42.5, ""close"": 42.7, ""low"": 42.5, ""high"": 43.2, ""volume"": 9045}, {""date"": ""05-06"", ""open"": 43.8, ""close"": 43.7, ""low"": 42.55, ""high"": 43.8, ""volume"": 29650}, {""date"": ""05-07"", ""open"": 43.7, ""close"": 43.35, ""low"": 42.8, ""high"": 44.0, ""volume"": 30060}, {""date"": ""05-08"", ""open"": 44.0, ""close"": 44.0, ""low"": 43.05, ""high"": 44.0, ""volume"": 45130}, {""date"": ""05-11"", ""open"": 44.0, ""close"": 44.0, ""low"": 44.0, ""high"": 44.0, ""volume"": 4027}, {""date"": ""05-12"", ""open"": 42.95, ""close"": 42.9, ""low"": 42.6, ""high"": 43.3, ""volume"": 45155}, {""date"": ""05-13"", ""open"": 43.0, ""close"": 42.85, ""low"": 42.6, ""high"": 43.0, ""volume"": 20436}, {""date"": ""05-14"", ""open"": 42.3, ""close"": 42.65, ""low"": 42.3, ""high"": 42.85, ""volume"": 27081}, {""date"": ""05-15"", ""open"": 42.65, ""close"": 42.55, ""low"": 42.3, ""high"": 42.7, ""volume"": 22347}, {""date"": ""05-18"", ""open"": 42.55, ""close"": 40.75, ""low"": 40.35, ""high"": 42.6, ""volume"": 27310}, {""date"": ""05-19"", ""open"": 40.15, ""close"": 40.75, ""low"": 40.15, ""high"": 42.0, ""volume"": 6025}, {""date"": ""05-20"", ""open"": 41.2, ""close"": 41.65, ""low"": 40.25, ""high"": 41.65, ""volume"": 34003}, {""date"": ""05-21"", ""open"": 42.85, ""close"": 42.65, ""low"": 42.6, ""high"": 43.7, ""volume"": 57303}, {""date"": ""05-22"", ""open"": 42.4, ""close"": 42.6, ""low"": 42.3, ""high"": 42.8, ""volume"": 40840}, {""date"": ""05-25"", ""open"": 42.6, ""close"": 42.6, ""low"": 42.2, ""high"": 43.1, ""volume"": 52156}, {""date"": ""05-26"", ""open"": 41.75, ""close"": 42.7, ""low"": 41.75, ""high"": 43.15, ""volume"": 29453}, {""date"": ""05-27"", ""open"": 42.7, ""close"": 42.7, ""low"": 42.05, ""high"": 42.7, ""volume"": 16109}, {""date"": ""05-28"", ""open"": 43.5, ""close"": 43.0, ""low"": 41.1, ""high"": 43.5, ""volume"": 15812}]"
2026-05-28,電腦及週邊設備業,4938,和碩,83.1,86.0,24,1.22,5.06,,3.37,81.7,79.47,80.77,"[{""date"": ""04-30"", ""open"": 81.5, ""close"": 82.3, ""low"": 81.5, ""high"": 83.3, ""volume"": 7407402}, {""date"": ""05-04"", ""open"": 83.4, ""close"": 81.3, ""low"": 81.2, ""high"": 83.4, ""volume"": 11596156}, {""date"": ""05-05"", ""open"": 81.5, ""close"": 81.5, ""low"": 80.9, ""high"": 81.7, ""volume"": 8339512}, {""date"": ""05-06"", ""open"": 82.3, ""close"": 83.6, ""low"": 81.7, ""high"": 83.6, ""volume"": 11648430}, {""date"": ""05-07"", ""open"": 83.8, ""close"": 84.3, ""low"": 83.3, ""high"": 84.7, ""volume"": 10327663}, {""date"": ""05-08"", ""open"": 84.5, ""close"": 84.4, ""low"": 83.9, ""high"": 85.3, ""volume"": 10856085}, {""date"": ""05-11"", ""open"": 84.4, ""close"": 83.4, ""low"": 82.6, ""high"": 84.4, ""volume"": 9942752}, {""date"": ""05-12"", ""open"": 83.6, ""close"": 81.1, ""low"": 81.1, ""high"": 83.8, ""volume"": 12204566}, {""date"": ""05-13"", ""open"": 80.8, ""close"": 81.8, ""low"": 80.2, ""high"": 82.4, ""volume"": 12235759}, {""date"": ""05-14"", ""open"": 81.0, ""close"": 77.0, ""low"": 75.8, ""high"": 81.0, ""volume"": 35960330}, {""date"": ""05-15"", ""open"": 77.2, ""close"": 76.5, ""low"": 76.4, ""high"": 78.5, ""volume"": 15445666}, {""date"": ""05-18"", ""open"": 77.0, ""close"": 76.5, ""low"": 75.8, ""high"": 77.5, ""volume"": 10059692}, {""date"": ""05-19"", ""open"": 77.2, ""close"": 76.9, ""low"": 76.8, ""high"": 78.0, ""volume"": 7982906}, {""date"": ""05-20"", ""open"": 76.9, ""close"": 77.2, ""low"": 76.6, ""high"": 77.7, ""volume"": 10038553}, {""date"": ""05-21"", ""open"": 78.0, ""close"": 79.1, ""low"": 77.7, ""high"": 79.5, ""volume"": 11973941}, {""date"": ""05-22"", ""open"": 79.1, ""close"": 80.7, ""low"": 79.1, ""high"": 81.1, ""volume"": 12108335}, {""date"": ""05-25"", ""open"": 81.7, ""close"": 81.2, ""low"": 81.1, ""high"": 82.7, ""volume"": 18083683}, {""date"": ""05-26"", ""open"": 81.8, ""close"": 81.4, ""low"": 80.7, ""high"": 82.5, ""volume"": 8160299}, {""date"": ""05-27"", ""open"": 81.8, ""close"": 82.1, ""low"": 81.4, ""high"": 83.3, ""volume"": 13355360}, {""date"": ""05-28"", ""open"": 82.5, ""close"": 83.1, ""low"": 82.5, ""high"": 84.4, ""volume"": 12587437}]"
2026-05-28,紡織纖維,1423,利華,41.4,42.85,24,-0.24,0.24,,3.38,41.29,41.12,40.93,"[{""date"": ""04-30"", ""open"": 41.4, ""close"": 41.6, ""low"": 41.2, ""high"": 41.6, ""volume"": 86003}, {""date"": ""05-04"", ""open"": 41.6, ""close"": 40.8, ""low"": 40.8, ""high"": 41.7, ""volume"": 111291}, {""date"": ""05-05"", ""open"": 39.95, ""close"": 40.7, ""low"": 39.95, ""high"": 41.15, ""volume"": 70032}, {""date"": ""05-06"", ""open"": 40.8, ""close"": 41.1, ""low"": 40.75, ""high"": 41.2, ""volume"": 84172}, {""date"": ""05-07"", ""open"": 40.85, ""close"": 41.05, ""low"": 40.85, ""high"": 41.7, ""volume"": 15580}, {""date"": ""05-08"", ""open"": 42.0, ""close"": 40.85, ""low"": 40.8, ""high"": 42.0, ""volume"": 16274}, {""date"": ""05-11"", ""open"": 40.85, ""close"": 40.55, ""low"": 40.5, ""high"": 40.9, ""volume"": 65268}, {""date"": ""05-12"", ""open"": 40.0, ""close"": 40.2, ""low"": 39.55, ""high"": 41.15, ""volume"": 67000}, {""date"": ""05-13"", ""open"": 39.75, ""close"": 39.95, ""low"": 39.75, ""high"": 40.2, ""volume"": 7633}, {""date"": ""05-14"", ""open"": 40.55, ""close"": 40.55, ""low"": 39.6, ""high"": 41.4, ""volume"": 244001}, {""date"": ""05-15"", ""open"": 41.0, ""close"": 41.1, ""low"": 40.65, ""high"": 41.4, ""volume"": 50178}, {""date"": ""05-18"", ""open"": 40.8, ""close"": 40.8, ""low"": 40.75, ""high"": 40.8, ""volume"": 6314}, {""date"": ""05-19"", ""open"": 40.8, ""close"": 40.8, ""low"": 40.8, ""high"": 42.25, ""volume"": 10000}, {""date"": ""05-20"", ""open"": 40.85, ""close"": 40.8, ""low"": 40.75, ""high"": 41.15, ""volume"": 37000}, {""date"": ""05-21"", ""open"": 40.9, ""close"": 41.3, ""low"": 40.75, ""high"": 41.3, ""volume"": 37005}, {""date"": ""05-22"", ""open"": 40.8, ""close"": 40.9, ""low"": 40.75, ""high"": 41.8, ""volume"": 31115}, {""date"": ""05-25"", ""open"": 41.4, ""close"": 41.8, ""low"": 41.4, ""high"": 42.4, ""volume"": 122133}, {""date"": ""05-26"", ""open"": 41.8, ""close"": 40.85, ""low"": 40.85, ""high"": 42.45, ""volume"": 418981}, {""date"": ""05-27"", ""open"": 41.0, ""close"": 41.5, ""low"": 41.0, ""high"": 41.8, ""volume"": 42000}, {""date"": ""05-28"", ""open"": 41.0, ""close"": 41.4, ""low"": 40.95, ""high"": 41.4, ""volume"": 9048}]"
2026-05-28,電腦及週邊設備業,6277,宏正,75.9,78.6,2,0.13,1.74,,3.44,75.98,74.47,72.69,"[{""date"": ""04-30"", ""open"": 69.7, ""close"": 69.2, ""low"": 68.9, ""high"": 69.7, ""volume"": 172897}, {""date"": ""05-04"", ""open"": 69.4, ""close"": 70.7, ""low"": 69.3, ""high"": 72.0, ""volume"": 233400}, {""date"": ""05-05"", ""open"": 71.4, ""close"": 71.1, ""low"": 70.5, ""high"": 71.7, ""volume"": 161120}, {""date"": ""05-06"", ""open"": 71.2, ""close"": 71.3, ""low"": 70.8, ""high"": 72.3, ""volume"": 283577}, {""date"": ""05-07"", ""open"": 71.5, ""close"": 71.5, ""low"": 70.5, ""high"": 73.3, ""volume"": 395056}, {""date"": ""05-08"", ""open"": 72.3, ""close"": 70.5, ""low"": 70.3, ""high"": 72.3, ""volume"": 232054}, {""date"": ""05-11"", ""open"": 70.9, ""close"": 71.8, ""low"": 70.1, ""high"": 72.5, ""volume"": 230000}, {""date"": ""05-12"", ""open"": 71.8, ""close"": 70.8, ""low"": 70.4, ""high"": 71.9, ""volume"": 171110}, {""date"": ""05-13"", ""open"": 70.5, ""close"": 70.7, ""low"": 70.2, ""high"": 70.8, ""volume"": 224128}, {""date"": ""05-14"", ""open"": 70.7, ""close"": 71.4, ""low"": 70.5, ""high"": 72.8, ""volume"": 313552}, {""date"": ""05-15"", ""open"": 72.0, ""close"": 71.9, ""low"": 70.8, ""high"": 74.0, ""volume"": 393205}, {""date"": ""05-18"", ""open"": 71.9, ""close"": 73.6, ""low"": 70.8, ""high"": 73.6, ""volume"": 527145}, {""date"": ""05-19"", ""open"": 74.0, ""close"": 72.3, ""low"": 72.0, ""high"": 74.0, ""volume"": 391011}, {""date"": ""05-20"", ""open"": 73.0, ""close"": 72.4, ""low"": 71.8, ""high"": 73.4, ""volume"": 227200}, {""date"": ""05-21"", ""open"": 72.9, ""close"": 74.6, ""low"": 72.6, ""high"": 74.9, ""volume"": 413943}, {""date"": ""05-22"", ""open"": 74.8, ""close"": 74.5, ""low"": 73.7, ""high"": 75.0, ""volume"": 329200}, {""date"": ""05-25"", ""open"": 75.1, ""close"": 75.7, ""low"": 74.5, ""high"": 76.9, ""volume"": 572275}, {""date"": ""05-26"", ""open"": 75.7, ""close"": 78.0, ""low"": 74.6, ""high"": 78.6, ""volume"": 998581}, {""date"": ""05-27"", ""open"": 78.0, ""close"": 75.8, ""low"": 75.2, ""high"": 78.0, ""volume"": 442063}, {""date"": ""05-28"", ""open"": 75.9, ""close"": 75.9, ""low"": 75.1, ""high"": 77.1, ""volume"": 375157}]"
2026-05-28,其他,6464,台數科,78.0,80.8,60,0.52,0.0,,3.47,77.94,77.91,77.12,"[{""date"": ""04-30"", ""open"": 75.0, ""close"": 76.1, ""low"": 73.0, ""high"": 76.1, ""volume"": 55202}, {""date"": ""05-04"", ""open"": 76.0, ""close"": 76.2, ""low"": 75.2, ""high"": 76.2, ""volume"": 33000}, {""date"": ""05-05"", ""open"": 76.1, ""close"": 76.3, ""low"": 75.6, ""high"": 76.3, ""volume"": 62161}, {""date"": ""05-06"", ""open"": 77.1, ""close"": 76.4, ""low"": 76.1, ""high"": 77.1, ""volume"": 35994}, {""date"": ""05-07"", ""open"": 76.4, ""close"": 76.2, ""low"": 75.8, ""high"": 76.5, ""volume"": 25200}, {""date"": ""05-08"", ""open"": 77.1, ""close"": 76.2, ""low"": 76.1, ""high"": 77.1, ""volume"": 44700}, {""date"": ""05-11"", ""open"": 77.0, ""close"": 76.5, ""low"": 75.6, ""high"": 77.0, ""volume"": 16055}, {""date"": ""05-12"", ""open"": 76.0, ""close"": 76.5, ""low"": 76.0, ""high"": 76.5, ""volume"": 21200}, {""date"": ""05-13"", ""open"": 76.5, ""close"": 76.5, ""low"": 76.1, ""high"": 76.5, ""volume"": 26150}, {""date"": ""05-14"", ""open"": 75.4, ""close"": 76.5, ""low"": 75.4, ""high"": 76.9, ""volume"": 50280}, {""date"": ""05-15"", ""open"": 76.5, ""close"": 77.6, ""low"": 75.8, ""high"": 77.6, ""volume"": 49010}, {""date"": ""05-18"", ""open"": 77.4, ""close"": 77.8, ""low"": 76.2, ""high"": 77.8, ""volume"": 65297}, {""date"": ""05-19"", ""open"": 77.8, ""close"": 78.0, ""low"": 77.2, ""high"": 78.0, ""volume"": 16173}, {""date"": ""05-20"", ""open"": 76.8, ""close"": 78.0, ""low"": 76.8, ""high"": 78.1, ""volume"": 239183}, {""date"": ""05-21"", ""open"": 78.0, ""close"": 78.0, ""low"": 77.8, ""high"": 78.0, ""volume"": 9040}, {""date"": ""05-22"", ""open"": 77.3, ""close"": 78.1, ""low"": 77.1, ""high"": 78.1, ""volume"": 36000}, {""date"": ""05-25"", ""open"": 77.8, ""close"": 78.0, ""low"": 77.8, ""high"": 78.1, ""volume"": 247008}, {""date"": ""05-26"", ""open"": 78.0, ""close"": 78.0, ""low"": 77.5, ""high"": 78.0, ""volume"": 11241}, {""date"": ""05-27"", ""open"": 77.6, ""close"": 77.6, ""low"": 77.6, ""high"": 78.3, ""volume"": 19166}, {""date"": ""05-28"", ""open"": 78.0, ""close"": 78.0, ""low"": 77.4, ""high"": 78.0, ""volume"": 58686}]"
2026-05-28,半導體業,6531,愛普*,1110.0,1150.0,8,2.78,26.71,,3.48,1057.6,1037.7,997.4,"[{""date"": ""04-30"", ""open"": 877.0, ""close"": 840.0, ""low"": 840.0, ""high"": 902.0, ""volume"": 4047429}, {""date"": ""05-04"", ""open"": 906.0, ""close"": 924.0, ""low"": 886.0, ""high"": 924.0, ""volume"": 2249619}, {""date"": ""05-05"", ""open"": 930.0, ""close"": 935.0, ""low"": 924.0, ""high"": 990.0, ""volume"": 2331581}, {""date"": ""05-06"", ""open"": 949.0, ""close"": 965.0, ""low"": 905.0, ""high"": 999.0, ""volume"": 2676052}, {""date"": ""05-07"", ""open"": 986.0, ""close"": 925.0, ""low"": 925.0, ""high"": 986.0, ""volume"": 1572995}, {""date"": ""05-08"", ""open"": 894.0, ""close"": 875.0, ""low"": 833.0, ""high"": 894.0, ""volume"": 3335893}, {""date"": ""05-11"", ""open"": 875.0, ""close"": 962.0, ""low"": 875.0, ""high"": 962.0, ""volume"": 2783857}, {""date"": ""05-12"", ""open"": 973.0, ""close"": 1055.0, ""low"": 903.0, ""high"": 1055.0, ""volume"": 9212186}, {""date"": ""05-13"", ""open"": 1025.0, ""close"": 1040.0, ""low"": 980.0, ""high"": 1105.0, ""volume"": 11385308}, {""date"": ""05-14"", ""open"": 1115.0, ""close"": 1050.0, ""low"": 1020.0, ""high"": 1140.0, ""volume"": 10261498}, {""date"": ""05-15"", ""open"": 1080.0, ""close"": 1080.0, ""low"": 1045.0, ""high"": 1145.0, ""volume"": 9341148}, {""date"": ""05-18"", ""open"": 1030.0, ""close"": 1135.0, ""low"": 995.0, ""high"": 1150.0, ""volume"": 7862918}, {""date"": ""05-19"", ""open"": 1095.0, ""close"": 1025.0, ""low"": 1025.0, ""high"": 1100.0, ""volume"": 5817127}, {""date"": ""05-20"", ""open"": 1000.0, ""close"": 973.0, ""low"": 953.0, ""high"": 1025.0, ""volume"": 7265554}, {""date"": ""05-21"", ""open"": 995.0, ""close"": 876.0, ""low"": 876.0, ""high"": 1010.0, ""volume"": 16826966}, {""date"": ""05-22"", ""open"": 919.0, ""close"": 963.0, ""low"": 906.0, ""high"": 963.0, ""volume"": 7513741}, {""date"": ""05-25"", ""open"": 1010.0, ""close"": 1055.0, ""low"": 981.0, ""high"": 1055.0, ""volume"": 4421451}, {""date"": ""05-26"", ""open"": 1055.0, ""close"": 1080.0, ""low"": 1045.0, ""high"": 1125.0, ""volume"": 9878759}, {""date"": ""05-27"", ""open"": 1135.0, ""close"": 1080.0, ""low"": 1055.0, ""high"": 1145.0, ""volume"": 6827229}, {""date"": ""05-28"", ""open"": 1085.0, ""close"": 1110.0, ""low"": 1070.0, ""high"": 1185.0, ""volume"": 12372531}]"
2026-05-28,半導體業,2303,聯電,138.5,143.5,1,-3.48,19.4,,3.48,130.3,120.95,106.81,"[{""date"": ""04-30"", ""open"": 80.5, ""close"": 77.3, ""low"": 76.3, ""high"": 80.9, ""volume"": 331616948}, {""date"": ""05-04"", ""open"": 80.0, ""close"": 81.2, ""low"": 79.4, ""high"": 82.4, ""volume"": 240260266}, {""date"": ""05-05"", ""open"": 80.8, ""close"": 83.1, ""low"": 80.1, ""high"": 85.2, ""volume"": 171549816}, {""date"": ""05-06"", ""open"": 88.5, ""close"": 91.4, ""low"": 87.8, ""high"": 91.4, ""volume"": 253983202}, {""date"": ""05-07"", ""open"": 97.4, ""close"": 96.5, ""low"": 93.0, ""high"": 98.8, ""volume"": 323781992}, {""date"": ""05-08"", ""open"": 96.5, ""close"": 91.3, ""low"": 89.9, ""high"": 98.8, ""volume"": 216239801}, {""date"": ""05-11"", ""open"": 94.7, ""close"": 95.0, ""low"": 92.0, ""high"": 96.3, ""volume"": 177668192}, {""date"": ""05-12"", ""open"": 96.7, ""close"": 104.5, ""low"": 94.3, ""high"": 104.5, ""volume"": 379946290}, {""date"": ""05-13"", ""open"": 102.0, ""close"": 98.4, ""low"": 94.5, ""high"": 102.0, ""volume"": 349701662}, {""date"": ""05-14"", ""open"": 102.0, ""close"": 108.0, ""low"": 98.8, ""high"": 108.0, ""volume"": 330599652}, {""date"": ""05-15"", ""open"": 112.0, ""close"": 110.0, ""low"": 108.0, ""high"": 118.0, ""volume"": 408587830}, {""date"": ""05-18"", ""open"": 108.5, ""close"": 111.0, ""low"": 103.5, ""high"": 114.0, ""volume"": 262569269}, {""date"": ""05-19"", ""open"": 112.5, ""close"": 113.0, ""low"": 111.5, ""high"": 120.5, ""volume"": 272066263}, {""date"": ""05-20"", ""open"": 114.0, ""close"": 108.0, ""low"": 107.0, ""high"": 115.5, ""volume"": 226050768}, {""date"": ""05-21"", ""open"": 112.5, ""close"": 116.0, ""low"": 111.5, ""high"": 118.0, ""volume"": 197547226}, {""date"": ""05-22"", ""open"": 119.5, ""close"": 114.0, ""low"": 113.0, ""high"": 119.5, ""volume"": 201475124}, {""date"": ""05-25"", ""open"": 115.0, ""close"": 125.0, ""low"": 113.0, ""high"": 125.0, ""volume"": 338107213}, {""date"": ""05-26"", ""open"": 129.0, ""close"": 130.5, ""low"": 128.0, ""high"": 133.5, ""volume"": 289873300}, {""date"": ""05-27"", ""open"": 139.5, ""close"": 143.5, ""low"": 138.5, ""high"": 143.5, ""volume"": 278317004}, {""date"": ""05-28"", ""open"": 145.0, ""close"": 138.5, ""low"": 137.0, ""high"": 151.0, ""volume"": 342355236}]"
2026-05-28,金融保險,2850,新產,138.0,143.0,1,-2.47,-0.36,,3.5,138.6,137.45,134.88,"[{""date"": ""04-30"", ""open"": 132.0, ""close"": 133.0, ""low"": 132.0, ""high"": 135.5, ""volume"": 1123400}, {""date"": ""05-04"", ""open"": 136.5, ""close"": 130.0, ""low"": 129.5, ""high"": 136.5, ""volume"": 776257}, {""date"": ""05-05"", ""open"": 130.0, ""close"": 131.0, ""low"": 129.0, ""high"": 132.0, ""volume"": 221422}, {""date"": ""05-06"", ""open"": 132.0, ""close"": 131.0, ""low"": 130.5, ""high"": 132.0, ""volume"": 189338}, {""date"": ""05-07"", ""open"": 131.0, ""close"": 131.5, ""low"": 130.5, ""high"": 132.5, ""volume"": 306444}, {""date"": ""05-08"", ""open"": 133.0, ""close"": 132.5, ""low"": 132.0, ""high"": 133.5, ""volume"": 274020}, {""date"": ""05-11"", ""open"": 133.0, ""close"": 136.0, ""low"": 132.0, ""high"": 136.5, ""volume"": 310263}, {""date"": ""05-12"", ""open"": 136.0, ""close"": 133.0, ""low"": 133.0, ""high"": 136.0, ""volume"": 318075}, {""date"": ""05-13"", ""open"": 132.5, ""close"": 133.0, ""low"": 132.5, ""high"": 133.5, ""volume"": 163036}, {""date"": ""05-14"", ""open"": 132.5, ""close"": 132.0, ""low"": 131.0, ""high"": 134.0, ""volume"": 244170}, {""date"": ""05-15"", ""open"": 132.0, ""close"": 132.5, ""low"": 132.0, ""high"": 134.5, ""volume"": 173530}, {""date"": ""05-18"", ""open"": 134.5, ""close"": 136.5, ""low"": 134.0, ""high"": 137.0, ""volume"": 570390}, {""date"": ""05-19"", ""open"": 137.5, ""close"": 135.5, ""low"": 135.5, ""high"": 137.5, ""volume"": 243491}, {""date"": ""05-20"", ""open"": 136.5, ""close"": 138.5, ""low"": 135.5, ""high"": 138.5, ""volume"": 265250}, {""date"": ""05-21"", ""open"": 137.5, ""close"": 138.5, ""low"": 136.5, ""high"": 139.5, ""volume"": 421083}, {""date"": ""05-22"", ""open"": 139.0, ""close"": 136.5, ""low"": 135.5, ""high"": 139.0, ""volume"": 320101}, {""date"": ""05-25"", ""open"": 138.5, ""close"": 138.0, ""low"": 135.5, ""high"": 138.5, ""volume"": 577063}, {""date"": ""05-26"", ""open"": 137.0, ""close"": 139.0, ""low"": 136.0, ""high"": 139.5, ""volume"": 451205}, {""date"": ""05-27"", ""open"": 137.5, ""close"": 141.5, ""low"": 137.5, ""high"": 143.0, ""volume"": 598886}, {""date"": ""05-28"", ""open"": 141.5, ""close"": 138.0, ""low"": 137.5, ""high"": 141.5, ""volume"": 340801}]"
2026-05-28,光電業,3038,全台,23.3,24.15,29,0.22,3.33,,3.52,23.33,22.83,22.87,"[{""date"": ""04-30"", ""open"": 23.2, ""close"": 22.9, ""low"": 22.85, ""high"": 23.2, ""volume"": 304684}, {""date"": ""05-04"", ""open"": 22.8, ""close"": 23.05, ""low"": 22.8, ""high"": 23.2, ""volume"": 287458}, {""date"": ""05-05"", ""open"": 23.0, ""close"": 23.25, ""low"": 23.0, ""high"": 23.25, ""volume"": 353100}, {""date"": ""05-06"", ""open"": 23.3, ""close"": 23.2, ""low"": 23.1, ""high"": 23.45, ""volume"": 474103}, {""date"": ""05-07"", ""open"": 23.2, ""close"": 23.3, ""low"": 23.05, ""high"": 23.4, ""volume"": 399020}, {""date"": ""05-08"", ""open"": 23.25, ""close"": 22.85, ""low"": 22.75, ""high"": 23.3, ""volume"": 403003}, {""date"": ""05-11"", ""open"": 22.8, ""close"": 22.5, ""low"": 22.4, ""high"": 22.85, ""volume"": 481292}, {""date"": ""05-12"", ""open"": 22.5, ""close"": 22.45, ""low"": 22.25, ""high"": 22.6, ""volume"": 333128}, {""date"": ""05-13"", ""open"": 22.3, ""close"": 22.6, ""low"": 22.1, ""high"": 22.6, ""volume"": 356000}, {""date"": ""05-14"", ""open"": 22.5, ""close"": 23.05, ""low"": 22.5, ""high"": 23.05, ""volume"": 380473}, {""date"": ""05-15"", ""open"": 23.1, ""close"": 22.5, ""low"": 22.4, ""high"": 23.25, ""volume"": 558002}, {""date"": ""05-18"", ""open"": 22.5, ""close"": 22.4, ""low"": 22.1, ""high"": 22.5, ""volume"": 230200}, {""date"": ""05-19"", ""open"": 22.5, ""close"": 22.05, ""low"": 22.0, ""high"": 22.55, ""volume"": 359505}, {""date"": ""05-20"", ""open"": 22.05, ""close"": 22.2, ""low"": 21.85, ""high"": 22.35, ""volume"": 314603}, {""date"": ""05-21"", ""open"": 22.35, ""close"": 22.55, ""low"": 22.0, ""high"": 22.65, ""volume"": 300483}, {""date"": ""05-22"", ""open"": 22.5, ""close"": 23.15, ""low"": 22.4, ""high"": 23.2, ""volume"": 621768}, {""date"": ""05-25"", ""open"": 23.25, ""close"": 23.5, ""low"": 23.15, ""high"": 23.65, ""volume"": 829530}, {""date"": ""05-26"", ""open"": 23.65, ""close"": 23.45, ""low"": 23.15, ""high"": 23.65, ""volume"": 483571}, {""date"": ""05-27"", ""open"": 23.4, ""close"": 23.25, ""low"": 23.05, ""high"": 23.6, ""volume"": 470582}, {""date"": ""05-28"", ""open"": 23.25, ""close"": 23.3, ""low"": 23.25, ""high"": 23.65, ""volume"": 427498}]"
2026-05-28,光電業,6405,悅城,80.3,83.4,1,-0.86,40.63,,3.72,73.8,64.6,61.48,"[{""date"": ""04-30"", ""open"": 50.9, ""close"": 50.9, ""low"": 50.9, ""high"": 50.9, ""volume"": 1934582}, {""date"": ""05-04"", ""open"": 55.9, ""close"": 55.9, ""low"": 55.9, ""high"": 55.9, ""volume"": 1126020}, {""date"": ""05-05"", ""open"": 61.4, ""close"": 61.4, ""low"": 56.1, ""high"": 61.4, ""volume"": 12436720}, {""date"": ""05-06"", ""open"": 60.0, ""close"": 55.6, ""low"": 55.3, ""high"": 60.6, ""volume"": 3826677}, {""date"": ""05-07"", ""open"": 55.6, ""close"": 61.1, ""low"": 55.6, ""high"": 61.1, ""volume"": 2171025}, {""date"": ""05-08"", ""open"": 63.1, ""close"": 64.4, ""low"": 62.1, ""high"": 67.2, ""volume"": 2947045}, {""date"": ""05-11"", ""open"": 58.5, ""close"": 58.0, ""low"": 58.0, ""high"": 58.5, ""volume"": 807599}, {""date"": ""05-12"", ""open"": 60.1, ""close"": 58.2, ""low"": 55.5, ""high"": 60.1, ""volume"": 972397}, {""date"": ""05-13"", ""open"": 58.5, ""close"": 60.1, ""low"": 58.5, ""high"": 63.0, ""volume"": 706020}, {""date"": ""05-14"", ""open"": 65.3, ""close"": 58.0, ""low"": 58.0, ""high"": 65.7, ""volume"": 935000}, {""date"": ""05-15"", ""open"": 58.7, ""close"": 58.5, ""low"": 57.5, ""high"": 59.1, ""volume"": 326200}, {""date"": ""05-18"", ""open"": 58.5, ""close"": 54.0, ""low"": 53.6, ""high"": 58.5, ""volume"": 529407}, {""date"": ""05-19"", ""open"": 56.6, ""close"": 53.9, ""low"": 53.9, ""high"": 58.7, ""volume"": 387600}, {""date"": ""05-20"", ""open"": 53.8, ""close"": 53.5, ""low"": 52.6, ""high"": 55.9, ""volume"": 348006}, {""date"": ""05-21"", ""open"": 56.0, ""close"": 57.1, ""low"": 54.5, ""high"": 57.2, ""volume"": 448300}, {""date"": ""05-22"", ""open"": 59.8, ""close"": 62.8, ""low"": 58.9, ""high"": 62.8, ""volume"": 948093}, {""date"": ""05-25"", ""open"": 69.0, ""close"": 69.0, ""low"": 69.0, ""high"": 69.0, ""volume"": 1662000}, {""date"": ""05-26"", ""open"": 75.9, ""close"": 75.9, ""low"": 69.0, ""high"": 75.9, ""volume"": 7426243}, {""date"": ""05-27"", ""open"": 83.3, ""close"": 81.0, ""low"": 78.0, ""high"": 83.4, ""volume"": 6728720}, {""date"": ""05-28"", ""open"": 79.6, ""close"": 80.3, ""low"": 78.5, ""high"": 89.1, ""volume"": 7020230}]"
2026-05-28,電腦及週邊設備業,6414,樺漢,354.0,368.0,3,-1.67,1.87,,3.8,356.7,343.1,345.1,"[{""date"": ""04-30"", ""open"": 318.5, ""close"": 322.0, ""low"": 316.5, ""high"": 323.0, ""volume"": 1222032}, {""date"": ""05-04"", ""open"": 323.0, ""close"": 334.0, ""low"": 323.0, ""high"": 334.5, ""volume"": 2322424}, {""date"": ""05-05"", ""open"": 334.0, ""close"": 345.0, ""low"": 333.5, ""high"": 346.0, ""volume"": 2094422}, {""date"": ""05-06"", ""open"": 348.0, ""close"": 348.5, ""low"": 340.0, ""high"": 350.0, ""volume"": 1883944}, {""date"": ""05-07"", ""open"": 349.5, ""close"": 351.5, ""low"": 345.5, ""high"": 356.5, ""volume"": 2049233}, {""date"": ""05-08"", ""open"": 351.5, ""close"": 346.5, ""low"": 345.0, ""high"": 361.0, ""volume"": 2978321}, {""date"": ""05-11"", ""open"": 352.0, ""close"": 359.0, ""low"": 342.0, ""high"": 359.0, ""volume"": 2068768}, {""date"": ""05-12"", ""open"": 361.5, ""close"": 362.0, ""low"": 351.0, ""high"": 362.0, ""volume"": 1749864}, {""date"": ""05-13"", ""open"": 360.0, ""close"": 347.5, ""low"": 345.0, ""high"": 360.0, ""volume"": 1655021}, {""date"": ""05-14"", ""open"": 350.5, ""close"": 355.0, ""low"": 350.5, ""high"": 357.5, ""volume"": 1418429}, {""date"": ""05-15"", ""open"": 345.0, ""close"": 319.5, ""low"": 319.5, ""high"": 345.0, ""volume"": 4573815}, {""date"": ""05-18"", ""open"": 318.0, ""close"": 321.0, ""low"": 310.5, ""high"": 321.0, ""volume"": 2467131}, {""date"": ""05-19"", ""open"": 321.0, ""close"": 328.0, ""low"": 320.5, ""high"": 338.5, ""volume"": 3035566}, {""date"": ""05-20"", ""open"": 333.0, ""close"": 331.5, ""low"": 324.0, ""high"": 334.5, ""volume"": 1347589}, {""date"": ""05-21"", ""open"": 338.0, ""close"": 347.5, ""low"": 334.5, ""high"": 347.5, ""volume"": 2058337}, {""date"": ""05-22"", ""open"": 352.0, ""close"": 350.5, ""low"": 347.0, ""high"": 353.5, ""volume"": 1413138}, {""date"": ""05-25"", ""open"": 356.5, ""close"": 363.5, ""low"": 355.0, ""high"": 368.0, ""volume"": 2198760}, {""date"": ""05-26"", ""open"": 364.0, ""close"": 355.5, ""low"": 348.0, ""high"": 364.0, ""volume"": 1518879}, {""date"": ""05-27"", ""open"": 358.5, ""close"": 360.0, ""low"": 354.0, ""high"": 363.5, ""volume"": 1583610}, {""date"": ""05-28"", ""open"": 360.0, ""close"": 354.0, ""low"": 350.5, ""high"": 365.0, ""volume"": 1009763}]"
2026-05-28,電腦及週邊設備業,4916,事欣科,101.0,105.0,4,1.61,2.23,,3.81,100.14,91.33,77.96,"[{""date"": ""04-30"", ""open"": 62.5, ""close"": 61.6, ""low"": 61.6, ""high"": 62.9, ""volume"": 2539472}, {""date"": ""05-04"", ""open"": 62.0, ""close"": 63.3, ""low"": 61.9, ""high"": 64.5, ""volume"": 3765070}, {""date"": ""05-05"", ""open"": 63.3, ""close"": 65.1, ""low"": 62.4, ""high"": 65.1, ""volume"": 3870728}, {""date"": ""05-06"", ""open"": 66.0, ""close"": 63.3, ""low"": 62.6, ""high"": 66.0, ""volume"": 4148610}, {""date"": ""05-07"", ""open"": 63.9, ""close"": 63.1, ""low"": 62.2, ""high"": 64.3, ""volume"": 3390315}, {""date"": ""05-08"", ""open"": 63.6, ""close"": 62.0, ""low"": 61.7, ""high"": 66.0, ""volume"": 7029276}, {""date"": ""05-11"", ""open"": 64.7, ""close"": 67.0, ""low"": 62.6, ""high"": 67.7, ""volume"": 9374367}, {""date"": ""05-12"", ""open"": 67.9, ""close"": 68.4, ""low"": 66.9, ""high"": 69.5, ""volume"": 10830657}, {""date"": ""05-13"", ""open"": 67.5, ""close"": 65.2, ""low"": 64.7, ""high"": 67.7, ""volume"": 5673430}, {""date"": ""05-14"", ""open"": 65.9, ""close"": 66.9, ""low"": 65.7, ""high"": 68.5, ""volume"": 6127508}, {""date"": ""05-15"", ""open"": 68.5, ""close"": 67.7, ""low"": 67.2, ""high"": 72.3, ""volume"": 14818555}, {""date"": ""05-18"", ""open"": 73.8, ""close"": 74.4, ""low"": 73.5, ""high"": 74.4, ""volume"": 8367405}, {""date"": ""05-19"", ""open"": 81.8, ""close"": 81.8, ""low"": 81.8, ""high"": 81.8, ""volume"": 3506693}, {""date"": ""05-20"", ""open"": 83.1, ""close"": 89.9, ""low"": 80.2, ""high"": 89.9, ""volume"": 36512851}, {""date"": ""05-21"", ""open"": 92.8, ""close"": 98.8, ""low"": 87.0, ""high"": 98.8, ""volume"": 46735691}, {""date"": ""05-22"", ""open"": 100.0, ""close"": 98.3, ""low"": 97.4, ""high"": 105.0, ""volume"": 50135316}, {""date"": ""05-25"", ""open"": 100.0, ""close"": 101.5, ""low"": 99.2, ""high"": 105.0, ""volume"": 25063826}, {""date"": ""05-26"", ""open"": 100.0, ""close"": 100.5, ""low"": 95.0, ""high"": 101.0, ""volume"": 5426116}, {""date"": ""05-27"", ""open"": 102.5, ""close"": 99.4, ""low"": 98.0, ""high"": 102.5, ""volume"": 3227920}, {""date"": ""05-28"", ""open"": 102.0, ""close"": 101.0, ""low"": 99.8, ""high"": 104.5, ""volume"": 4908798}]"
2026-05-28,汽車工業,1533,車王電,38.8,40.35,4,0.39,-2.63,,3.84,38.76,37.52,35.56,"[{""date"": ""04-30"", ""open"": 32.95, ""close"": 32.5, ""low"": 32.2, ""high"": 33.0, ""volume"": 202680}, {""date"": ""05-04"", ""open"": 32.9, ""close"": 32.85, ""low"": 32.55, ""high"": 33.75, ""volume"": 356680}, {""date"": ""05-05"", ""open"": 32.85, ""close"": 33.0, ""low"": 32.45, ""high"": 33.1, ""volume"": 154000}, {""date"": ""05-06"", ""open"": 33.0, ""close"": 33.7, ""low"": 32.65, ""high"": 33.85, ""volume"": 523220}, {""date"": ""05-07"", ""open"": 34.0, ""close"": 33.9, ""low"": 33.6, ""high"": 34.2, ""volume"": 388010}, {""date"": ""05-08"", ""open"": 34.8, ""close"": 33.85, ""low"": 33.0, ""high"": 35.95, ""volume"": 971065}, {""date"": ""05-11"", ""open"": 34.15, ""close"": 33.85, ""low"": 33.55, ""high"": 34.2, ""volume"": 253080}, {""date"": ""05-12"", ""open"": 34.95, ""close"": 33.9, ""low"": 33.5, ""high"": 34.95, ""volume"": 275096}, {""date"": ""05-13"", ""open"": 33.95, ""close"": 33.65, ""low"": 33.25, ""high"": 34.35, ""volume"": 340000}, {""date"": ""05-14"", ""open"": 33.9, ""close"": 34.7, ""low"": 33.9, ""high"": 34.75, ""volume"": 508117}, {""date"": ""05-15"", ""open"": 35.0, ""close"": 34.4, ""low"": 34.4, ""high"": 35.55, ""volume"": 640051}, {""date"": ""05-18"", ""open"": 34.1, ""close"": 34.65, ""low"": 33.9, ""high"": 35.5, ""volume"": 287056}, {""date"": ""05-19"", ""open"": 34.7, ""close"": 34.55, ""low"": 34.3, ""high"": 36.25, ""volume"": 398030}, {""date"": ""05-20"", ""open"": 34.6, ""close"": 38.0, ""low"": 34.3, ""high"": 38.0, ""volume"": 2383556}, {""date"": ""05-21"", ""open"": 38.05, ""close"": 39.85, ""low"": 37.6, ""high"": 39.9, ""volume"": 1987934}, {""date"": ""05-22"", ""open"": 40.0, ""close"": 38.85, ""low"": 38.0, ""high"": 40.35, ""volume"": 1279772}, {""date"": ""05-25"", ""open"": 39.4, ""close"": 38.85, ""low"": 38.2, ""high"": 39.7, ""volume"": 591000}, {""date"": ""05-26"", ""open"": 38.85, ""close"": 38.65, ""low"": 38.1, ""high"": 39.1, ""volume"": 453683}, {""date"": ""05-27"", ""open"": 38.9, ""close"": 38.65, ""low"": 38.35, ""high"": 39.6, ""volume"": 590000}, {""date"": ""05-28"", ""open"": 39.35, ""close"": 38.8, ""low"": 38.3, ""high"": 41.8, ""volume"": 1044501}]"
2026-05-28,金融保險,2849,安泰銀,13.75,14.3,26,-0.36,3.38,,3.85,13.52,13.36,13.53,"[{""date"": ""04-30"", ""open"": 13.8, ""close"": 13.65, ""low"": 13.55, ""high"": 13.8, ""volume"": 115388}, {""date"": ""05-04"", ""open"": 13.55, ""close"": 13.65, ""low"": 13.55, ""high"": 13.75, ""volume"": 23101}, {""date"": ""05-05"", ""open"": 13.6, ""close"": 13.7, ""low"": 13.6, ""high"": 13.75, ""volume"": 32609}, {""date"": ""05-06"", ""open"": 13.8, ""close"": 13.95, ""low"": 13.65, ""high"": 13.95, ""volume"": 198140}, {""date"": ""05-07"", ""open"": 13.6, ""close"": 13.95, ""low"": 13.6, ""high"": 14.05, ""volume"": 137000}, {""date"": ""05-08"", ""open"": 14.15, ""close"": 14.1, ""low"": 13.95, ""high"": 14.15, ""volume"": 178200}, {""date"": ""05-11"", ""open"": 14.1, ""close"": 13.85, ""low"": 13.85, ""high"": 14.1, ""volume"": 84236}, {""date"": ""05-12"", ""open"": 13.8, ""close"": 13.55, ""low"": 13.55, ""high"": 13.8, ""volume"": 108481}, {""date"": ""05-13"", ""open"": 13.55, ""close"": 13.55, ""low"": 13.4, ""high"": 13.6, ""volume"": 123000}, {""date"": ""05-14"", ""open"": 13.4, ""close"": 13.15, ""low"": 13.15, ""high"": 13.5, ""volume"": 242583}, {""date"": ""05-15"", ""open"": 13.35, ""close"": 13.2, ""low"": 13.15, ""high"": 13.45, ""volume"": 125179}, {""date"": ""05-18"", ""open"": 13.25, ""close"": 13.05, ""low"": 13.0, ""high"": 13.25, ""volume"": 67537}, {""date"": ""05-19"", ""open"": 13.0, ""close"": 13.3, ""low"": 13.0, ""high"": 13.3, ""volume"": 53000}, {""date"": ""05-20"", ""open"": 13.25, ""close"": 13.15, ""low"": 13.1, ""high"": 13.25, ""volume"": 251385}, {""date"": ""05-21"", ""open"": 13.2, ""close"": 13.3, ""low"": 13.2, ""high"": 13.3, ""volume"": 31572}, {""date"": ""05-22"", ""open"": 13.15, ""close"": 13.3, ""low"": 13.15, ""high"": 13.35, ""volume"": 83951}, {""date"": ""05-25"", ""open"": 13.3, ""close"": 13.3, ""low"": 13.2, ""high"": 13.35, ""volume"": 55200}, {""date"": ""05-26"", ""open"": 13.3, ""close"": 13.45, ""low"": 13.3, ""high"": 13.45, ""volume"": 113430}, {""date"": ""05-27"", ""open"": 13.45, ""close"": 13.8, ""low"": 13.4, ""high"": 13.8, ""volume"": 173907}, {""date"": ""05-28"", ""open"": 13.85, ""close"": 13.75, ""low"": 13.6, ""high"": 13.85, ""volume"": 45996}]"
2026-05-28,其他,9917,中保科,113.5,118.08,229,-0.44,0.89,,3.88,113.1,112.7,112.88,"[{""date"": ""04-30"", ""open"": 114.0, ""close"": 113.0, ""low"": 112.5, ""high"": 114.0, ""volume"": 441107}, {""date"": ""05-04"", ""open"": 113.0, ""close"": 112.5, ""low"": 112.5, ""high"": 114.0, ""volume"": 339493}, {""date"": ""05-05"", ""open"": 113.0, ""close"": 112.5, ""low"": 112.0, ""high"": 113.0, ""volume"": 366821}, {""date"": ""05-06"", ""open"": 113.5, ""close"": 113.5, ""low"": 112.0, ""high"": 113.5, ""volume"": 368297}, {""date"": ""05-07"", ""open"": 113.5, ""close"": 113.5, ""low"": 113.0, ""high"": 114.5, ""volume"": 573757}, {""date"": ""05-08"", ""open"": 114.0, ""close"": 114.0, ""low"": 113.0, ""high"": 114.0, ""volume"": 292202}, {""date"": ""05-11"", ""open"": 114.0, ""close"": 113.0, ""low"": 112.5, ""high"": 114.0, ""volume"": 383087}, {""date"": ""05-12"", ""open"": 113.5, ""close"": 112.5, ""low"": 112.0, ""high"": 113.5, ""volume"": 413481}, {""date"": ""05-13"", ""open"": 113.0, ""close"": 113.0, ""low"": 112.0, ""high"": 113.0, ""volume"": 351946}, {""date"": ""05-14"", ""open"": 114.0, ""close"": 113.0, ""low"": 112.5, ""high"": 114.0, ""volume"": 392550}, {""date"": ""05-15"", ""open"": 113.0, ""close"": 112.0, ""low"": 112.0, ""high"": 113.0, ""volume"": 757533}, {""date"": ""05-18"", ""open"": 112.5, ""close"": 111.0, ""low"": 111.0, ""high"": 112.5, ""volume"": 599511}, {""date"": ""05-19"", ""open"": 111.5, ""close"": 113.0, ""low"": 111.0, ""high"": 113.5, ""volume"": 469407}, {""date"": ""05-20"", ""open"": 113.5, ""close"": 113.0, ""low"": 112.0, ""high"": 113.5, ""volume"": 465547}, {""date"": ""05-21"", ""open"": 113.0, ""close"": 112.5, ""low"": 112.0, ""high"": 113.0, ""volume"": 533219}, {""date"": ""05-22"", ""open"": 113.0, ""close"": 112.0, ""low"": 112.0, ""high"": 113.0, ""volume"": 321660}, {""date"": ""05-25"", ""open"": 113.0, ""close"": 113.0, ""low"": 112.0, ""high"": 113.0, ""volume"": 334806}, {""date"": ""05-26"", ""open"": 113.0, ""close"": 113.0, ""low"": 112.5, ""high"": 114.0, ""volume"": 356151}, {""date"": ""05-27"", ""open"": 113.0, ""close"": 114.0, ""low"": 113.0, ""high"": 114.0, ""volume"": 419627}, {""date"": ""05-28"", ""open"": 114.5, ""close"": 113.5, ""low"": 112.5, ""high"": 114.5, ""volume"": 297319}]"
2026-05-28,電腦及週邊設備業,3046,建碁,54.4,56.6,89,0.93,4.41,,3.89,53.9,52.49,51.43,"[{""date"": ""04-30"", ""open"": 48.25, ""close"": 48.5, ""low"": 48.25, ""high"": 49.0, ""volume"": 179389}, {""date"": ""05-04"", ""open"": 48.65, ""close"": 48.75, ""low"": 48.55, ""high"": 49.1, ""volume"": 192604}, {""date"": ""05-05"", ""open"": 48.75, ""close"": 49.25, ""low"": 48.55, ""high"": 49.3, ""volume"": 188034}, {""date"": ""05-06"", ""open"": 49.95, ""close"": 49.65, ""low"": 49.2, ""high"": 50.0, ""volume"": 219361}, {""date"": ""05-07"", ""open"": 50.5, ""close"": 49.65, ""low"": 49.0, ""high"": 50.5, ""volume"": 494025}, {""date"": ""05-08"", ""open"": 50.5, ""close"": 50.6, ""low"": 49.65, ""high"": 52.4, ""volume"": 797246}, {""date"": ""05-11"", ""open"": 51.2, ""close"": 52.4, ""low"": 50.6, ""high"": 52.5, ""volume"": 680383}, {""date"": ""05-12"", ""open"": 52.7, ""close"": 52.0, ""low"": 51.3, ""high"": 52.7, ""volume"": 314140}, {""date"": ""05-13"", ""open"": 51.2, ""close"": 51.5, ""low"": 51.1, ""high"": 51.9, ""volume"": 212100}, {""date"": ""05-14"", ""open"": 52.4, ""close"": 51.3, ""low"": 51.2, ""high"": 52.7, ""volume"": 223842}, {""date"": ""05-15"", ""open"": 52.0, ""close"": 50.6, ""low"": 50.6, ""high"": 52.4, ""volume"": 291062}, {""date"": ""05-18"", ""open"": 50.6, ""close"": 51.0, ""low"": 50.0, ""high"": 51.0, ""volume"": 230300}, {""date"": ""05-19"", ""open"": 51.4, ""close"": 50.4, ""low"": 50.1, ""high"": 51.8, ""volume"": 205082}, {""date"": ""05-20"", ""open"": 51.1, ""close"": 51.3, ""low"": 50.7, ""high"": 51.8, ""volume"": 264000}, {""date"": ""05-21"", ""open"": 52.0, ""close"": 52.1, ""low"": 51.8, ""high"": 52.2, ""volume"": 281120}, {""date"": ""05-22"", ""open"": 52.5, ""close"": 53.4, ""low"": 52.3, ""high"": 53.4, ""volume"": 457958}, {""date"": ""05-25"", ""open"": 54.5, ""close"": 54.0, ""low"": 53.2, ""high"": 54.5, ""volume"": 587059}, {""date"": ""05-26"", ""open"": 54.6, ""close"": 53.8, ""low"": 53.1, ""high"": 54.6, ""volume"": 398033}, {""date"": ""05-27"", ""open"": 54.1, ""close"": 53.9, ""low"": 53.3, ""high"": 54.2, ""volume"": 320602}, {""date"": ""05-28"", ""open"": 54.6, ""close"": 54.4, ""low"": 54.0, ""high"": 55.6, ""volume"": 614366}]"
2026-05-28,生技醫療業,4771,望隼,197.0,205.0,7,-1.75,1.29,,3.9,196.6,194.15,190.65,"[{""date"": ""04-30"", ""open"": 189.5, ""close"": 188.5, ""low"": 188.0, ""high"": 191.0, ""volume"": 79001}, {""date"": ""05-04"", ""open"": 190.5, ""close"": 186.5, ""low"": 186.0, ""high"": 190.5, ""volume"": 109125}, {""date"": ""05-05"", ""open"": 188.0, ""close"": 185.5, ""low"": 185.5, ""high"": 188.5, ""volume"": 75020}, {""date"": ""05-06"", ""open"": 194.0, ""close"": 193.0, ""low"": 190.0, ""high"": 195.0, ""volume"": 653010}, {""date"": ""05-07"", ""open"": 194.0, ""close"": 191.5, ""low"": 187.0, ""high"": 194.0, ""volume"": 340100}, {""date"": ""05-08"", ""open"": 192.0, ""close"": 187.5, ""low"": 185.0, ""high"": 192.0, ""volume"": 298072}, {""date"": ""05-11"", ""open"": 188.0, ""close"": 188.5, ""low"": 187.5, ""high"": 190.0, ""volume"": 110000}, {""date"": ""05-12"", ""open"": 191.0, ""close"": 184.0, ""low"": 184.0, ""high"": 192.0, ""volume"": 448106}, {""date"": ""05-13"", ""open"": 184.0, ""close"": 183.5, ""low"": 182.5, ""high"": 184.5, ""volume"": 99007}, {""date"": ""05-14"", ""open"": 184.5, ""close"": 183.0, ""low"": 182.5, ""high"": 186.0, ""volume"": 77302}, {""date"": ""05-15"", ""open"": 185.5, ""close"": 185.0, ""low"": 184.5, ""high"": 187.0, ""volume"": 175001}, {""date"": ""05-18"", ""open"": 185.0, ""close"": 186.5, ""low"": 184.0, ""high"": 187.0, ""volume"": 155100}, {""date"": ""05-19"", ""open"": 193.5, ""close"": 198.5, ""low"": 191.5, ""high"": 205.0, ""volume"": 1169054}, {""date"": ""05-20"", ""open"": 198.5, ""close"": 194.0, ""low"": 193.0, ""high"": 201.0, ""volume"": 372476}, {""date"": ""05-21"", ""open"": 194.5, ""close"": 194.5, ""low"": 192.0, ""high"": 195.0, ""volume"": 241006}, {""date"": ""05-22"", ""open"": 194.5, ""close"": 192.5, ""low"": 191.5, ""high"": 194.5, ""volume"": 283000}, {""date"": ""05-25"", ""open"": 194.5, ""close"": 193.5, ""low"": 190.0, ""high"": 194.5, ""volume"": 233077}, {""date"": ""05-26"", ""open"": 193.5, ""close"": 199.5, ""low"": 193.5, ""high"": 199.5, ""volume"": 557031}, {""date"": ""05-27"", ""open"": 199.5, ""close"": 200.5, ""low"": 197.0, ""high"": 204.0, ""volume"": 430169}, {""date"": ""05-28"", ""open"": 199.5, ""close"": 197.0, ""low"": 195.5, ""high"": 201.0, ""volume"": 236243}]"
2026-05-28,綠能環保,6951,青新-創,81.1,84.4,20,0.5,-0.61,,3.91,80.96,80.73,80.76,"[{""date"": ""04-30"", ""open"": 81.0, ""close"": 81.1, ""low"": 79.8, ""high"": 81.3, ""volume"": 55000}, {""date"": ""05-04"", ""open"": 81.1, ""close"": 81.3, ""low"": 80.4, ""high"": 81.7, ""volume"": 53000}, {""date"": ""05-05"", ""open"": 81.0, ""close"": 80.5, ""low"": 80.5, ""high"": 81.0, ""volume"": 39231}, {""date"": ""05-06"", ""open"": 81.9, ""close"": 80.7, ""low"": 80.6, ""high"": 81.9, ""volume"": 56071}, {""date"": ""05-07"", ""open"": 81.0, ""close"": 81.1, ""low"": 80.4, ""high"": 81.1, ""volume"": 49085}, {""date"": ""05-08"", ""open"": 81.7, ""close"": 82.0, ""low"": 81.7, ""high"": 83.1, ""volume"": 62117}, {""date"": ""05-11"", ""open"": 81.6, ""close"": 81.8, ""low"": 81.4, ""high"": 82.6, ""volume"": 50139}, {""date"": ""05-12"", ""open"": 81.6, ""close"": 79.7, ""low"": 79.2, ""high"": 81.6, ""volume"": 172001}, {""date"": ""05-13"", ""open"": 79.3, ""close"": 79.7, ""low"": 79.3, ""high"": 79.9, ""volume"": 52100}, {""date"": ""05-14"", ""open"": 79.7, ""close"": 80.1, ""low"": 79.6, ""high"": 80.7, ""volume"": 64000}, {""date"": ""05-15"", ""open"": 80.2, ""close"": 79.8, ""low"": 79.6, ""high"": 80.2, ""volume"": 47112}, {""date"": ""05-18"", ""open"": 79.8, ""close"": 79.8, ""low"": 79.7, ""high"": 80.5, ""volume"": 20040}, {""date"": ""05-19"", ""open"": 80.5, ""close"": 80.3, ""low"": 79.9, ""high"": 80.8, ""volume"": 35002}, {""date"": ""05-20"", ""open"": 80.1, ""close"": 81.0, ""low"": 80.1, ""high"": 81.0, ""volume"": 31000}, {""date"": ""05-21"", ""open"": 81.2, ""close"": 81.6, ""low"": 81.2, ""high"": 82.0, ""volume"": 48069}, {""date"": ""05-22"", ""open"": 81.6, ""close"": 81.0, ""low"": 81.0, ""high"": 81.8, ""volume"": 45000}, {""date"": ""05-25"", ""open"": 81.0, ""close"": 81.0, ""low"": 80.0, ""high"": 81.0, ""volume"": 60176}, {""date"": ""05-26"", ""open"": 81.0, ""close"": 81.0, ""low"": 80.5, ""high"": 81.4, ""volume"": 24000}, {""date"": ""05-27"", ""open"": 81.8, ""close"": 80.7, ""low"": 80.6, ""high"": 81.8, ""volume"": 28020}, {""date"": ""05-28"", ""open"": 81.8, ""close"": 81.1, ""low"": 81.0, ""high"": 81.9, ""volume"": 28769}]"
2026-05-28,鋼鐵工業,5007,三星,57.4,59.75,74,0.0,2.14,,3.94,57.06,56.67,57.25,"[{""date"": ""04-30"", ""open"": 57.5, ""close"": 57.8, ""low"": 57.2, ""high"": 57.8, ""volume"": 49000}, {""date"": ""05-04"", ""open"": 57.8, ""close"": 57.8, ""low"": 57.6, ""high"": 57.8, ""volume"": 15110}, {""date"": ""05-05"", ""open"": 57.4, ""close"": 57.9, ""low"": 57.4, ""high"": 58.0, ""volume"": 4150}, {""date"": ""05-06"", ""open"": 58.0, ""close"": 58.3, ""low"": 57.3, ""high"": 58.5, ""volume"": 95969}, {""date"": ""05-07"", ""open"": 57.9, ""close"": 58.0, ""low"": 57.6, ""high"": 58.1, ""volume"": 36010}, {""date"": ""05-08"", ""open"": 58.4, ""close"": 58.0, ""low"": 57.6, ""high"": 58.4, ""volume"": 45100}, {""date"": ""05-11"", ""open"": 58.0, ""close"": 58.0, ""low"": 57.8, ""high"": 58.1, ""volume"": 26000}, {""date"": ""05-12"", ""open"": 58.0, ""close"": 57.5, ""low"": 57.2, ""high"": 58.0, ""volume"": 49005}, {""date"": ""05-13"", ""open"": 57.0, ""close"": 58.0, ""low"": 56.9, ""high"": 58.0, ""volume"": 19000}, {""date"": ""05-14"", ""open"": 57.3, ""close"": 57.0, ""low"": 56.0, ""high"": 57.3, ""volume"": 65470}, {""date"": ""05-15"", ""open"": 56.6, ""close"": 57.0, ""low"": 56.1, ""high"": 57.0, ""volume"": 29000}, {""date"": ""05-18"", ""open"": 57.0, ""close"": 56.7, ""low"": 56.0, ""high"": 57.0, ""volume"": 132000}, {""date"": ""05-19"", ""open"": 56.6, ""close"": 56.2, ""low"": 55.9, ""high"": 56.6, ""volume"": 27000}, {""date"": ""05-20"", ""open"": 56.2, ""close"": 55.3, ""low"": 55.3, ""high"": 56.2, ""volume"": 101127}, {""date"": ""05-21"", ""open"": 55.5, ""close"": 56.2, ""low"": 55.5, ""high"": 56.5, ""volume"": 277000}, {""date"": ""05-22"", ""open"": 57.0, ""close"": 56.8, ""low"": 56.2, ""high"": 57.0, ""volume"": 62000}, {""date"": ""05-25"", ""open"": 57.0, ""close"": 56.7, ""low"": 56.7, ""high"": 57.4, ""volume"": 44000}, {""date"": ""05-26"", ""open"": 56.7, ""close"": 57.0, ""low"": 56.4, ""high"": 57.0, ""volume"": 48002}, {""date"": ""05-27"", ""open"": 57.0, ""close"": 57.4, ""low"": 56.5, ""high"": 57.4, ""volume"": 94415}, {""date"": ""05-28"", ""open"": 57.8, ""close"": 57.4, ""low"": 56.8, ""high"": 57.8, ""volume"": 38326}]"
2026-05-28,金融保險,2832,台產,52.9,55.1,10,0.0,-1.12,,3.99,52.98,53.12,53.08,"[{""date"": ""04-30"", ""open"": 52.0, ""close"": 52.3, ""low"": 51.7, ""high"": 52.3, ""volume"": 151651}, {""date"": ""05-04"", ""open"": 52.9, ""close"": 52.1, ""low"": 52.0, ""high"": 52.9, ""volume"": 210260}, {""date"": ""05-05"", ""open"": 51.9, ""close"": 52.0, ""low"": 51.9, ""high"": 52.3, ""volume"": 95040}, {""date"": ""05-06"", ""open"": 52.0, ""close"": 52.5, ""low"": 52.0, ""high"": 52.6, ""volume"": 145302}, {""date"": ""05-07"", ""open"": 52.2, ""close"": 52.7, ""low"": 52.2, ""high"": 52.8, ""volume"": 154122}, {""date"": ""05-08"", ""open"": 52.8, ""close"": 53.6, ""low"": 52.7, ""high"": 53.8, ""volume"": 310988}, {""date"": ""05-11"", ""open"": 54.1, ""close"": 53.6, ""low"": 53.2, ""high"": 54.5, ""volume"": 329890}, {""date"": ""05-12"", ""open"": 53.9, ""close"": 53.6, ""low"": 53.1, ""high"": 53.9, ""volume"": 205000}, {""date"": ""05-13"", ""open"": 54.2, ""close"": 54.0, ""low"": 53.7, ""high"": 54.7, ""volume"": 304300}, {""date"": ""05-14"", ""open"": 54.0, ""close"": 53.9, ""low"": 53.8, ""high"": 55.1, ""volume"": 486625}, {""date"": ""05-15"", ""open"": 54.7, ""close"": 52.8, ""low"": 52.6, ""high"": 54.7, ""volume"": 343327}, {""date"": ""05-18"", ""open"": 52.9, ""close"": 53.5, ""low"": 52.7, ""high"": 53.7, ""volume"": 189857}, {""date"": ""05-19"", ""open"": 53.5, ""close"": 52.9, ""low"": 52.9, ""high"": 53.8, ""volume"": 200600}, {""date"": ""05-20"", ""open"": 53.4, ""close"": 53.6, ""low"": 52.6, ""high"": 53.6, ""volume"": 207065}, {""date"": ""05-21"", ""open"": 54.0, ""close"": 53.5, ""low"": 53.2, ""high"": 54.0, ""volume"": 105090}, {""date"": ""05-22"", ""open"": 53.3, ""close"": 53.2, ""low"": 53.1, ""high"": 53.5, ""volume"": 120000}, {""date"": ""05-25"", ""open"": 53.0, ""close"": 52.9, ""low"": 52.7, ""high"": 53.0, ""volume"": 238548}, {""date"": ""05-26"", ""open"": 52.8, ""close"": 53.0, ""low"": 52.8, ""high"": 53.2, ""volume"": 97731}, {""date"": ""05-27"", ""open"": 53.0, ""close"": 52.9, ""low"": 52.9, ""high"": 53.2, ""volume"": 195251}, {""date"": ""05-28"", ""open"": 53.2, ""close"": 52.9, ""low"": 52.8, ""high"": 53.5, ""volume"": 195058}]"
2026-05-28,半導體業,2379,瑞昱,599.0,624.0,1,-0.99,4.17,,4.01,591.0,574.8,564.3,"[{""date"": ""04-30"", ""open"": 545.0, ""close"": 537.0, ""low"": 535.0, ""high"": 556.0, ""volume"": 2791796}, {""date"": ""05-04"", ""open"": 535.0, ""close"": 528.0, ""low"": 524.0, ""high"": 548.0, ""volume"": 4969962}, {""date"": ""05-05"", ""open"": 528.0, ""close"": 533.0, ""low"": 526.0, ""high"": 534.0, ""volume"": 2805919}, {""date"": ""05-06"", ""open"": 543.0, ""close"": 544.0, ""low"": 533.0, ""high"": 548.0, ""volume"": 4180544}, {""date"": ""05-07"", ""open"": 550.0, ""close"": 539.0, ""low"": 535.0, ""high"": 551.0, ""volume"": 3623447}, {""date"": ""05-08"", ""open"": 555.0, ""close"": 592.0, ""low"": 551.0, ""high"": 592.0, ""volume"": 8811464}, {""date"": ""05-11"", ""open"": 615.0, ""close"": 584.0, ""low"": 581.0, ""high"": 615.0, ""volume"": 9602620}, {""date"": ""05-12"", ""open"": 581.0, ""close"": 555.0, ""low"": 555.0, ""high"": 583.0, ""volume"": 6101118}, {""date"": ""05-13"", ""open"": 555.0, ""close"": 552.0, ""low"": 539.0, ""high"": 563.0, ""volume"": 3871889}, {""date"": ""05-14"", ""open"": 559.0, ""close"": 574.0, ""low"": 556.0, ""high"": 577.0, ""volume"": 3152727}, {""date"": ""05-15"", ""open"": 577.0, ""close"": 536.0, ""low"": 536.0, ""high"": 583.0, ""volume"": 6292761}, {""date"": ""05-18"", ""open"": 546.0, ""close"": 560.0, ""low"": 536.0, ""high"": 563.0, ""volume"": 4330090}, {""date"": ""05-19"", ""open"": 565.0, ""close"": 555.0, ""low"": 552.0, ""high"": 583.0, ""volume"": 5062165}, {""date"": ""05-20"", ""open"": 564.0, ""close"": 567.0, ""low"": 556.0, ""high"": 572.0, ""volume"": 3316526}, {""date"": ""05-21"", ""open"": 579.0, ""close"": 575.0, ""low"": 571.0, ""high"": 582.0, ""volume"": 2894782}, {""date"": ""05-22"", ""open"": 574.0, ""close"": 578.0, ""low"": 566.0, ""high"": 578.0, ""volume"": 3667471}, {""date"": ""05-25"", ""open"": 584.0, ""close"": 583.0, ""low"": 578.0, ""high"": 594.0, ""volume"": 3991607}, {""date"": ""05-26"", ""open"": 590.0, ""close"": 590.0, ""low"": 584.0, ""high"": 594.0, ""volume"": 2871847}, {""date"": ""05-27"", ""open"": 595.0, ""close"": 605.0, ""low"": 595.0, ""high"": 624.0, ""volume"": 5827252}, {""date"": ""05-28"", ""open"": 605.0, ""close"": 599.0, ""low"": 593.0, ""high"": 616.0, ""volume"": 2929867}]"
2026-05-28,金融保險,2883,凱基金,22.15,23.1,13,-0.67,3.5,,4.11,21.87,21.72,21.89,"[{""date"": ""04-30"", ""open"": 21.5, ""close"": 21.5, ""low"": 21.3, ""high"": 21.6, ""volume"": 56090256}, {""date"": ""05-04"", ""open"": 21.4, ""close"": 21.4, ""low"": 21.3, ""high"": 21.75, ""volume"": 80939136}, {""date"": ""05-05"", ""open"": 21.5, ""close"": 21.8, ""low"": 21.35, ""high"": 21.8, ""volume"": 58009258}, {""date"": ""05-06"", ""open"": 21.95, ""close"": 22.2, ""low"": 21.95, ""high"": 22.3, ""volume"": 68027326}, {""date"": ""05-07"", ""open"": 22.25, ""close"": 22.45, ""low"": 22.0, ""high"": 22.8, ""volume"": 74577702}, {""date"": ""05-08"", ""open"": 22.6, ""close"": 22.9, ""low"": 22.3, ""high"": 22.95, ""volume"": 58170862}, {""date"": ""05-11"", ""open"": 22.9, ""close"": 22.8, ""low"": 22.8, ""high"": 23.1, ""volume"": 40887431}, {""date"": ""05-12"", ""open"": 22.8, ""close"": 21.6, ""low"": 21.6, ""high"": 22.8, ""volume"": 74366511}, {""date"": ""05-13"", ""open"": 21.5, ""close"": 21.95, ""low"": 21.5, ""high"": 22.0, ""volume"": 41359039}, {""date"": ""05-14"", ""open"": 22.25, ""close"": 22.1, ""low"": 22.1, ""high"": 22.9, ""volume"": 58742065}, {""date"": ""05-15"", ""open"": 22.25, ""close"": 21.85, ""low"": 21.75, ""high"": 22.65, ""volume"": 55145244}, {""date"": ""05-18"", ""open"": 21.7, ""close"": 21.35, ""low"": 21.3, ""high"": 21.75, ""volume"": 65065659}, {""date"": ""05-19"", ""open"": 21.4, ""close"": 21.65, ""low"": 21.3, ""high"": 22.1, ""volume"": 75201933}, {""date"": ""05-20"", ""open"": 21.75, ""close"": 21.6, ""low"": 21.5, ""high"": 21.85, ""volume"": 52617012}, {""date"": ""05-21"", ""open"": 21.85, ""close"": 21.4, ""low"": 21.4, ""high"": 21.95, ""volume"": 61702968}, {""date"": ""05-22"", ""open"": 21.45, ""close"": 21.7, ""low"": 21.25, ""high"": 21.75, ""volume"": 42576263}, {""date"": ""05-25"", ""open"": 21.8, ""close"": 21.65, ""low"": 21.4, ""high"": 21.8, ""volume"": 52438532}, {""date"": ""05-26"", ""open"": 21.6, ""close"": 21.55, ""low"": 21.5, ""high"": 21.9, ""volume"": 68162723}, {""date"": ""05-27"", ""open"": 21.7, ""close"": 22.3, ""low"": 21.55, ""high"": 22.8, ""volume"": 108468823}, {""date"": ""05-28"", ""open"": 22.4, ""close"": 22.15, ""low"": 22.1, ""high"": 22.85, ""volume"": 66957051}]"
2026-05-28,電子零組件業,6197,佳必琪,279.0,291.0,1,-0.89,17.23,,4.12,274.0,247.8,238.25,"[{""date"": ""04-30"", ""open"": 207.5, ""close"": 208.0, ""low"": 197.5, ""high"": 210.0, ""volume"": 11639845}, {""date"": ""05-04"", ""open"": 220.0, ""close"": 228.5, ""low"": 220.0, ""high"": 228.5, ""volume"": 4001036}, {""date"": ""05-05"", ""open"": 242.0, ""close"": 243.5, ""low"": 237.0, ""high"": 251.0, ""volume"": 12475480}, {""date"": ""05-06"", ""open"": 258.5, ""close"": 234.5, ""low"": 231.0, ""high"": 259.0, ""volume"": 8782872}, {""date"": ""05-07"", ""open"": 235.0, ""close"": 231.5, ""low"": 230.0, ""high"": 242.0, ""volume"": 5170619}, {""date"": ""05-08"", ""open"": 231.0, ""close"": 218.5, ""low"": 217.0, ""high"": 231.5, ""volume"": 5042770}, {""date"": ""05-11"", ""open"": 227.5, ""close"": 229.0, ""low"": 220.5, ""high"": 234.0, ""volume"": 3500204}, {""date"": ""05-12"", ""open"": 231.5, ""close"": 234.0, ""low"": 222.0, ""high"": 234.5, ""volume"": 3451577}, {""date"": ""05-13"", ""open"": 228.5, ""close"": 233.0, ""low"": 226.0, ""high"": 236.0, ""volume"": 3302569}, {""date"": ""05-14"", ""open"": 235.0, ""close"": 226.5, ""low"": 224.0, ""high"": 239.0, ""volume"": 4372906}, {""date"": ""05-15"", ""open"": 228.0, ""close"": 218.5, ""low"": 218.0, ""high"": 229.5, ""volume"": 2933531}, {""date"": ""05-18"", ""open"": 215.5, ""close"": 218.5, ""low"": 212.0, ""high"": 224.0, ""volume"": 1973169}, {""date"": ""05-19"", ""open"": 219.5, ""close"": 216.0, ""low"": 212.0, ""high"": 221.0, ""volume"": 2084599}, {""date"": ""05-20"", ""open"": 217.0, ""close"": 217.0, ""low"": 213.0, ""high"": 219.5, ""volume"": 1569389}, {""date"": ""05-21"", ""open"": 224.0, ""close"": 238.0, ""low"": 222.0, ""high"": 238.5, ""volume"": 6552080}, {""date"": ""05-22"", ""open"": 244.5, ""close"": 256.0, ""low"": 240.5, ""high"": 258.0, ""volume"": 9156346}, {""date"": ""05-25"", ""open"": 264.5, ""close"": 274.0, ""low"": 257.5, ""high"": 279.0, ""volume"": 7618294}, {""date"": ""05-26"", ""open"": 277.5, ""close"": 279.5, ""low"": 272.0, ""high"": 287.5, ""volume"": 7281775}, {""date"": ""05-27"", ""open"": 279.5, ""close"": 281.5, ""low"": 277.5, ""high"": 291.0, ""volume"": 5743866}, {""date"": ""05-28"", ""open"": 287.0, ""close"": 279.0, ""low"": 274.0, ""high"": 296.5, ""volume"": 6953194}]"
2026-05-28,電機機械,1560,中砂,719.0,750.0,1,-1.1,7.47,,4.13,719.2,680.9,639.15,"[{""date"": ""04-30"", ""open"": 526.0, ""close"": 540.0, ""low"": 520.0, ""high"": 555.0, ""volume"": 3416736}, {""date"": ""05-04"", ""open"": 555.0, ""close"": 557.0, ""low"": 546.0, ""high"": 564.0, ""volume"": 3237480}, {""date"": ""05-05"", ""open"": 557.0, ""close"": 572.0, ""low"": 546.0, ""high"": 573.0, ""volume"": 1992277}, {""date"": ""05-06"", ""open"": 583.0, ""close"": 576.0, ""low"": 562.0, ""high"": 601.0, ""volume"": 3641954}, {""date"": ""05-07"", ""open"": 582.0, ""close"": 577.0, ""low"": 563.0, ""high"": 595.0, ""volume"": 2818522}, {""date"": ""05-08"", ""open"": 588.0, ""close"": 572.0, ""low"": 568.0, ""high"": 617.0, ""volume"": 3161323}, {""date"": ""05-11"", ""open"": 584.0, ""close"": 629.0, ""low"": 581.0, ""high"": 629.0, ""volume"": 4413567}, {""date"": ""05-12"", ""open"": 646.0, ""close"": 668.0, ""low"": 645.0, ""high"": 683.0, ""volume"": 5605865}, {""date"": ""05-13"", ""open"": 639.0, ""close"": 633.0, ""low"": 615.0, ""high"": 642.0, ""volume"": 3949036}, {""date"": ""05-14"", ""open"": 640.0, ""close"": 650.0, ""low"": 627.0, ""high"": 657.0, ""volume"": 3460996}, {""date"": ""05-15"", ""open"": 675.0, ""close"": 642.0, ""low"": 634.0, ""high"": 680.0, ""volume"": 2381620}, {""date"": ""05-18"", ""open"": 635.0, ""close"": 649.0, ""low"": 617.0, ""high"": 651.0, ""volume"": 1298962}, {""date"": ""05-19"", ""open"": 641.0, ""close"": 644.0, ""low"": 636.0, ""high"": 655.0, ""volume"": 1351377}, {""date"": ""05-20"", ""open"": 640.0, ""close"": 609.0, ""low"": 602.0, ""high"": 642.0, ""volume"": 2959888}, {""date"": ""05-21"", ""open"": 640.0, ""close"": 669.0, ""low"": 634.0, ""high"": 669.0, ""volume"": 2272152}, {""date"": ""05-22"", ""open"": 678.0, ""close"": 688.0, ""low"": 660.0, ""high"": 690.0, ""volume"": 3739588}, {""date"": ""05-25"", ""open"": 715.0, ""close"": 720.0, ""low"": 703.0, ""high"": 736.0, ""volume"": 1931037}, {""date"": ""05-26"", ""open"": 720.0, ""close"": 742.0, ""low"": 718.0, ""high"": 745.0, ""volume"": 2186878}, {""date"": ""05-27"", ""open"": 750.0, ""close"": 727.0, ""low"": 723.0, ""high"": 750.0, ""volume"": 1963554}, {""date"": ""05-28"", ""open"": 736.0, ""close"": 719.0, ""low"": 708.0, ""high"": 741.0, ""volume"": 1268016}]"
2026-05-28,運動休閒,2762,世界健身-KY,82.0,85.6,7,1.11,-1.09,,4.21,81.96,82.68,79.06,"[{""date"": ""04-30"", ""open"": 73.1, ""close"": 73.0, ""low"": 73.0, ""high"": 73.5, ""volume"": 48000}, {""date"": ""05-04"", ""open"": 73.0, ""close"": 72.4, ""low"": 72.4, ""high"": 73.2, ""volume"": 84000}, {""date"": ""05-05"", ""open"": 72.4, ""close"": 72.7, ""low"": 72.1, ""high"": 72.9, ""volume"": 47014}, {""date"": ""05-06"", ""open"": 72.7, ""close"": 73.0, ""low"": 72.6, ""high"": 73.3, ""volume"": 235004}, {""date"": ""05-07"", ""open"": 73.0, ""close"": 73.9, ""low"": 72.0, ""high"": 73.9, ""volume"": 95001}, {""date"": ""05-08"", ""open"": 74.5, ""close"": 74.0, ""low"": 72.9, ""high"": 76.0, ""volume"": 177100}, {""date"": ""05-11"", ""open"": 74.0, ""close"": 75.4, ""low"": 74.0, ""high"": 75.4, ""volume"": 78000}, {""date"": ""05-12"", ""open"": 75.4, ""close"": 76.9, ""low"": 74.5, ""high"": 76.9, ""volume"": 190000}, {""date"": ""05-13"", ""open"": 76.5, ""close"": 79.2, ""low"": 76.5, ""high"": 79.8, ""volume"": 341000}, {""date"": ""05-14"", ""open"": 83.5, ""close"": 83.9, ""low"": 81.2, ""high"": 85.0, ""volume"": 491405}, {""date"": ""05-15"", ""open"": 84.5, ""close"": 82.0, ""low"": 80.4, ""high"": 84.5, ""volume"": 313013}, {""date"": ""05-18"", ""open"": 82.0, ""close"": 84.5, ""low"": 80.7, ""high"": 84.9, ""volume"": 322333}, {""date"": ""05-19"", ""open"": 83.3, ""close"": 84.5, ""low"": 83.0, ""high"": 85.6, ""volume"": 148000}, {""date"": ""05-20"", ""open"": 84.0, ""close"": 83.1, ""low"": 82.3, ""high"": 85.0, ""volume"": 97000}, {""date"": ""05-21"", ""open"": 82.6, ""close"": 82.9, ""low"": 81.6, ""high"": 83.2, ""volume"": 103047}, {""date"": ""05-22"", ""open"": 81.7, ""close"": 82.9, ""low"": 81.7, ""high"": 83.0, ""volume"": 122000}, {""date"": ""05-25"", ""open"": 82.1, ""close"": 82.0, ""low"": 80.0, ""high"": 82.3, ""volume"": 135017}, {""date"": ""05-26"", ""open"": 82.0, ""close"": 81.8, ""low"": 80.7, ""high"": 82.0, ""volume"": 30000}, {""date"": ""05-27"", ""open"": 80.8, ""close"": 81.1, ""low"": 80.5, ""high"": 81.8, ""volume"": 51000}, {""date"": ""05-28"", ""open"": 81.9, ""close"": 82.0, ""low"": 81.8, ""high"": 83.8, ""volume"": 141673}]"
2026-05-28,金融保險,6024,群益期,56.5,59.0,13,-0.53,-0.18,,4.24,56.36,56.27,56.83,"[{""date"": ""04-30"", ""open"": 56.1, ""close"": 56.2, ""low"": 55.7, ""high"": 56.5, ""volume"": 277100}, {""date"": ""05-04"", ""open"": 56.2, ""close"": 57.1, ""low"": 56.2, ""high"": 57.6, ""volume"": 970210}, {""date"": ""05-05"", ""open"": 56.8, ""close"": 57.2, ""low"": 56.8, ""high"": 57.8, ""volume"": 368200}, {""date"": ""05-06"", ""open"": 57.6, ""close"": 57.6, ""low"": 57.2, ""high"": 57.9, ""volume"": 338379}, {""date"": ""05-07"", ""open"": 57.6, ""close"": 58.2, ""low"": 57.4, ""high"": 58.3, ""volume"": 718428}, {""date"": ""05-08"", ""open"": 58.4, ""close"": 58.2, ""low"": 57.9, ""high"": 58.4, ""volume"": 251781}, {""date"": ""05-11"", ""open"": 58.2, ""close"": 58.2, ""low"": 57.8, ""high"": 59.0, ""volume"": 440004}, {""date"": ""05-12"", ""open"": 58.2, ""close"": 57.5, ""low"": 57.1, ""high"": 58.2, ""volume"": 632034}, {""date"": ""05-13"", ""open"": 57.3, ""close"": 57.2, ""low"": 56.7, ""high"": 57.4, ""volume"": 395014}, {""date"": ""05-14"", ""open"": 57.2, ""close"": 56.5, ""low"": 56.3, ""high"": 57.3, ""volume"": 600000}, {""date"": ""05-15"", ""open"": 56.6, ""close"": 56.5, ""low"": 56.5, ""high"": 57.3, ""volume"": 219080}, {""date"": ""05-18"", ""open"": 56.2, ""close"": 56.0, ""low"": 55.9, ""high"": 56.5, ""volume"": 276040}, {""date"": ""05-19"", ""open"": 56.0, ""close"": 56.0, ""low"": 55.9, ""high"": 56.5, ""volume"": 160350}, {""date"": ""05-20"", ""open"": 55.9, ""close"": 55.8, ""low"": 55.7, ""high"": 56.2, ""volume"": 238294}, {""date"": ""05-21"", ""open"": 56.0, ""close"": 56.6, ""low"": 56.0, ""high"": 56.6, ""volume"": 269282}, {""date"": ""05-22"", ""open"": 56.6, ""close"": 56.5, ""low"": 56.2, ""high"": 56.6, ""volume"": 353250}, {""date"": ""05-25"", ""open"": 56.3, ""close"": 55.8, ""low"": 55.7, ""high"": 56.4, ""volume"": 738220}, {""date"": ""05-26"", ""open"": 55.8, ""close"": 56.2, ""low"": 55.5, ""high"": 56.3, ""volume"": 326460}, {""date"": ""05-27"", ""open"": 56.1, ""close"": 56.8, ""low"": 56.1, ""high"": 57.1, ""volume"": 438320}, {""date"": ""05-28"", ""open"": 57.1, ""close"": 56.5, ""low"": 56.2, ""high"": 57.2, ""volume"": 359633}]"
2026-05-28,航運業,2603,長榮,213.0,222.5,58,0.71,0.47,,4.27,213.8,208.85,209.55,"[{""date"": ""04-30"", ""open"": 200.5, ""close"": 202.0, ""low"": 200.0, ""high"": 203.0, ""volume"": 6320460}, {""date"": ""05-04"", ""open"": 202.0, ""close"": 206.0, ""low"": 202.0, ""high"": 208.5, ""volume"": 13261307}, {""date"": ""05-05"", ""open"": 206.0, ""close"": 208.0, ""low"": 204.5, ""high"": 211.0, ""volume"": 11334722}, {""date"": ""05-06"", ""open"": 211.0, ""close"": 212.0, ""low"": 209.0, ""high"": 213.5, ""volume"": 13648103}, {""date"": ""05-07"", ""open"": 212.5, ""close"": 213.5, ""low"": 211.5, ""high"": 214.5, ""volume"": 10182021}, {""date"": ""05-08"", ""open"": 212.5, ""close"": 211.5, ""low"": 211.0, ""high"": 214.0, ""volume"": 12228813}, {""date"": ""05-11"", ""open"": 213.5, ""close"": 214.0, ""low"": 212.5, ""high"": 215.0, ""volume"": 8980993}, {""date"": ""05-12"", ""open"": 216.0, ""close"": 214.0, ""low"": 213.5, ""high"": 216.5, ""volume"": 8594303}, {""date"": ""05-13"", ""open"": 215.0, ""close"": 210.0, ""low"": 209.5, ""high"": 215.0, ""volume"": 9157782}, {""date"": ""05-14"", ""open"": 209.5, ""close"": 211.5, ""low"": 207.0, ""high"": 213.0, ""volume"": 8805475}, {""date"": ""05-15"", ""open"": 208.0, ""close"": 200.5, ""low"": 200.5, ""high"": 208.5, ""volume"": 24196789}, {""date"": ""05-18"", ""open"": 200.0, ""close"": 197.5, ""low"": 197.0, ""high"": 200.5, ""volume"": 17769548}, {""date"": ""05-19"", ""open"": 197.5, ""close"": 197.0, ""low"": 195.5, ""high"": 200.0, ""volume"": 16487677}, {""date"": ""05-20"", ""open"": 210.0, ""close"": 212.5, ""low"": 207.0, ""high"": 216.5, ""volume"": 47404718}, {""date"": ""05-21"", ""open"": 212.0, ""close"": 212.0, ""low"": 210.5, ""high"": 214.5, ""volume"": 20383068}, {""date"": ""05-22"", ""open"": 214.5, ""close"": 219.0, ""low"": 214.0, ""high"": 219.0, ""volume"": 29484482}, {""date"": ""05-25"", ""open"": 220.0, ""close"": 214.0, ""low"": 214.0, ""high"": 222.0, ""volume"": 30711918}, {""date"": ""05-26"", ""open"": 215.5, ""close"": 211.5, ""low"": 211.5, ""high"": 218.5, ""volume"": 27696875}, {""date"": ""05-27"", ""open"": 213.0, ""close"": 211.5, ""low"": 209.0, ""high"": 216.5, ""volume"": 33663232}, {""date"": ""05-28"", ""open"": 212.0, ""close"": 213.0, ""low"": 211.0, ""high"": 215.0, ""volume"": 15557985}]"
2026-05-28,電腦及週邊設備業,6166,凌華,132.5,138.5,1,-2.57,11.81,,4.33,131.0,122.8,106.72,"[{""date"": ""04-30"", ""open"": 74.5, ""close"": 75.0, ""low"": 73.8, ""high"": 76.7, ""volume"": 794000}, {""date"": ""05-04"", ""open"": 77.6, ""close"": 82.3, ""low"": 77.1, ""high"": 82.5, ""volume"": 4419626}, {""date"": ""05-05"", ""open"": 79.9, ""close"": 78.6, ""low"": 78.0, ""high"": 81.5, ""volume"": 2044015}, {""date"": ""05-06"", ""open"": 79.6, ""close"": 79.4, ""low"": 77.1, ""high"": 79.9, ""volume"": 1331320}, {""date"": ""05-07"", ""open"": 85.1, ""close"": 86.5, ""low"": 83.9, ""high"": 87.3, ""volume"": 7152587}, {""date"": ""05-08"", ""open"": 85.0, ""close"": 87.3, ""low"": 84.1, ""high"": 88.7, ""volume"": 4384549}, {""date"": ""05-11"", ""open"": 93.4, ""close"": 92.7, ""low"": 85.6, ""high"": 93.4, ""volume"": 4600594}, {""date"": ""05-12"", ""open"": 96.5, ""close"": 101.5, ""low"": 93.2, ""high"": 101.5, ""volume"": 5608170}, {""date"": ""05-13"", ""open"": 107.5, ""close"": 111.5, ""low"": 102.5, ""high"": 111.5, ""volume"": 8599134}, {""date"": ""05-14"", ""open"": 111.5, ""close"": 111.5, ""low"": 103.5, ""high"": 116.0, ""volume"": 12548036}, {""date"": ""05-15"", ""open"": 111.5, ""close"": 112.0, ""low"": 106.0, ""high"": 114.5, ""volume"": 6030648}, {""date"": ""05-18"", ""open"": 113.5, ""close"": 113.5, ""low"": 111.0, ""high"": 120.5, ""volume"": 7849206}, {""date"": ""05-19"", ""open"": 114.0, ""close"": 113.5, ""low"": 110.5, ""high"": 116.5, ""volume"": 4067226}, {""date"": ""05-20"", ""open"": 112.0, ""close"": 115.5, ""low"": 112.0, ""high"": 116.5, ""volume"": 3103712}, {""date"": ""05-21"", ""open"": 116.5, ""close"": 118.5, ""low"": 113.5, ""high"": 123.0, ""volume"": 4505811}, {""date"": ""05-22"", ""open"": 122.0, ""close"": 127.0, ""low"": 119.0, ""high"": 130.0, ""volume"": 4677177}, {""date"": ""05-25"", ""open"": 128.5, ""close"": 126.5, ""low"": 124.5, ""high"": 130.0, ""volume"": 3350951}, {""date"": ""05-26"", ""open"": 127.5, ""close"": 133.0, ""low"": 123.5, ""high"": 133.0, ""volume"": 3199802}, {""date"": ""05-27"", ""open"": 135.5, ""close"": 136.0, ""low"": 132.0, ""high"": 138.5, ""volume"": 2709248}, {""date"": ""05-28"", ""open"": 140.5, ""close"": 132.5, ""low"": 131.5, ""high"": 145.0, ""volume"": 3356394}]"
2026-05-28,電腦及週邊設備業,2376,技嘉,335.5,351.0,8,0.9,6.0,,4.42,332.6,324.35,314.4,"[{""date"": ""04-30"", ""open"": 273.0, ""close"": 273.0, ""low"": 271.0, ""high"": 280.0, ""volume"": 5547443}, {""date"": ""05-04"", ""open"": 278.0, ""close"": 279.0, ""low"": 270.5, ""high"": 282.0, ""volume"": 6376264}, {""date"": ""05-05"", ""open"": 279.0, ""close"": 279.5, ""low"": 275.5, ""high"": 281.0, ""volume"": 4441022}, {""date"": ""05-06"", ""open"": 283.0, ""close"": 301.0, ""low"": 283.0, ""high"": 304.5, ""volume"": 23499734}, {""date"": ""05-07"", ""open"": 311.0, ""close"": 309.0, ""low"": 300.5, ""high"": 316.5, ""volume"": 23292098}, {""date"": ""05-08"", ""open"": 316.0, ""close"": 317.0, ""low"": 304.5, ""high"": 323.5, ""volume"": 20737878}, {""date"": ""05-11"", ""open"": 329.0, ""close"": 324.5, ""low"": 317.0, ""high"": 333.0, ""volume"": 20394742}, {""date"": ""05-12"", ""open"": 327.5, ""close"": 321.0, ""low"": 315.0, ""high"": 329.0, ""volume"": 12146679}, {""date"": ""05-13"", ""open"": 317.5, ""close"": 313.5, ""low"": 310.5, ""high"": 318.0, ""volume"": 12621780}, {""date"": ""05-14"", ""open"": 322.5, ""close"": 327.0, ""low"": 320.0, ""high"": 332.0, ""volume"": 16679572}, {""date"": ""05-15"", ""open"": 330.0, ""close"": 326.5, ""low"": 315.0, ""high"": 332.0, ""volume"": 20091688}, {""date"": ""05-18"", ""open"": 336.0, ""close"": 330.5, ""low"": 328.0, ""high"": 351.0, ""volume"": 38569692}, {""date"": ""05-19"", ""open"": 320.0, ""close"": 305.0, ""low"": 304.5, ""high"": 324.0, ""volume"": 33183556}, {""date"": ""05-20"", ""open"": 309.0, ""close"": 302.0, ""low"": 300.0, ""high"": 313.5, ""volume"": 13746694}, {""date"": ""05-21"", ""open"": 308.0, ""close"": 316.5, ""low"": 305.0, ""high"": 319.5, ""volume"": 15326135}, {""date"": ""05-22"", ""open"": 318.5, ""close"": 322.5, ""low"": 311.5, ""high"": 325.0, ""volume"": 12959733}, {""date"": ""05-25"", ""open"": 331.5, ""close"": 336.5, ""low"": 331.0, ""high"": 343.0, ""volume"": 16698756}, {""date"": ""05-26"", ""open"": 340.0, ""close"": 336.0, ""low"": 330.0, ""high"": 340.5, ""volume"": 10701635}, {""date"": ""05-27"", ""open"": 341.0, ""close"": 332.5, ""low"": 331.0, ""high"": 341.0, ""volume"": 8770293}, {""date"": ""05-28"", ""open"": 336.0, ""close"": 335.5, ""low"": 331.0, ""high"": 350.0, ""volume"": 13042666}]"
2026-05-28,金融保險,2897,王道銀行,9.94,10.4,30,-0.6,-1.58,,4.42,9.97,10.0,10.06,"[{""date"": ""04-30"", ""open"": 10.15, ""close"": 10.1, ""low"": 10.05, ""high"": 10.15, ""volume"": 4066001}, {""date"": ""05-04"", ""open"": 10.1, ""close"": 10.05, ""low"": 10.0, ""high"": 10.15, ""volume"": 3989002}, {""date"": ""05-05"", ""open"": 10.05, ""close"": 10.05, ""low"": 10.0, ""high"": 10.1, ""volume"": 1319795}, {""date"": ""05-06"", ""open"": 10.1, ""close"": 10.15, ""low"": 10.05, ""high"": 10.15, ""volume"": 2843116}, {""date"": ""05-07"", ""open"": 10.1, ""close"": 10.1, ""low"": 10.05, ""high"": 10.15, ""volume"": 2770871}, {""date"": ""05-08"", ""open"": 10.15, ""close"": 10.15, ""low"": 10.1, ""high"": 10.15, ""volume"": 2790280}, {""date"": ""05-11"", ""open"": 10.1, ""close"": 10.25, ""low"": 10.1, ""high"": 10.35, ""volume"": 6624519}, {""date"": ""05-12"", ""open"": 10.25, ""close"": 10.2, ""low"": 10.15, ""high"": 10.3, ""volume"": 2849811}, {""date"": ""05-13"", ""open"": 10.2, ""close"": 10.15, ""low"": 10.1, ""high"": 10.2, ""volume"": 2369818}, {""date"": ""05-14"", ""open"": 10.1, ""close"": 10.05, ""low"": 10.05, ""high"": 10.2, ""volume"": 3490393}, {""date"": ""05-15"", ""open"": 10.0, ""close"": 10.0, ""low"": 10.0, ""high"": 10.05, ""volume"": 5034487}, {""date"": ""05-18"", ""open"": 10.0, ""close"": 9.95, ""low"": 9.92, ""high"": 10.0, ""volume"": 5205323}, {""date"": ""05-19"", ""open"": 9.95, ""close"": 10.05, ""low"": 9.92, ""high"": 10.05, ""volume"": 2074112}, {""date"": ""05-20"", ""open"": 10.0, ""close"": 10.05, ""low"": 10.0, ""high"": 10.15, ""volume"": 3418086}, {""date"": ""05-21"", ""open"": 10.05, ""close"": 10.1, ""low"": 10.0, ""high"": 10.1, ""volume"": 2449085}, {""date"": ""05-22"", ""open"": 10.1, ""close"": 10.0, ""low"": 10.0, ""high"": 10.1, ""volume"": 2702900}, {""date"": ""05-25"", ""open"": 10.1, ""close"": 9.95, ""low"": 9.9, ""high"": 10.1, ""volume"": 6934691}, {""date"": ""05-26"", ""open"": 9.95, ""close"": 9.98, ""low"": 9.94, ""high"": 9.99, ""volume"": 1582849}, {""date"": ""05-27"", ""open"": 10.0, ""close"": 10.0, ""low"": 9.93, ""high"": 10.05, ""volume"": 3679110}, {""date"": ""05-28"", ""open"": 10.0, ""close"": 9.94, ""low"": 9.9, ""high"": 10.05, ""volume"": 2543944}]"
2026-05-28,生技醫療業,6598,ABC-KY,24.85,26.0,60,-0.4,2.26,,4.42,24.69,24.55,23.7,"[{""date"": ""04-30"", ""open"": 22.2, ""close"": 21.45, ""low"": 21.45, ""high"": 22.2, ""volume"": 86010}, {""date"": ""05-04"", ""open"": 23.4, ""close"": 22.55, ""low"": 22.3, ""high"": 23.4, ""volume"": 149004}, {""date"": ""05-05"", ""open"": 22.5, ""close"": 22.55, ""low"": 22.5, ""high"": 22.9, ""volume"": 139003}, {""date"": ""05-06"", ""open"": 23.0, ""close"": 22.9, ""low"": 22.1, ""high"": 23.0, ""volume"": 84000}, {""date"": ""05-07"", ""open"": 23.35, ""close"": 22.6, ""low"": 22.4, ""high"": 23.35, ""volume"": 126002}, {""date"": ""05-08"", ""open"": 22.25, ""close"": 22.5, ""low"": 22.2, ""high"": 22.7, ""volume"": 157200}, {""date"": ""05-11"", ""open"": 22.7, ""close"": 22.7, ""low"": 22.55, ""high"": 23.2, ""volume"": 183005}, {""date"": ""05-12"", ""open"": 23.2, ""close"": 23.35, ""low"": 22.65, ""high"": 23.35, ""volume"": 253001}, {""date"": ""05-13"", ""open"": 23.65, ""close"": 24.15, ""low"": 23.55, ""high"": 25.0, ""volume"": 391120}, {""date"": ""05-14"", ""open"": 24.5, ""close"": 23.75, ""low"": 23.65, ""high"": 24.9, ""volume"": 221437}, {""date"": ""05-15"", ""open"": 24.25, ""close"": 24.35, ""low"": 24.0, ""high"": 24.9, ""volume"": 320003}, {""date"": ""05-18"", ""open"": 24.35, ""close"": 24.5, ""low"": 23.9, ""high"": 25.8, ""volume"": 444100}, {""date"": ""05-19"", ""open"": 24.5, ""close"": 24.65, ""low"": 24.5, ""high"": 25.05, ""volume"": 185070}, {""date"": ""05-20"", ""open"": 25.0, ""close"": 24.2, ""low"": 24.1, ""high"": 25.0, ""volume"": 253416}, {""date"": ""05-21"", ""open"": 24.2, ""close"": 24.3, ""low"": 24.1, ""high"": 24.5, ""volume"": 141000}, {""date"": ""05-22"", ""open"": 24.5, ""close"": 24.3, ""low"": 24.05, ""high"": 24.5, ""volume"": 88145}, {""date"": ""05-25"", ""open"": 24.35, ""close"": 24.5, ""low"": 24.2, ""high"": 24.9, ""volume"": 272027}, {""date"": ""05-26"", ""open"": 24.5, ""close"": 24.85, ""low"": 24.4, ""high"": 25.1, ""volume"": 191410}, {""date"": ""05-27"", ""open"": 25.0, ""close"": 24.95, ""low"": 24.7, ""high"": 25.85, ""volume"": 289150}, {""date"": ""05-28"", ""open"": 25.0, ""close"": 24.85, ""low"": 24.8, ""high"": 25.3, ""volume"": 96140}]"
2026-05-28,生技醫療業,1731,美吾華,21.3,22.3,75,-0.47,-1.39,,4.48,21.44,21.51,21.58,"[{""date"": ""04-30"", ""open"": 21.65, ""close"": 21.65, ""low"": 21.65, ""high"": 21.8, ""volume"": 42257}, {""date"": ""05-04"", ""open"": 21.65, ""close"": 21.65, ""low"": 21.6, ""high"": 21.75, ""volume"": 131399}, {""date"": ""05-05"", ""open"": 21.65, ""close"": 21.7, ""low"": 21.65, ""high"": 21.75, ""volume"": 63352}, {""date"": ""05-06"", ""open"": 21.6, ""close"": 21.7, ""low"": 21.6, ""high"": 21.7, ""volume"": 76925}, {""date"": ""05-07"", ""open"": 21.7, ""close"": 21.75, ""low"": 21.65, ""high"": 21.8, ""volume"": 118224}, {""date"": ""05-08"", ""open"": 21.8, ""close"": 21.7, ""low"": 21.6, ""high"": 21.8, ""volume"": 145050}, {""date"": ""05-11"", ""open"": 21.8, ""close"": 21.65, ""low"": 21.65, ""high"": 21.8, ""volume"": 119002}, {""date"": ""05-12"", ""open"": 21.65, ""close"": 21.6, ""low"": 21.55, ""high"": 21.65, ""volume"": 144250}, {""date"": ""05-13"", ""open"": 21.6, ""close"": 21.55, ""low"": 21.55, ""high"": 21.6, ""volume"": 106059}, {""date"": ""05-14"", ""open"": 21.55, ""close"": 21.55, ""low"": 21.5, ""high"": 21.7, ""volume"": 176000}, {""date"": ""05-15"", ""open"": 21.55, ""close"": 21.5, ""low"": 21.5, ""high"": 21.6, ""volume"": 138326}, {""date"": ""05-18"", ""open"": 21.55, ""close"": 21.65, ""low"": 21.5, ""high"": 21.65, ""volume"": 91276}, {""date"": ""05-19"", ""open"": 21.6, ""close"": 21.5, ""low"": 21.5, ""high"": 21.65, ""volume"": 58050}, {""date"": ""05-20"", ""open"": 21.5, ""close"": 21.65, ""low"": 21.45, ""high"": 21.65, ""volume"": 97133}, {""date"": ""05-21"", ""open"": 21.55, ""close"": 21.6, ""low"": 21.55, ""high"": 21.65, ""volume"": 84169}, {""date"": ""05-22"", ""open"": 21.6, ""close"": 21.5, ""low"": 21.5, ""high"": 21.6, ""volume"": 132043}, {""date"": ""05-25"", ""open"": 21.5, ""close"": 21.5, ""low"": 21.45, ""high"": 21.55, ""volume"": 151981}, {""date"": ""05-26"", ""open"": 21.45, ""close"": 21.5, ""low"": 21.4, ""high"": 21.5, ""volume"": 166827}, {""date"": ""05-27"", ""open"": 21.5, ""close"": 21.4, ""low"": 21.2, ""high"": 21.5, ""volume"": 412130}, {""date"": ""05-28"", ""open"": 21.5, ""close"": 21.3, ""low"": 21.3, ""high"": 21.5, ""volume"": 126534}]"
2026-05-28,通信網路業,2412,中華電,137.5,144.0,7,0.36,0.0,,4.51,136.8,137.8,136.98,"[{""date"": ""04-30"", ""open"": 136.0, ""close"": 136.0, ""low"": 135.5, ""high"": 137.0, ""volume"": 9776829}, {""date"": ""05-04"", ""open"": 137.0, ""close"": 135.5, ""low"": 135.5, ""high"": 137.5, ""volume"": 6970783}, {""date"": ""05-05"", ""open"": 135.5, ""close"": 136.0, ""low"": 135.0, ""high"": 136.0, ""volume"": 5290308}, {""date"": ""05-06"", ""open"": 137.0, ""close"": 136.0, ""low"": 135.5, ""high"": 137.0, ""volume"": 13230011}, {""date"": ""05-07"", ""open"": 135.5, ""close"": 135.5, ""low"": 135.5, ""high"": 136.5, ""volume"": 14059555}, {""date"": ""05-08"", ""open"": 136.0, ""close"": 136.5, ""low"": 135.5, ""high"": 136.5, ""volume"": 9282555}, {""date"": ""05-11"", ""open"": 136.5, ""close"": 135.5, ""low"": 135.5, ""high"": 136.5, ""volume"": 6599853}, {""date"": ""05-12"", ""open"": 135.5, ""close"": 135.5, ""low"": 135.5, ""high"": 136.5, ""volume"": 9696181}, {""date"": ""05-13"", ""open"": 136.5, ""close"": 137.5, ""low"": 135.5, ""high"": 137.5, ""volume"": 14144199}, {""date"": ""05-14"", ""open"": 136.5, ""close"": 137.5, ""low"": 136.5, ""high"": 138.0, ""volume"": 17400421}, {""date"": ""05-15"", ""open"": 137.5, ""close"": 138.0, ""low"": 137.0, ""high"": 138.0, ""volume"": 8792646}, {""date"": ""05-18"", ""open"": 138.0, ""close"": 137.0, ""low"": 137.0, ""high"": 138.0, ""volume"": 7653424}, {""date"": ""05-19"", ""open"": 137.0, ""close"": 142.5, ""low"": 137.0, ""high"": 144.0, ""volume"": 52536539}, {""date"": ""05-20"", ""open"": 142.5, ""close"": 139.0, ""low"": 139.0, ""high"": 143.5, ""volume"": 23001430}, {""date"": ""05-21"", ""open"": 139.0, ""close"": 137.5, ""low"": 137.5, ""high"": 140.0, ""volume"": 14376464}, {""date"": ""05-22"", ""open"": 137.5, ""close"": 137.0, ""low"": 137.0, ""high"": 138.0, ""volume"": 8279549}, {""date"": ""05-25"", ""open"": 137.5, ""close"": 136.5, ""low"": 136.0, ""high"": 137.5, ""volume"": 11422520}, {""date"": ""05-26"", ""open"": 136.5, ""close"": 136.0, ""low"": 136.0, ""high"": 138.0, ""volume"": 17913361}, {""date"": ""05-27"", ""open"": 137.0, ""close"": 137.0, ""low"": 136.0, ""high"": 138.0, ""volume"": 15541553}, {""date"": ""05-28"", ""open"": 137.0, ""close"": 137.5, ""low"": 137.0, ""high"": 138.0, ""volume"": 11684260}]"
2026-05-28,食品工業,1737,臺鹽,31.5,33.0,148,-0.16,0.0,,4.55,31.53,31.5,31.54,"[{""date"": ""04-30"", ""open"": 31.8, ""close"": 31.85, ""low"": 31.6, ""high"": 31.85, ""volume"": 65175}, {""date"": ""05-04"", ""open"": 31.85, ""close"": 31.6, ""low"": 31.35, ""high"": 31.85, ""volume"": 202107}, {""date"": ""05-05"", ""open"": 31.6, ""close"": 31.55, ""low"": 31.5, ""high"": 31.6, ""volume"": 103066}, {""date"": ""05-06"", ""open"": 31.85, ""close"": 31.65, ""low"": 31.5, ""high"": 31.85, ""volume"": 92009}, {""date"": ""05-07"", ""open"": 31.55, ""close"": 31.55, ""low"": 31.5, ""high"": 31.7, ""volume"": 102731}, {""date"": ""05-08"", ""open"": 31.65, ""close"": 31.55, ""low"": 31.5, ""high"": 31.8, ""volume"": 76189}, {""date"": ""05-11"", ""open"": 31.55, ""close"": 31.55, ""low"": 31.55, ""high"": 31.65, ""volume"": 117099}, {""date"": ""05-12"", ""open"": 31.55, ""close"": 31.45, ""low"": 31.45, ""high"": 31.65, ""volume"": 140780}, {""date"": ""05-13"", ""open"": 31.45, ""close"": 31.5, ""low"": 31.45, ""high"": 31.6, ""volume"": 74261}, {""date"": ""05-14"", ""open"": 31.5, ""close"": 31.5, ""low"": 31.45, ""high"": 31.65, ""volume"": 138246}, {""date"": ""05-15"", ""open"": 31.5, ""close"": 31.45, ""low"": 31.4, ""high"": 31.65, ""volume"": 162740}, {""date"": ""05-18"", ""open"": 31.45, ""close"": 31.4, ""low"": 31.35, ""high"": 31.5, ""volume"": 64372}, {""date"": ""05-19"", ""open"": 31.4, ""close"": 31.55, ""low"": 31.4, ""high"": 31.6, ""volume"": 50104}, {""date"": ""05-20"", ""open"": 31.6, ""close"": 31.5, ""low"": 31.4, ""high"": 31.6, ""volume"": 48375}, {""date"": ""05-21"", ""open"": 31.5, ""close"": 31.5, ""low"": 31.45, ""high"": 31.6, ""volume"": 84268}, {""date"": ""05-22"", ""open"": 31.55, ""close"": 31.55, ""low"": 31.5, ""high"": 31.6, ""volume"": 99472}, {""date"": ""05-25"", ""open"": 31.55, ""close"": 31.5, ""low"": 31.45, ""high"": 31.6, ""volume"": 215181}, {""date"": ""05-26"", ""open"": 31.5, ""close"": 31.55, ""low"": 31.5, ""high"": 31.7, ""volume"": 176754}, {""date"": ""05-27"", ""open"": 31.5, ""close"": 31.55, ""low"": 31.5, ""high"": 31.6, ""volume"": 101597}, {""date"": ""05-28"", ""open"": 31.6, ""close"": 31.5, ""low"": 31.4, ""high"": 31.6, ""volume"": 289100}]"
2026-05-28,電腦及週邊設備業,9912,偉聯,12.4,13.0,17,-0.4,0.0,,4.62,12.51,12.46,12.52,"[{""date"": ""04-30"", ""open"": 12.4, ""close"": 12.75, ""low"": 12.4, ""high"": 12.75, ""volume"": 227199}, {""date"": ""05-04"", ""open"": 12.75, ""close"": 12.8, ""low"": 12.6, ""high"": 12.9, ""volume"": 165004}, {""date"": ""05-05"", ""open"": 12.75, ""close"": 12.9, ""low"": 12.6, ""high"": 13.0, ""volume"": 242671}, {""date"": ""05-06"", ""open"": 12.85, ""close"": 12.65, ""low"": 12.6, ""high"": 13.0, ""volume"": 263009}, {""date"": ""05-07"", ""open"": 12.65, ""close"": 12.65, ""low"": 12.45, ""high"": 12.7, ""volume"": 173002}, {""date"": ""05-08"", ""open"": 12.45, ""close"": 12.65, ""low"": 12.45, ""high"": 12.7, ""volume"": 33012}, {""date"": ""05-11"", ""open"": 12.65, ""close"": 12.35, ""low"": 12.25, ""high"": 12.65, ""volume"": 166515}, {""date"": ""05-12"", ""open"": 12.25, ""close"": 12.2, ""low"": 12.15, ""high"": 12.5, ""volume"": 170842}, {""date"": ""05-13"", ""open"": 12.0, ""close"": 12.35, ""low"": 11.85, ""high"": 12.4, ""volume"": 79727}, {""date"": ""05-14"", ""open"": 12.45, ""close"": 12.4, ""low"": 12.3, ""high"": 12.55, ""volume"": 54443}, {""date"": ""05-15"", ""open"": 12.6, ""close"": 12.4, ""low"": 12.4, ""high"": 12.65, ""volume"": 56253}, {""date"": ""05-18"", ""open"": 12.4, ""close"": 12.35, ""low"": 12.35, ""high"": 12.5, ""volume"": 52009}, {""date"": ""05-19"", ""open"": 12.25, ""close"": 12.45, ""low"": 12.25, ""high"": 12.5, ""volume"": 30000}, {""date"": ""05-20"", ""open"": 12.5, ""close"": 12.5, ""low"": 12.4, ""high"": 12.6, ""volume"": 47081}, {""date"": ""05-21"", ""open"": 12.6, ""close"": 12.4, ""low"": 12.4, ""high"": 12.6, ""volume"": 47005}, {""date"": ""05-22"", ""open"": 12.35, ""close"": 12.5, ""low"": 12.35, ""high"": 12.6, ""volume"": 85183}, {""date"": ""05-25"", ""open"": 12.5, ""close"": 12.75, ""low"": 12.4, ""high"": 12.85, ""volume"": 206121}, {""date"": ""05-26"", ""open"": 12.75, ""close"": 12.45, ""low"": 12.45, ""high"": 12.75, ""volume"": 61002}, {""date"": ""05-27"", ""open"": 12.45, ""close"": 12.45, ""low"": 12.4, ""high"": 12.55, ""volume"": 41207}, {""date"": ""05-28"", ""open"": 12.4, ""close"": 12.4, ""low"": 12.4, ""high"": 12.6, ""volume"": 17566}]"
2026-05-28,通信網路業,3045,台灣大,112.0,117.5,7,1.82,-1.32,,4.68,111.2,112.95,111.95,"[{""date"": ""04-30"", ""open"": 111.5, ""close"": 111.5, ""low"": 111.0, ""high"": 112.0, ""volume"": 7757957}, {""date"": ""05-04"", ""open"": 111.5, ""close"": 110.5, ""low"": 110.5, ""high"": 111.5, ""volume"": 7397198}, {""date"": ""05-05"", ""open"": 110.5, ""close"": 110.5, ""low"": 110.0, ""high"": 111.0, ""volume"": 10644849}, {""date"": ""05-06"", ""open"": 110.5, ""close"": 110.0, ""low"": 110.0, ""high"": 110.5, ""volume"": 5464743}, {""date"": ""05-07"", ""open"": 110.5, ""close"": 110.0, ""low"": 110.0, ""high"": 110.5, ""volume"": 6180572}, {""date"": ""05-08"", ""open"": 110.0, ""close"": 110.0, ""low"": 109.5, ""high"": 110.5, ""volume"": 7853369}, {""date"": ""05-11"", ""open"": 110.0, ""close"": 110.0, ""low"": 109.5, ""high"": 110.5, ""volume"": 7486422}, {""date"": ""05-12"", ""open"": 110.0, ""close"": 110.0, ""low"": 110.0, ""high"": 110.5, ""volume"": 5392541}, {""date"": ""05-13"", ""open"": 110.0, ""close"": 112.0, ""low"": 109.5, ""high"": 113.0, ""volume"": 20204286}, {""date"": ""05-14"", ""open"": 111.5, ""close"": 115.0, ""low"": 111.5, ""high"": 115.0, ""volume"": 20297382}, {""date"": ""05-15"", ""open"": 115.0, ""close"": 114.5, ""low"": 114.5, ""high"": 115.5, ""volume"": 12686599}, {""date"": ""05-18"", ""open"": 114.5, ""close"": 114.0, ""low"": 114.0, ""high"": 115.5, ""volume"": 12828566}, {""date"": ""05-19"", ""open"": 114.0, ""close"": 116.5, ""low"": 113.5, ""high"": 117.5, ""volume"": 26364727}, {""date"": ""05-20"", ""open"": 116.5, ""close"": 115.0, ""low"": 115.0, ""high"": 116.5, ""volume"": 12456001}, {""date"": ""05-21"", ""open"": 115.0, ""close"": 113.5, ""low"": 113.0, ""high"": 115.0, ""volume"": 16190499}, {""date"": ""05-22"", ""open"": 113.5, ""close"": 112.0, ""low"": 111.5, ""high"": 113.5, ""volume"": 17068730}, {""date"": ""05-25"", ""open"": 112.0, ""close"": 111.5, ""low"": 111.0, ""high"": 112.5, ""volume"": 14606395}, {""date"": ""05-26"", ""open"": 111.5, ""close"": 110.5, ""low"": 110.0, ""high"": 112.0, ""volume"": 22455627}, {""date"": ""05-27"", ""open"": 111.0, ""close"": 110.0, ""low"": 110.0, ""high"": 111.5, ""volume"": 15348191}, {""date"": ""05-28"", ""open"": 110.0, ""close"": 112.0, ""low"": 110.0, ""high"": 112.5, ""volume"": 13647455}]"
2026-05-28,通信網路業,6285,啟碁,305.0,320.0,1,-2.09,8.73,,4.69,303.0,291.25,269.9,"[{""date"": ""04-30"", ""open"": 214.5, ""close"": 216.0, ""low"": 212.5, ""high"": 222.5, ""volume"": 16403382}, {""date"": ""05-04"", ""open"": 221.0, ""close"": 226.5, ""low"": 217.5, ""high"": 233.0, ""volume"": 23914546}, {""date"": ""05-05"", ""open"": 228.0, ""close"": 233.0, ""low"": 221.5, ""high"": 233.0, ""volume"": 23669525}, {""date"": ""05-06"", ""open"": 235.0, ""close"": 233.0, ""low"": 222.0, ""high"": 238.5, ""volume"": 31188503}, {""date"": ""05-07"", ""open"": 240.5, ""close"": 256.0, ""low"": 237.0, ""high"": 256.0, ""volume"": 45393793}, {""date"": ""05-08"", ""open"": 250.0, ""close"": 247.5, ""low"": 241.5, ""high"": 270.0, ""volume"": 49049477}, {""date"": ""05-11"", ""open"": 253.0, ""close"": 259.0, ""low"": 250.5, ""high"": 266.5, ""volume"": 26278046}, {""date"": ""05-12"", ""open"": 266.0, ""close"": 282.0, ""low"": 262.0, ""high"": 282.5, ""volume"": 46751530}, {""date"": ""05-13"", ""open"": 276.0, ""close"": 270.5, ""low"": 268.0, ""high"": 281.5, ""volume"": 22361691}, {""date"": ""05-14"", ""open"": 280.0, ""close"": 262.0, ""low"": 260.0, ""high"": 286.0, ""volume"": 35330951}, {""date"": ""05-15"", ""open"": 265.5, ""close"": 260.0, ""low"": 258.0, ""high"": 271.0, ""volume"": 20375909}, {""date"": ""05-18"", ""open"": 254.0, ""close"": 286.0, ""low"": 254.0, ""high"": 286.0, ""volume"": 38144055}, {""date"": ""05-19"", ""open"": 290.5, ""close"": 292.0, ""low"": 287.5, ""high"": 310.0, ""volume"": 54552475}, {""date"": ""05-20"", ""open"": 296.0, ""close"": 279.0, ""low"": 278.0, ""high"": 302.5, ""volume"": 42645723}, {""date"": ""05-21"", ""open"": 287.0, ""close"": 280.5, ""low"": 276.0, ""high"": 293.0, ""volume"": 24482894}, {""date"": ""05-22"", ""open"": 281.0, ""close"": 296.0, ""low"": 279.0, ""high"": 298.0, ""volume"": 30448723}, {""date"": ""05-25"", ""open"": 303.0, ""close"": 298.0, ""low"": 297.5, ""high"": 317.0, ""volume"": 34540701}, {""date"": ""05-26"", ""open"": 302.0, ""close"": 304.5, ""low"": 290.0, ""high"": 308.5, ""volume"": 21317207}, {""date"": ""05-27"", ""open"": 309.0, ""close"": 311.5, ""low"": 305.0, ""high"": 320.0, ""volume"": 28853633}, {""date"": ""05-28"", ""open"": 324.0, ""close"": 305.0, ""low"": 302.0, ""high"": 336.5, ""volume"": 26365084}]"
2026-05-28,通信網路業,2450,神腦,29.15,30.6,171,-0.68,-0.17,,4.74,29.21,29.19,29.44,"[{""date"": ""04-30"", ""open"": 29.8, ""close"": 29.6, ""low"": 29.55, ""high"": 29.8, ""volume"": 200000}, {""date"": ""05-04"", ""open"": 29.6, ""close"": 29.6, ""low"": 29.45, ""high"": 29.65, ""volume"": 213306}, {""date"": ""05-05"", ""open"": 29.6, ""close"": 29.6, ""low"": 29.4, ""high"": 29.6, ""volume"": 142000}, {""date"": ""05-06"", ""open"": 29.6, ""close"": 29.6, ""low"": 29.3, ""high"": 29.6, ""volume"": 228040}, {""date"": ""05-07"", ""open"": 29.5, ""close"": 29.7, ""low"": 29.5, ""high"": 29.8, ""volume"": 122106}, {""date"": ""05-08"", ""open"": 29.7, ""close"": 29.9, ""low"": 29.7, ""high"": 29.95, ""volume"": 208000}, {""date"": ""05-11"", ""open"": 29.9, ""close"": 30.1, ""low"": 29.8, ""high"": 30.1, ""volume"": 265199}, {""date"": ""05-12"", ""open"": 29.9, ""close"": 29.75, ""low"": 29.7, ""high"": 29.9, ""volume"": 121112}, {""date"": ""05-13"", ""open"": 29.65, ""close"": 29.6, ""low"": 29.45, ""high"": 29.85, ""volume"": 130198}, {""date"": ""05-14"", ""open"": 29.5, ""close"": 29.4, ""low"": 29.4, ""high"": 29.6, ""volume"": 195000}, {""date"": ""05-15"", ""open"": 29.4, ""close"": 29.35, ""low"": 29.3, ""high"": 29.45, ""volume"": 156000}, {""date"": ""05-18"", ""open"": 29.3, ""close"": 29.15, ""low"": 29.0, ""high"": 29.35, ""volume"": 151321}, {""date"": ""05-19"", ""open"": 29.1, ""close"": 29.1, ""low"": 29.1, ""high"": 29.35, ""volume"": 205279}, {""date"": ""05-20"", ""open"": 29.0, ""close"": 29.05, ""low"": 28.95, ""high"": 29.25, ""volume"": 212200}, {""date"": ""05-21"", ""open"": 29.1, ""close"": 29.2, ""low"": 29.05, ""high"": 29.3, ""volume"": 79000}, {""date"": ""05-22"", ""open"": 29.1, ""close"": 29.2, ""low"": 29.05, ""high"": 29.35, ""volume"": 139100}, {""date"": ""05-25"", ""open"": 29.2, ""close"": 29.2, ""low"": 29.0, ""high"": 29.45, ""volume"": 506130}, {""date"": ""05-26"", ""open"": 29.1, ""close"": 29.15, ""low"": 29.0, ""high"": 29.3, ""volume"": 246212}, {""date"": ""05-27"", ""open"": 29.25, ""close"": 29.35, ""low"": 29.1, ""high"": 29.45, ""volume"": 227162}, {""date"": ""05-28"", ""open"": 29.35, ""close"": 29.15, ""low"": 29.15, ""high"": 29.4, ""volume"": 136040}]"
2026-05-28,電腦及週邊設備業,6206,飛捷,139.0,146.0,3,0.36,1.46,,4.79,140.3,135.9,129.02,"[{""date"": ""04-30"", ""open"": 106.0, ""close"": 108.0, ""low"": 105.0, ""high"": 108.0, ""volume"": 704574}, {""date"": ""05-04"", ""open"": 110.5, ""close"": 111.0, ""low"": 108.0, ""high"": 111.0, ""volume"": 1282336}, {""date"": ""05-05"", ""open"": 111.0, ""close"": 110.5, ""low"": 109.5, ""high"": 112.0, ""volume"": 878031}, {""date"": ""05-06"", ""open"": 111.0, ""close"": 110.5, ""low"": 109.5, ""high"": 112.5, ""volume"": 1003050}, {""date"": ""05-07"", ""open"": 111.0, ""close"": 117.0, ""low"": 110.5, ""high"": 119.0, ""volume"": 3816752}, {""date"": ""05-08"", ""open"": 121.0, ""close"": 119.0, ""low"": 117.5, ""high"": 123.5, ""volume"": 5312005}, {""date"": ""05-11"", ""open"": 128.0, ""close"": 130.5, ""low"": 127.0, ""high"": 130.5, ""volume"": 5004508}, {""date"": ""05-12"", ""open"": 135.0, ""close"": 140.0, ""low"": 132.5, ""high"": 142.0, ""volume"": 9569951}, {""date"": ""05-13"", ""open"": 138.5, ""close"": 138.5, ""low"": 137.0, ""high"": 141.5, ""volume"": 3538109}, {""date"": ""05-14"", ""open"": 141.5, ""close"": 136.5, ""low"": 134.0, ""high"": 142.5, ""volume"": 4280563}, {""date"": ""05-15"", ""open"": 136.5, ""close"": 130.0, ""low"": 130.0, ""high"": 139.5, ""volume"": 3994126}, {""date"": ""05-18"", ""open"": 128.5, ""close"": 130.0, ""low"": 126.0, ""high"": 133.5, ""volume"": 2395449}, {""date"": ""05-19"", ""open"": 128.5, ""close"": 129.5, ""low"": 128.0, ""high"": 134.0, ""volume"": 1844572}, {""date"": ""05-20"", ""open"": 129.5, ""close"": 131.0, ""low"": 126.5, ""high"": 131.0, ""volume"": 1531499}, {""date"": ""05-21"", ""open"": 136.5, ""close"": 137.0, ""low"": 133.5, ""high"": 137.0, ""volume"": 3748892}, {""date"": ""05-22"", ""open"": 136.5, ""close"": 140.0, ""low"": 133.5, ""high"": 142.0, ""volume"": 3397842}, {""date"": ""05-25"", ""open"": 142.0, ""close"": 144.0, ""low"": 139.5, ""high"": 146.0, ""volume"": 3188782}, {""date"": ""05-26"", ""open"": 145.0, ""close"": 140.0, ""low"": 137.0, ""high"": 145.0, ""volume"": 2816932}, {""date"": ""05-27"", ""open"": 141.0, ""close"": 138.5, ""low"": 138.5, ""high"": 143.5, ""volume"": 2085756}, {""date"": ""05-28"", ""open"": 141.0, ""close"": 139.0, ""low"": 136.0, ""high"": 145.0, ""volume"": 2668330}]"
2026-05-28,其他電子業,2360,致茂,2550.0,2680.0,1,-2.86,12.33,,4.85,2481.0,2322.0,2312.5,"[{""date"": ""04-30"", ""open"": 2115.0, ""close"": 2120.0, ""low"": 2085.0, ""high"": 2155.0, ""volume"": 3768367}, {""date"": ""05-04"", ""open"": 2265.0, ""close"": 2310.0, ""low"": 2145.0, ""high"": 2330.0, ""volume"": 6134497}, {""date"": ""05-05"", ""open"": 2310.0, ""close"": 2235.0, ""low"": 2150.0, ""high"": 2315.0, ""volume"": 3896630}, {""date"": ""05-06"", ""open"": 2350.0, ""close"": 2345.0, ""low"": 2270.0, ""high"": 2450.0, ""volume"": 6237671}, {""date"": ""05-07"", ""open"": 2530.0, ""close"": 2325.0, ""low"": 2270.0, ""high"": 2530.0, ""volume"": 3985907}, {""date"": ""05-08"", ""open"": 2325.0, ""close"": 2230.0, ""low"": 2210.0, ""high"": 2370.0, ""volume"": 3914685}, {""date"": ""05-11"", ""open"": 2210.0, ""close"": 2360.0, ""low"": 2205.0, ""high"": 2415.0, ""volume"": 3176719}, {""date"": ""05-12"", ""open"": 2450.0, ""close"": 2440.0, ""low"": 2400.0, ""high"": 2480.0, ""volume"": 4335142}, {""date"": ""05-13"", ""open"": 2465.0, ""close"": 2405.0, ""low"": 2345.0, ""high"": 2465.0, ""volume"": 2442863}, {""date"": ""05-14"", ""open"": 2410.0, ""close"": 2260.0, ""low"": 2255.0, ""high"": 2435.0, ""volume"": 4549275}, {""date"": ""05-15"", ""open"": 2345.0, ""close"": 2240.0, ""low"": 2210.0, ""high"": 2350.0, ""volume"": 3005280}, {""date"": ""05-18"", ""open"": 2125.0, ""close"": 2185.0, ""low"": 2125.0, ""high"": 2200.0, ""volume"": 2141525}, {""date"": ""05-19"", ""open"": 2130.0, ""close"": 2055.0, ""low"": 1975.0, ""high"": 2130.0, ""volume"": 4112844}, {""date"": ""05-20"", ""open"": 2090.0, ""close"": 2065.0, ""low"": 2020.0, ""high"": 2095.0, ""volume"": 1827077}, {""date"": ""05-21"", ""open"": 2210.0, ""close"": 2270.0, ""low"": 2190.0, ""high"": 2270.0, ""volume"": 1453115}, {""date"": ""05-22"", ""open"": 2380.0, ""close"": 2270.0, ""low"": 2245.0, ""high"": 2380.0, ""volume"": 3561507}, {""date"": ""05-25"", ""open"": 2345.0, ""close"": 2460.0, ""low"": 2310.0, ""high"": 2460.0, ""volume"": 2535639}, {""date"": ""05-26"", ""open"": 2550.0, ""close"": 2500.0, ""low"": 2450.0, ""high"": 2590.0, ""volume"": 2724190}, {""date"": ""05-27"", ""open"": 2550.0, ""close"": 2625.0, ""low"": 2495.0, ""high"": 2680.0, ""volume"": 2502927}, {""date"": ""05-28"", ""open"": 2560.0, ""close"": 2550.0, ""low"": 2530.0, ""high"": 2795.0, ""volume"": 2583423}]"
2026-05-28,其他電子業,2312,金寶,38.05,40.0,2,1.87,26.41,,4.88,36.98,32.73,30.61,"[{""date"": ""04-30"", ""open"": 28.55, ""close"": 27.65, ""low"": 27.55, ""high"": 29.05, ""volume"": 51829127}, {""date"": ""05-04"", ""open"": 27.7, ""close"": 27.85, ""low"": 27.7, ""high"": 28.85, ""volume"": 39664649}, {""date"": ""05-05"", ""open"": 27.85, ""close"": 28.1, ""low"": 27.6, ""high"": 28.4, ""volume"": 27426434}, {""date"": ""05-06"", ""open"": 28.35, ""close"": 28.0, ""low"": 27.4, ""high"": 28.4, ""volume"": 35093875}, {""date"": ""05-07"", ""open"": 28.4, ""close"": 28.55, ""low"": 28.2, ""high"": 29.25, ""volume"": 44050554}, {""date"": ""05-08"", ""open"": 28.6, ""close"": 27.95, ""low"": 27.7, ""high"": 29.8, ""volume"": 44540421}, {""date"": ""05-11"", ""open"": 28.6, ""close"": 29.9, ""low"": 28.4, ""high"": 30.4, ""volume"": 87927347}, {""date"": ""05-12"", ""open"": 30.0, ""close"": 29.45, ""low"": 28.6, ""high"": 30.1, ""volume"": 53760418}, {""date"": ""05-13"", ""open"": 29.0, ""close"": 29.1, ""low"": 28.6, ""high"": 29.8, ""volume"": 28078132}, {""date"": ""05-14"", ""open"": 29.4, ""close"": 28.25, ""low"": 28.05, ""high"": 29.4, ""volume"": 32689164}, {""date"": ""05-15"", ""open"": 28.45, ""close"": 27.85, ""low"": 27.7, ""high"": 28.85, ""volume"": 20708541}, {""date"": ""05-18"", ""open"": 27.45, ""close"": 28.45, ""low"": 26.65, ""high"": 28.5, ""volume"": 22615063}, {""date"": ""05-19"", ""open"": 28.45, ""close"": 27.75, ""low"": 27.65, ""high"": 28.8, ""volume"": 18837357}, {""date"": ""05-20"", ""open"": 27.9, ""close"": 28.3, ""low"": 27.55, ""high"": 28.5, ""volume"": 23002351}, {""date"": ""05-21"", ""open"": 28.8, ""close"": 30.1, ""low"": 28.6, ""high"": 30.65, ""volume"": 92700927}, {""date"": ""05-22"", ""open"": 31.85, ""close"": 33.1, ""low"": 31.35, ""high"": 33.1, ""volume"": 134312480}, {""date"": ""05-25"", ""open"": 36.0, ""close"": 36.4, ""low"": 35.5, ""high"": 36.4, ""volume"": 66210935}, {""date"": ""05-26"", ""open"": 40.0, ""close"": 40.0, ""low"": 38.25, ""high"": 40.0, ""volume"": 209383049}, {""date"": ""05-27"", ""open"": 38.85, ""close"": 37.35, ""low"": 36.0, ""high"": 38.85, ""volume"": 164862059}, {""date"": ""05-28"", ""open"": 38.0, ""close"": 38.05, ""low"": 37.3, ""high"": 41.05, ""volume"": 143134914}]"
2026-05-28,其他,9933,中鼎,39.0,41.0,2,-0.89,-1.52,,4.88,39.55,38.78,37.85,"[{""date"": ""04-30"", ""open"": 37.0, ""close"": 36.75, ""low"": 36.4, ""high"": 37.0, ""volume"": 3069770}, {""date"": ""05-04"", ""open"": 36.95, ""close"": 37.0, ""low"": 36.6, ""high"": 37.4, ""volume"": 2893623}, {""date"": ""05-05"", ""open"": 37.1, ""close"": 36.5, ""low"": 36.35, ""high"": 37.1, ""volume"": 3097646}, {""date"": ""05-06"", ""open"": 36.8, ""close"": 36.8, ""low"": 36.35, ""high"": 37.0, ""volume"": 2920644}, {""date"": ""05-07"", ""open"": 36.8, ""close"": 37.3, ""low"": 36.8, ""high"": 37.65, ""volume"": 4722439}, {""date"": ""05-08"", ""open"": 37.9, ""close"": 36.8, ""low"": 36.75, ""high"": 38.4, ""volume"": 7039899}, {""date"": ""05-11"", ""open"": 36.95, ""close"": 36.45, ""low"": 36.2, ""high"": 36.95, ""volume"": 3226536}, {""date"": ""05-12"", ""open"": 36.6, ""close"": 37.1, ""low"": 36.0, ""high"": 37.3, ""volume"": 4128286}, {""date"": ""05-13"", ""open"": 37.95, ""close"": 36.8, ""low"": 36.6, ""high"": 38.1, ""volume"": 5168665}, {""date"": ""05-14"", ""open"": 36.9, ""close"": 37.6, ""low"": 36.75, ""high"": 37.8, ""volume"": 3930654}, {""date"": ""05-15"", ""open"": 38.0, ""close"": 37.6, ""low"": 37.55, ""high"": 39.0, ""volume"": 8520214}, {""date"": ""05-18"", ""open"": 37.2, ""close"": 36.8, ""low"": 36.55, ""high"": 37.4, ""volume"": 3203667}, {""date"": ""05-19"", ""open"": 36.7, ""close"": 37.35, ""low"": 36.7, ""high"": 37.8, ""volume"": 3123733}, {""date"": ""05-20"", ""open"": 37.75, ""close"": 38.75, ""low"": 37.45, ""high"": 38.8, ""volume"": 7484538}, {""date"": ""05-21"", ""open"": 38.9, ""close"": 39.6, ""low"": 38.75, ""high"": 39.7, ""volume"": 7953792}, {""date"": ""05-22"", ""open"": 39.75, ""close"": 39.3, ""low"": 39.15, ""high"": 40.0, ""volume"": 4996242}, {""date"": ""05-25"", ""open"": 39.35, ""close"": 39.5, ""low"": 38.9, ""high"": 39.6, ""volume"": 3469756}, {""date"": ""05-26"", ""open"": 39.9, ""close"": 40.6, ""low"": 39.75, ""high"": 41.0, ""volume"": 8318049}, {""date"": ""05-27"", ""open"": 40.7, ""close"": 39.35, ""low"": 38.95, ""high"": 40.85, ""volume"": 6610677}, {""date"": ""05-28"", ""open"": 39.35, ""close"": 39.0, ""low"": 38.75, ""high"": 39.7, ""volume"": 3004018}]"
2026-05-28,塑膠工業,1315,達新,62.1,65.32,34,0.16,1.8,,4.92,61.32,60.98,61.42,"[{""date"": ""04-30"", ""open"": 62.7, ""close"": 62.3, ""low"": 61.7, ""high"": 63.1, ""volume"": 84010}, {""date"": ""05-04"", ""open"": 62.4, ""close"": 62.2, ""low"": 62.1, ""high"": 62.5, ""volume"": 17000}, {""date"": ""05-05"", ""open"": 62.3, ""close"": 62.2, ""low"": 62.1, ""high"": 62.4, ""volume"": 13900}, {""date"": ""05-06"", ""open"": 62.6, ""close"": 62.4, ""low"": 62.1, ""high"": 62.6, ""volume"": 25002}, {""date"": ""05-07"", ""open"": 62.3, ""close"": 61.5, ""low"": 61.5, ""high"": 62.3, ""volume"": 61488}, {""date"": ""05-08"", ""open"": 62.0, ""close"": 61.8, ""low"": 61.6, ""high"": 62.0, ""volume"": 13005}, {""date"": ""05-11"", ""open"": 61.6, ""close"": 61.8, ""low"": 61.6, ""high"": 61.8, ""volume"": 17001}, {""date"": ""05-12"", ""open"": 61.8, ""close"": 61.5, ""low"": 61.5, ""high"": 62.0, ""volume"": 20294}, {""date"": ""05-13"", ""open"": 61.3, ""close"": 61.7, ""low"": 60.9, ""high"": 61.7, ""volume"": 35000}, {""date"": ""05-14"", ""open"": 61.2, ""close"": 61.1, ""low"": 60.7, ""high"": 61.4, ""volume"": 31001}, {""date"": ""05-15"", ""open"": 61.4, ""close"": 60.5, ""low"": 60.4, ""high"": 61.4, ""volume"": 35000}, {""date"": ""05-18"", ""open"": 61.0, ""close"": 60.3, ""low"": 60.3, ""high"": 61.2, ""volume"": 15000}, {""date"": ""05-19"", ""open"": 60.5, ""close"": 61.0, ""low"": 60.3, ""high"": 61.0, ""volume"": 8000}, {""date"": ""05-20"", ""open"": 60.4, ""close"": 60.4, ""low"": 60.3, ""high"": 60.4, ""volume"": 5020}, {""date"": ""05-21"", ""open"": 60.6, ""close"": 61.0, ""low"": 60.6, ""high"": 61.2, ""volume"": 20742}, {""date"": ""05-22"", ""open"": 60.4, ""close"": 60.9, ""low"": 60.4, ""high"": 61.1, ""volume"": 19490}, {""date"": ""05-25"", ""open"": 60.9, ""close"": 60.9, ""low"": 60.5, ""high"": 60.9, ""volume"": 16000}, {""date"": ""05-26"", ""open"": 60.9, ""close"": 60.7, ""low"": 60.7, ""high"": 61.0, ""volume"": 14004}, {""date"": ""05-27"", ""open"": 61.0, ""close"": 62.0, ""low"": 61.0, ""high"": 62.0, ""volume"": 128276}, {""date"": ""05-28"", ""open"": 62.0, ""close"": 62.1, ""low"": 61.5, ""high"": 63.0, ""volume"": 41039}]"
2026-05-28,通信網路業,4904,遠傳,94.6,99.5,9,1.83,-1.15,,4.92,94.24,95.71,95.74,"[{""date"": ""04-30"", ""open"": 96.1, ""close"": 94.5, ""low"": 94.1, ""high"": 96.6, ""volume"": 6528883}, {""date"": ""05-04"", ""open"": 95.3, ""close"": 94.3, ""low"": 94.0, ""high"": 95.5, ""volume"": 7400455}, {""date"": ""05-05"", ""open"": 94.8, ""close"": 95.8, ""low"": 94.2, ""high"": 96.2, ""volume"": 4019831}, {""date"": ""05-06"", ""open"": 96.8, ""close"": 95.1, ""low"": 95.1, ""high"": 96.8, ""volume"": 5121416}, {""date"": ""05-07"", ""open"": 96.0, ""close"": 95.4, ""low"": 95.3, ""high"": 96.3, ""volume"": 4728739}, {""date"": ""05-08"", ""open"": 95.5, ""close"": 95.9, ""low"": 94.8, ""high"": 96.4, ""volume"": 8165039}, {""date"": ""05-11"", ""open"": 96.3, ""close"": 96.2, ""low"": 95.9, ""high"": 96.9, ""volume"": 2804878}, {""date"": ""05-12"", ""open"": 96.5, ""close"": 95.5, ""low"": 95.5, ""high"": 97.1, ""volume"": 3701475}, {""date"": ""05-13"", ""open"": 96.2, ""close"": 96.9, ""low"": 95.2, ""high"": 97.4, ""volume"": 4725772}, {""date"": ""05-14"", ""open"": 96.0, ""close"": 98.1, ""low"": 96.0, ""high"": 98.5, ""volume"": 6104790}, {""date"": ""05-15"", ""open"": 98.1, ""close"": 98.3, ""low"": 97.9, ""high"": 99.5, ""volume"": 4263323}, {""date"": ""05-18"", ""open"": 98.3, ""close"": 96.8, ""low"": 96.8, ""high"": 98.9, ""volume"": 3091975}, {""date"": ""05-19"", ""open"": 96.9, ""close"": 98.0, ""low"": 96.7, ""high"": 99.5, ""volume"": 5593593}, {""date"": ""05-20"", ""open"": 98.1, ""close"": 97.1, ""low"": 97.0, ""high"": 99.4, ""volume"": 7109674}, {""date"": ""05-21"", ""open"": 97.2, ""close"": 95.7, ""low"": 95.7, ""high"": 97.5, ""volume"": 7134394}, {""date"": ""05-22"", ""open"": 95.7, ""close"": 95.5, ""low"": 94.7, ""high"": 96.7, ""volume"": 8245591}, {""date"": ""05-25"", ""open"": 95.5, ""close"": 94.2, ""low"": 94.2, ""high"": 95.6, ""volume"": 8231385}, {""date"": ""05-26"", ""open"": 94.5, ""close"": 94.0, ""low"": 94.0, ""high"": 95.5, ""volume"": 8930145}, {""date"": ""05-27"", ""open"": 94.8, ""close"": 92.9, ""low"": 92.9, ""high"": 94.8, ""volume"": 9296832}, {""date"": ""05-28"", ""open"": 93.4, ""close"": 94.6, ""low"": 93.0, ""high"": 94.9, ""volume"": 5656821}]"
2026-05-28,綠能環保,6581,鋼聯,106.0,111.5,14,-0.47,-0.47,,4.93,106.6,106.85,107.58,"[{""date"": ""04-30"", ""open"": 108.5, ""close"": 107.5, ""low"": 107.5, ""high"": 109.0, ""volume"": 26000}, {""date"": ""05-04"", ""open"": 107.5, ""close"": 107.5, ""low"": 107.5, ""high"": 108.5, ""volume"": 15000}, {""date"": ""05-05"", ""open"": 108.0, ""close"": 108.0, ""low"": 108.0, ""high"": 108.5, ""volume"": 19000}, {""date"": ""05-06"", ""open"": 109.0, ""close"": 109.5, ""low"": 109.0, ""high"": 109.5, ""volume"": 23250}, {""date"": ""05-07"", ""open"": 109.5, ""close"": 109.5, ""low"": 109.0, ""high"": 110.0, ""volume"": 19781}, {""date"": ""05-08"", ""open"": 111.5, ""close"": 110.0, ""low"": 109.0, ""high"": 111.5, ""volume"": 40000}, {""date"": ""05-11"", ""open"": 110.0, ""close"": 108.0, ""low"": 105.5, ""high"": 110.0, ""volume"": 47005}, {""date"": ""05-12"", ""open"": 108.0, ""close"": 108.0, ""low"": 107.0, ""high"": 109.0, ""volume"": 25000}, {""date"": ""05-13"", ""open"": 107.5, ""close"": 108.0, ""low"": 107.0, ""high"": 108.0, ""volume"": 20000}, {""date"": ""05-14"", ""open"": 107.5, ""close"": 107.0, ""low"": 107.0, ""high"": 108.5, ""volume"": 50000}, {""date"": ""05-15"", ""open"": 107.0, ""close"": 107.5, ""low"": 107.0, ""high"": 107.5, ""volume"": 11000}, {""date"": ""05-18"", ""open"": 107.5, ""close"": 107.0, ""low"": 107.0, ""high"": 107.5, ""volume"": 5000}, {""date"": ""05-19"", ""open"": 107.0, ""close"": 107.5, ""low"": 107.0, ""high"": 107.5, ""volume"": 3000}, {""date"": ""05-20"", ""open"": 107.0, ""close"": 107.0, ""low"": 106.5, ""high"": 107.5, ""volume"": 21000}, {""date"": ""05-21"", ""open"": 107.0, ""close"": 106.5, ""low"": 106.5, ""high"": 107.0, ""volume"": 15000}, {""date"": ""05-22"", ""open"": 106.5, ""close"": 107.0, ""low"": 106.5, ""high"": 107.5, ""volume"": 10000}, {""date"": ""05-25"", ""open"": 107.0, ""close"": 107.0, ""low"": 106.5, ""high"": 107.5, ""volume"": 36000}, {""date"": ""05-26"", ""open"": 107.0, ""close"": 106.5, ""low"": 106.5, ""high"": 107.0, ""volume"": 38000}, {""date"": ""05-27"", ""open"": 107.0, ""close"": 106.5, ""low"": 106.5, ""high"": 107.0, ""volume"": 8001}, {""date"": ""05-28"", ""open"": 107.0, ""close"": 106.0, ""low"": 105.5, ""high"": 107.0, ""volume"": 49520}]"
2026-05-28,電子零組件業,3607,谷崧,15.2,16.0,25,0.0,4.47,,5.0,15.12,14.71,14.58,"[{""date"": ""04-30"", ""open"": 14.6, ""close"": 14.55, ""low"": 14.5, ""high"": 14.85, ""volume"": 201000}, {""date"": ""05-04"", ""open"": 14.55, ""close"": 14.4, ""low"": 14.3, ""high"": 14.7, ""volume"": 474002}, {""date"": ""05-05"", ""open"": 14.2, ""close"": 14.3, ""low"": 14.15, ""high"": 14.45, ""volume"": 916037}, {""date"": ""05-06"", ""open"": 14.45, ""close"": 14.35, ""low"": 14.2, ""high"": 14.55, ""volume"": 315039}, {""date"": ""05-07"", ""open"": 14.45, ""close"": 14.65, ""low"": 14.35, ""high"": 14.65, ""volume"": 401436}, {""date"": ""05-08"", ""open"": 14.7, ""close"": 14.55, ""low"": 14.5, ""high"": 15.0, ""volume"": 510004}, {""date"": ""05-11"", ""open"": 14.5, ""close"": 14.55, ""low"": 14.45, ""high"": 14.65, ""volume"": 344005}, {""date"": ""05-12"", ""open"": 14.55, ""close"": 14.4, ""low"": 14.25, ""high"": 14.8, ""volume"": 804002}, {""date"": ""05-13"", ""open"": 14.45, ""close"": 14.3, ""low"": 14.15, ""high"": 14.65, ""volume"": 477000}, {""date"": ""05-14"", ""open"": 14.45, ""close"": 14.45, ""low"": 14.35, ""high"": 14.7, ""volume"": 610001}, {""date"": ""05-15"", ""open"": 14.65, ""close"": 14.1, ""low"": 14.05, ""high"": 14.7, ""volume"": 665003}, {""date"": ""05-18"", ""open"": 14.0, ""close"": 14.4, ""low"": 13.85, ""high"": 14.4, ""volume"": 422003}, {""date"": ""05-19"", ""open"": 14.45, ""close"": 14.25, ""low"": 14.25, ""high"": 14.6, ""volume"": 323001}, {""date"": ""05-20"", ""open"": 14.25, ""close"": 14.2, ""low"": 14.15, ""high"": 14.45, ""volume"": 278000}, {""date"": ""05-21"", ""open"": 14.1, ""close"": 14.55, ""low"": 14.1, ""high"": 14.55, ""volume"": 486000}, {""date"": ""05-22"", ""open"": 14.6, ""close"": 14.95, ""low"": 14.55, ""high"": 15.05, ""volume"": 853053}, {""date"": ""05-25"", ""open"": 15.15, ""close"": 15.1, ""low"": 14.8, ""high"": 15.2, ""volume"": 595100}, {""date"": ""05-26"", ""open"": 15.3, ""close"": 15.15, ""low"": 14.9, ""high"": 15.3, ""volume"": 403079}, {""date"": ""05-27"", ""open"": 15.3, ""close"": 15.2, ""low"": 15.15, ""high"": 15.6, ""volume"": 625012}, {""date"": ""05-28"", ""open"": 15.2, ""close"": 15.2, ""low"": 15.2, ""high"": 15.75, ""volume"": 721038}]"
2026-05-28,半導體業,6799,來頡,112.0,118.0,1,2.28,16.06,,5.08,106.8,100.51,95.71,"[{""date"": ""04-30"", ""open"": 89.0, ""close"": 88.0, ""low"": 87.2, ""high"": 90.7, ""volume"": 296001}, {""date"": ""05-04"", ""open"": 89.1, ""close"": 89.8, ""low"": 88.8, ""high"": 91.3, ""volume"": 465002}, {""date"": ""05-05"", ""open"": 91.0, ""close"": 91.5, ""low"": 90.3, ""high"": 93.0, ""volume"": 435005}, {""date"": ""05-06"", ""open"": 92.7, ""close"": 88.5, ""low"": 88.4, ""high"": 93.2, ""volume"": 499000}, {""date"": ""05-07"", ""open"": 90.4, ""close"": 88.9, ""low"": 88.6, ""high"": 90.4, ""volume"": 305001}, {""date"": ""05-08"", ""open"": 88.8, ""close"": 88.9, ""low"": 87.0, ""high"": 90.7, ""volume"": 360002}, {""date"": ""05-11"", ""open"": 89.7, ""close"": 90.8, ""low"": 89.4, ""high"": 91.7, ""volume"": 505004}, {""date"": ""05-12"", ""open"": 91.7, ""close"": 94.4, ""low"": 90.8, ""high"": 94.8, ""volume"": 954917}, {""date"": ""05-13"", ""open"": 94.9, ""close"": 93.8, ""low"": 92.2, ""high"": 95.5, ""volume"": 669000}, {""date"": ""05-14"", ""open"": 95.1, ""close"": 94.4, ""low"": 93.1, ""high"": 96.5, ""volume"": 553002}, {""date"": ""05-15"", ""open"": 95.6, ""close"": 92.3, ""low"": 91.5, ""high"": 99.2, ""volume"": 1290030}, {""date"": ""05-18"", ""open"": 90.5, ""close"": 95.5, ""low"": 90.3, ""high"": 95.9, ""volume"": 570008}, {""date"": ""05-19"", ""open"": 97.0, ""close"": 92.1, ""low"": 90.6, ""high"": 97.1, ""volume"": 653100}, {""date"": ""05-20"", ""open"": 92.1, ""close"": 94.7, ""low"": 91.0, ""high"": 95.7, ""volume"": 519041}, {""date"": ""05-21"", ""open"": 96.0, ""close"": 96.5, ""low"": 95.0, ""high"": 98.0, ""volume"": 550029}, {""date"": ""05-22"", ""open"": 98.3, ""close"": 100.5, ""low"": 97.7, ""high"": 102.5, ""volume"": 1195011}, {""date"": ""05-25"", ""open"": 103.0, ""close"": 101.0, ""low"": 100.5, ""high"": 104.0, ""volume"": 736079}, {""date"": ""05-26"", ""open"": 103.5, ""close"": 111.0, ""low"": 100.5, ""high"": 111.0, ""volume"": 3385050}, {""date"": ""05-27"", ""open"": 115.0, ""close"": 109.5, ""low"": 107.0, ""high"": 118.0, ""volume"": 3895229}, {""date"": ""05-28"", ""open"": 109.5, ""close"": 112.0, ""low"": 109.5, ""high"": 118.0, ""volume"": 2096653}]"
2026-05-28,造紙工業,6790,永豐實,39.15,41.25,40,0.0,-1.01,,5.09,39.19,39.4,39.65,"[{""date"": ""04-30"", ""open"": 39.55, ""close"": 39.6, ""low"": 39.4, ""high"": 39.9, ""volume"": 144015}, {""date"": ""05-04"", ""open"": 39.8, ""close"": 40.1, ""low"": 39.8, ""high"": 40.45, ""volume"": 264027}, {""date"": ""05-05"", ""open"": 40.0, ""close"": 39.95, ""low"": 39.8, ""high"": 40.0, ""volume"": 113000}, {""date"": ""05-06"", ""open"": 40.0, ""close"": 40.0, ""low"": 39.7, ""high"": 40.05, ""volume"": 168028}, {""date"": ""05-07"", ""open"": 40.0, ""close"": 39.9, ""low"": 39.85, ""high"": 40.1, ""volume"": 183172}, {""date"": ""05-08"", ""open"": 40.4, ""close"": 40.05, ""low"": 39.85, ""high"": 40.4, ""volume"": 115052}, {""date"": ""05-11"", ""open"": 40.15, ""close"": 39.9, ""low"": 39.9, ""high"": 40.25, ""volume"": 257000}, {""date"": ""05-12"", ""open"": 39.85, ""close"": 39.7, ""low"": 39.7, ""high"": 39.85, ""volume"": 169000}, {""date"": ""05-13"", ""open"": 39.65, ""close"": 40.0, ""low"": 39.5, ""high"": 40.1, ""volume"": 188000}, {""date"": ""05-14"", ""open"": 40.0, ""close"": 39.85, ""low"": 39.85, ""high"": 40.4, ""volume"": 266000}, {""date"": ""05-15"", ""open"": 40.1, ""close"": 39.9, ""low"": 39.8, ""high"": 40.5, ""volume"": 216000}, {""date"": ""05-18"", ""open"": 40.1, ""close"": 39.35, ""low"": 39.25, ""high"": 40.1, ""volume"": 339000}, {""date"": ""05-19"", ""open"": 39.35, ""close"": 39.8, ""low"": 39.35, ""high"": 40.0, ""volume"": 174050}, {""date"": ""05-20"", ""open"": 39.95, ""close"": 39.45, ""low"": 39.4, ""high"": 39.95, ""volume"": 172010}, {""date"": ""05-21"", ""open"": 39.5, ""close"": 39.55, ""low"": 39.45, ""high"": 39.65, ""volume"": 133030}, {""date"": ""05-22"", ""open"": 39.5, ""close"": 39.2, ""low"": 39.2, ""high"": 39.5, ""volume"": 253000}, {""date"": ""05-25"", ""open"": 39.5, ""close"": 39.2, ""low"": 38.85, ""high"": 39.5, ""volume"": 286001}, {""date"": ""05-26"", ""open"": 39.0, ""close"": 39.25, ""low"": 39.0, ""high"": 39.3, ""volume"": 232000}, {""date"": ""05-27"", ""open"": 39.15, ""close"": 39.15, ""low"": 39.05, ""high"": 39.25, ""volume"": 206103}, {""date"": ""05-28"", ""open"": 39.2, ""close"": 39.15, ""low"": 39.0, ""high"": 39.4, ""volume"": 176380}]"
2026-05-28,半導體業,6257,矽格,229.5,242.0,1,-1.71,6.0,,5.17,230.7,222.3,213.15,"[{""date"": ""04-30"", ""open"": 178.0, ""close"": 180.0, ""low"": 177.0, ""high"": 183.0, ""volume"": 8805249}, {""date"": ""05-04"", ""open"": 183.5, ""close"": 190.5, ""low"": 183.0, ""high"": 193.5, ""volume"": 17509690}, {""date"": ""05-05"", ""open"": 194.0, ""close"": 197.0, ""low"": 191.0, ""high"": 200.0, ""volume"": 23808416}, {""date"": ""05-06"", ""open"": 202.5, ""close"": 203.5, ""low"": 191.0, ""high"": 204.5, ""volume"": 23796348}, {""date"": ""05-07"", ""open"": 205.0, ""close"": 213.0, ""low"": 197.0, ""high"": 218.0, ""volume"": 26582332}, {""date"": ""05-08"", ""open"": 216.0, ""close"": 211.0, ""low"": 204.0, ""high"": 218.5, ""volume"": 17482790}, {""date"": ""05-11"", ""open"": 210.5, ""close"": 212.5, ""low"": 204.5, ""high"": 214.5, ""volume"": 11632024}, {""date"": ""05-12"", ""open"": 213.5, ""close"": 210.0, ""low"": 208.0, ""high"": 214.0, ""volume"": 12641728}, {""date"": ""05-13"", ""open"": 208.0, ""close"": 212.0, ""low"": 204.0, ""high"": 212.0, ""volume"": 9067935}, {""date"": ""05-14"", ""open"": 214.0, ""close"": 210.5, ""low"": 210.0, ""high"": 217.5, ""volume"": 9421811}, {""date"": ""05-15"", ""open"": 212.5, ""close"": 217.0, ""low"": 207.0, ""high"": 226.0, ""volume"": 22834445}, {""date"": ""05-18"", ""open"": 215.5, ""close"": 218.5, ""low"": 212.0, ""high"": 224.0, ""volume"": 12995667}, {""date"": ""05-19"", ""open"": 218.5, ""close"": 210.5, ""low"": 209.5, ""high"": 222.5, ""volume"": 15730160}, {""date"": ""05-20"", ""open"": 210.0, ""close"": 207.0, ""low"": 206.0, ""high"": 212.5, ""volume"": 12992270}, {""date"": ""05-21"", ""open"": 212.5, ""close"": 216.5, ""low"": 212.5, ""high"": 221.0, ""volume"": 14453978}, {""date"": ""05-22"", ""open"": 221.0, ""close"": 222.0, ""low"": 219.5, ""high"": 235.0, ""volume"": 13313965}, {""date"": ""05-25"", ""open"": 225.0, ""close"": 231.5, ""low"": 224.0, ""high"": 236.0, ""volume"": 10218439}, {""date"": ""05-26"", ""open"": 236.0, ""close"": 237.0, ""low"": 227.0, ""high"": 239.5, ""volume"": 14193672}, {""date"": ""05-27"", ""open"": 242.0, ""close"": 233.5, ""low"": 230.5, ""high"": 242.0, ""volume"": 12046737}, {""date"": ""05-28"", ""open"": 233.5, ""close"": 229.5, ""low"": 228.0, ""high"": 240.5, ""volume"": 10230333}]"
2026-05-28,電子零組件業,2483,百容,25.8,27.25,1,1.57,4.88,,5.32,25.66,24.83,24.19,"[{""date"": ""04-30"", ""open"": 23.1, ""close"": 22.4, ""low"": 22.3, ""high"": 23.1, ""volume"": 167000}, {""date"": ""05-04"", ""open"": 23.1, ""close"": 22.85, ""low"": 22.5, ""high"": 23.1, ""volume"": 307000}, {""date"": ""05-05"", ""open"": 22.8, ""close"": 23.4, ""low"": 22.75, ""high"": 23.5, ""volume"": 360894}, {""date"": ""05-06"", ""open"": 24.0, ""close"": 23.5, ""low"": 23.4, ""high"": 24.5, ""volume"": 564457}, {""date"": ""05-07"", ""open"": 23.5, ""close"": 23.7, ""low"": 23.2, ""high"": 24.25, ""volume"": 366300}, {""date"": ""05-08"", ""open"": 24.1, ""close"": 23.8, ""low"": 23.3, ""high"": 24.4, ""volume"": 449150}, {""date"": ""05-11"", ""open"": 24.1, ""close"": 23.7, ""low"": 23.5, ""high"": 24.25, ""volume"": 389003}, {""date"": ""05-12"", ""open"": 23.95, ""close"": 24.6, ""low"": 23.95, ""high"": 26.0, ""volume"": 1907114}, {""date"": ""05-13"", ""open"": 24.55, ""close"": 23.2, ""low"": 23.15, ""high"": 24.55, ""volume"": 769009}, {""date"": ""05-14"", ""open"": 23.6, ""close"": 24.3, ""low"": 23.5, ""high"": 24.7, ""volume"": 792001}, {""date"": ""05-15"", ""open"": 24.4, ""close"": 24.05, ""low"": 23.9, ""high"": 24.55, ""volume"": 656125}, {""date"": ""05-18"", ""open"": 24.0, ""close"": 24.2, ""low"": 23.7, ""high"": 24.5, ""volume"": 390000}, {""date"": ""05-19"", ""open"": 24.5, ""close"": 23.8, ""low"": 23.65, ""high"": 24.6, ""volume"": 326005}, {""date"": ""05-20"", ""open"": 23.95, ""close"": 23.4, ""low"": 23.1, ""high"": 24.05, ""volume"": 357000}, {""date"": ""05-21"", ""open"": 23.8, ""close"": 24.6, ""low"": 23.5, ""high"": 24.75, ""volume"": 619150}, {""date"": ""05-22"", ""open"": 24.85, ""close"": 25.95, ""low"": 24.65, ""high"": 26.0, ""volume"": 981500}, {""date"": ""05-25"", ""open"": 26.4, ""close"": 25.35, ""low"": 25.0, ""high"": 26.4, ""volume"": 792100}, {""date"": ""05-26"", ""open"": 25.55, ""close"": 25.8, ""low"": 25.4, ""high"": 26.25, ""volume"": 818476}, {""date"": ""05-27"", ""open"": 26.2, ""close"": 25.4, ""low"": 25.2, ""high"": 27.25, ""volume"": 1131000}, {""date"": ""05-28"", ""open"": 25.5, ""close"": 25.8, ""low"": 25.3, ""high"": 26.05, ""volume"": 357897}]"
2026-05-28,鋼鐵工業,2030,彰源,17.75,18.75,3,-1.39,2.31,,5.33,17.86,17.48,17.15,"[{""date"": ""04-30"", ""open"": 16.4, ""close"": 15.95, ""low"": 15.9, ""high"": 16.6, ""volume"": 666001}, {""date"": ""05-04"", ""open"": 15.95, ""close"": 15.8, ""low"": 15.7, ""high"": 16.15, ""volume"": 530035}, {""date"": ""05-05"", ""open"": 15.9, ""close"": 15.7, ""low"": 15.5, ""high"": 15.9, ""volume"": 576310}, {""date"": ""05-06"", ""open"": 15.9, ""close"": 16.1, ""low"": 15.75, ""high"": 16.2, ""volume"": 790440}, {""date"": ""05-07"", ""open"": 16.2, ""close"": 16.4, ""low"": 15.85, ""high"": 16.5, ""volume"": 1319000}, {""date"": ""05-08"", ""open"": 16.5, ""close"": 16.4, ""low"": 16.2, ""high"": 16.5, ""volume"": 580020}, {""date"": ""05-11"", ""open"": 17.2, ""close"": 18.0, ""low"": 17.2, ""high"": 18.0, ""volume"": 5210132}, {""date"": ""05-12"", ""open"": 18.0, ""close"": 17.95, ""low"": 17.4, ""high"": 18.6, ""volume"": 8706323}, {""date"": ""05-13"", ""open"": 18.05, ""close"": 18.05, ""low"": 17.6, ""high"": 18.65, ""volume"": 4425252}, {""date"": ""05-14"", ""open"": 18.3, ""close"": 17.95, ""low"": 17.95, ""high"": 18.5, ""volume"": 2672644}, {""date"": ""05-15"", ""open"": 17.8, ""close"": 17.3, ""low"": 17.2, ""high"": 17.8, ""volume"": 2257510}, {""date"": ""05-18"", ""open"": 17.25, ""close"": 16.8, ""low"": 16.55, ""high"": 17.25, ""volume"": 1522010}, {""date"": ""05-19"", ""open"": 16.8, ""close"": 16.8, ""low"": 16.65, ""high"": 17.1, ""volume"": 842181}, {""date"": ""05-20"", ""open"": 16.95, ""close"": 17.25, ""low"": 16.65, ""high"": 17.25, ""volume"": 652336}, {""date"": ""05-21"", ""open"": 17.3, ""close"": 17.35, ""low"": 17.0, ""high"": 17.45, ""volume"": 847151}, {""date"": ""05-22"", ""open"": 17.1, ""close"": 17.1, ""low"": 16.8, ""high"": 17.2, ""volume"": 1209030}, {""date"": ""05-25"", ""open"": 17.5, ""close"": 18.5, ""low"": 17.3, ""high"": 18.75, ""volume"": 5023583}, {""date"": ""05-26"", ""open"": 18.7, ""close"": 17.95, ""low"": 17.7, ""high"": 18.7, ""volume"": 2405072}, {""date"": ""05-27"", ""open"": 17.95, ""close"": 18.0, ""low"": 17.65, ""high"": 18.45, ""volume"": 1725300}, {""date"": ""05-28"", ""open"": 18.0, ""close"": 17.75, ""low"": 17.7, ""high"": 18.2, ""volume"": 1004982}]"
2026-05-28,金融保險,2820,華票,16.7,17.65,64,0.0,-1.18,,5.38,16.78,16.79,16.83,"[{""date"": ""04-30"", ""open"": 17.0, ""close"": 16.8, ""low"": 16.8, ""high"": 17.0, ""volume"": 1237654}, {""date"": ""05-04"", ""open"": 17.1, ""close"": 16.9, ""low"": 16.8, ""high"": 17.2, ""volume"": 2926391}, {""date"": ""05-05"", ""open"": 16.9, ""close"": 16.85, ""low"": 16.8, ""high"": 16.9, ""volume"": 1284182}, {""date"": ""05-06"", ""open"": 16.95, ""close"": 16.85, ""low"": 16.75, ""high"": 16.95, ""volume"": 2639493}, {""date"": ""05-07"", ""open"": 16.8, ""close"": 16.85, ""low"": 16.75, ""high"": 16.85, ""volume"": 1519248}, {""date"": ""05-08"", ""open"": 16.85, ""close"": 16.85, ""low"": 16.75, ""high"": 16.9, ""volume"": 1083200}, {""date"": ""05-11"", ""open"": 16.9, ""close"": 17.1, ""low"": 16.9, ""high"": 17.1, ""volume"": 2465780}, {""date"": ""05-12"", ""open"": 17.0, ""close"": 16.9, ""low"": 16.9, ""high"": 17.1, ""volume"": 1726701}, {""date"": ""05-13"", ""open"": 16.9, ""close"": 16.9, ""low"": 16.85, ""high"": 16.95, ""volume"": 1161864}, {""date"": ""05-14"", ""open"": 16.9, ""close"": 16.75, ""low"": 16.75, ""high"": 16.95, ""volume"": 1826909}, {""date"": ""05-15"", ""open"": 16.8, ""close"": 16.7, ""low"": 16.65, ""high"": 16.8, ""volume"": 2704079}, {""date"": ""05-18"", ""open"": 16.7, ""close"": 16.7, ""low"": 16.6, ""high"": 16.75, ""volume"": 1682101}, {""date"": ""05-19"", ""open"": 16.7, ""close"": 16.85, ""low"": 16.65, ""high"": 16.85, ""volume"": 536442}, {""date"": ""05-20"", ""open"": 16.85, ""close"": 16.85, ""low"": 16.75, ""high"": 16.85, ""volume"": 716720}, {""date"": ""05-21"", ""open"": 16.85, ""close"": 16.9, ""low"": 16.8, ""high"": 16.9, ""volume"": 540818}, {""date"": ""05-22"", ""open"": 16.85, ""close"": 16.9, ""low"": 16.75, ""high"": 16.9, ""volume"": 929036}, {""date"": ""05-25"", ""open"": 16.85, ""close"": 16.8, ""low"": 16.7, ""high"": 16.85, ""volume"": 1755835}, {""date"": ""05-26"", ""open"": 16.75, ""close"": 16.8, ""low"": 16.65, ""high"": 16.8, ""volume"": 1434482}, {""date"": ""05-27"", ""open"": 16.8, ""close"": 16.7, ""low"": 16.7, ""high"": 16.8, ""volume"": 918774}, {""date"": ""05-28"", ""open"": 16.75, ""close"": 16.7, ""low"": 16.7, ""high"": 16.75, ""volume"": 674561}]"
2026-05-28,電子通路業,3702,大聯大,120.5,127.5,5,0.0,-2.43,,5.49,120.8,117.55,112.7,"[{""date"": ""04-30"", ""open"": 101.5, ""close"": 101.0, ""low"": 100.0, ""high"": 102.5, ""volume"": 9470517}, {""date"": ""05-04"", ""open"": 103.0, ""close"": 104.5, ""low"": 101.5, ""high"": 105.0, ""volume"": 9933819}, {""date"": ""05-05"", ""open"": 104.5, ""close"": 102.5, ""low"": 102.0, ""high"": 104.5, ""volume"": 3732720}, {""date"": ""05-06"", ""open"": 103.5, ""close"": 104.0, ""low"": 102.0, ""high"": 104.5, ""volume"": 4475703}, {""date"": ""05-07"", ""open"": 104.0, ""close"": 103.5, ""low"": 101.5, ""high"": 104.0, ""volume"": 6188365}, {""date"": ""05-08"", ""open"": 105.5, ""close"": 113.5, ""low"": 105.5, ""high"": 113.5, ""volume"": 24943105}, {""date"": ""05-11"", ""open"": 115.0, ""close"": 114.0, ""low"": 111.5, ""high"": 117.5, ""volume"": 33031453}, {""date"": ""05-12"", ""open"": 114.0, ""close"": 114.0, ""low"": 111.5, ""high"": 116.0, ""volume"": 13389281}, {""date"": ""05-13"", ""open"": 121.0, ""close"": 110.5, ""low"": 110.0, ""high"": 121.0, ""volume"": 18084721}, {""date"": ""05-14"", ""open"": 110.5, ""close"": 111.0, ""low"": 109.0, ""high"": 115.5, ""volume"": 12810462}, {""date"": ""05-15"", ""open"": 114.0, ""close"": 110.0, ""low"": 109.0, ""high"": 114.0, ""volume"": 8791629}, {""date"": ""05-18"", ""open"": 109.5, ""close"": 110.5, ""low"": 108.5, ""high"": 116.5, ""volume"": 11236370}, {""date"": ""05-19"", ""open"": 109.5, ""close"": 108.5, ""low"": 108.0, ""high"": 112.5, ""volume"": 9999684}, {""date"": ""05-20"", ""open"": 114.0, ""close"": 119.0, ""low"": 113.0, ""high"": 119.0, ""volume"": 16510543}, {""date"": ""05-21"", ""open"": 117.0, ""close"": 123.5, ""low"": 114.0, ""high"": 127.5, ""volume"": 41664322}, {""date"": ""05-22"", ""open"": 125.0, ""close"": 118.0, ""low"": 117.5, ""high"": 126.0, ""volume"": 15503183}, {""date"": ""05-25"", ""open"": 118.5, ""close"": 123.5, ""low"": 117.0, ""high"": 124.5, ""volume"": 13715143}, {""date"": ""05-26"", ""open"": 123.5, ""close"": 121.5, ""low"": 121.0, ""high"": 126.5, ""volume"": 9960313}, {""date"": ""05-27"", ""open"": 123.0, ""close"": 120.5, ""low"": 120.0, ""high"": 124.0, ""volume"": 9228362}, {""date"": ""05-28"", ""open"": 120.5, ""close"": 120.5, ""low"": 120.5, ""high"": 125.0, ""volume"": 7837746}]"
2026-05-28,其他電子業,6196,帆宣,499.5,529.0,2,-0.1,16.3,,5.58,486.7,448.6,425.95,"[{""date"": ""04-30"", ""open"": 376.5, ""close"": 378.0, ""low"": 371.5, ""high"": 385.0, ""volume"": 1495083}, {""date"": ""05-04"", ""open"": 386.0, ""close"": 383.0, ""low"": 379.0, ""high"": 388.0, ""volume"": 1836403}, {""date"": ""05-05"", ""open"": 385.0, ""close"": 374.0, ""low"": 371.0, ""high"": 386.0, ""volume"": 1883264}, {""date"": ""05-06"", ""open"": 382.5, ""close"": 395.5, ""low"": 377.0, ""high"": 397.0, ""volume"": 4463383}, {""date"": ""05-07"", ""open"": 405.5, ""close"": 393.0, ""low"": 392.0, ""high"": 406.0, ""volume"": 2943311}, {""date"": ""05-08"", ""open"": 398.0, ""close"": 410.0, ""low"": 398.0, ""high"": 429.0, ""volume"": 5991901}, {""date"": ""05-11"", ""open"": 420.0, ""close"": 425.0, ""low"": 410.0, ""high"": 437.5, ""volume"": 4236762}, {""date"": ""05-12"", ""open"": 445.0, ""close"": 419.5, ""low"": 415.0, ""high"": 446.5, ""volume"": 3616199}, {""date"": ""05-13"", ""open"": 414.0, ""close"": 419.5, ""low"": 412.5, ""high"": 426.5, ""volume"": 2092349}, {""date"": ""05-14"", ""open"": 426.0, ""close"": 435.5, ""low"": 408.0, ""high"": 450.0, ""volume"": 5469805}, {""date"": ""05-15"", ""open"": 415.5, ""close"": 403.5, ""low"": 397.5, ""high"": 417.5, ""volume"": 6969887}, {""date"": ""05-18"", ""open"": 398.0, ""close"": 410.5, ""low"": 392.5, ""high"": 411.5, ""volume"": 2222931}, {""date"": ""05-19"", ""open"": 409.5, ""close"": 405.0, ""low"": 400.0, ""high"": 414.5, ""volume"": 1747226}, {""date"": ""05-20"", ""open"": 405.5, ""close"": 404.0, ""low"": 399.0, ""high"": 412.0, ""volume"": 1491772}, {""date"": ""05-21"", ""open"": 415.0, ""close"": 429.5, ""low"": 412.0, ""high"": 430.0, ""volume"": 2891113}, {""date"": ""05-22"", ""open"": 444.0, ""close"": 442.0, ""low"": 436.0, ""high"": 447.5, ""volume"": 2824685}, {""date"": ""05-25"", ""open"": 477.0, ""close"": 486.0, ""low"": 475.0, ""high"": 486.0, ""volume"": 1707377}, {""date"": ""05-26"", ""open"": 489.0, ""close"": 506.0, ""low"": 489.0, ""high"": 529.0, ""volume"": 6070660}, {""date"": ""05-27"", ""open"": 523.0, ""close"": 500.0, ""low"": 491.0, ""high"": 523.0, ""volume"": 3316500}, {""date"": ""05-28"", ""open"": 510.0, ""close"": 499.5, ""low"": 496.0, ""high"": 527.0, ""volume"": 3045030}]"
2026-05-28,半導體業,2458,義隆,160.5,170.0,1,-2.43,1.26,,5.59,163.3,156.25,150.1,"[{""date"": ""04-30"", ""open"": 134.5, ""close"": 136.5, ""low"": 133.5, ""high"": 136.5, ""volume"": 1835507}, {""date"": ""05-04"", ""open"": 137.0, ""close"": 137.5, ""low"": 136.0, ""high"": 138.5, ""volume"": 1543958}, {""date"": ""05-05"", ""open"": 138.5, ""close"": 140.5, ""low"": 136.5, ""high"": 141.0, ""volume"": 4756109}, {""date"": ""05-06"", ""open"": 141.5, ""close"": 142.0, ""low"": 137.5, ""high"": 142.0, ""volume"": 4045989}, {""date"": ""05-07"", ""open"": 143.5, ""close"": 144.0, ""low"": 141.5, ""high"": 149.0, ""volume"": 5388982}, {""date"": ""05-08"", ""open"": 144.5, ""close"": 151.5, ""low"": 144.0, ""high"": 155.0, ""volume"": 8416875}, {""date"": ""05-11"", ""open"": 151.0, ""close"": 150.0, ""low"": 149.0, ""high"": 154.0, ""volume"": 4485099}, {""date"": ""05-12"", ""open"": 151.5, ""close"": 145.5, ""low"": 144.5, ""high"": 151.5, ""volume"": 3281119}, {""date"": ""05-13"", ""open"": 145.5, ""close"": 142.5, ""low"": 141.0, ""high"": 147.5, ""volume"": 3840552}, {""date"": ""05-14"", ""open"": 144.0, ""close"": 149.5, ""low"": 143.5, ""high"": 151.5, ""volume"": 4385682}, {""date"": ""05-15"", ""open"": 150.5, ""close"": 142.5, ""low"": 141.0, ""high"": 150.5, ""volume"": 3856858}, {""date"": ""05-18"", ""open"": 140.0, ""close"": 145.0, ""low"": 138.0, ""high"": 145.0, ""volume"": 2067171}, {""date"": ""05-19"", ""open"": 145.5, ""close"": 147.0, ""low"": 145.0, ""high"": 153.0, ""volume"": 6084285}, {""date"": ""05-20"", ""open"": 146.0, ""close"": 153.0, ""low"": 145.5, ""high"": 154.5, ""volume"": 4953635}, {""date"": ""05-21"", ""open"": 159.0, ""close"": 158.5, ""low"": 157.0, ""high"": 164.0, ""volume"": 7265083}, {""date"": ""05-22"", ""open"": 160.0, ""close"": 162.0, ""low"": 157.0, ""high"": 164.5, ""volume"": 4422090}, {""date"": ""05-25"", ""open"": 167.0, ""close"": 163.5, ""low"": 163.0, ""high"": 169.0, ""volume"": 4008012}, {""date"": ""05-26"", ""open"": 165.0, ""close"": 166.0, ""low"": 161.0, ""high"": 167.0, ""volume"": 2746807}, {""date"": ""05-27"", ""open"": 168.5, ""close"": 164.5, ""low"": 163.0, ""high"": 170.0, ""volume"": 3257320}, {""date"": ""05-28"", ""open"": 164.5, ""close"": 160.5, ""low"": 158.5, ""high"": 166.5, ""volume"": 2520349}]"
2026-05-28,光電業,3406,玉晶光,574.0,608.0,7,-1.88,-0.52,,5.59,582.8,576.3,548.75,"[{""date"": ""04-30"", ""open"": 513.0, ""close"": 509.0, ""low"": 504.0, ""high"": 520.0, ""volume"": 909410}, {""date"": ""05-04"", ""open"": 516.0, ""close"": 540.0, ""low"": 513.0, ""high"": 546.0, ""volume"": 2076125}, {""date"": ""05-05"", ""open"": 534.0, ""close"": 520.0, ""low"": 516.0, ""high"": 537.0, ""volume"": 1467474}, {""date"": ""05-06"", ""open"": 526.0, ""close"": 515.0, ""low"": 510.0, ""high"": 526.0, ""volume"": 1063211}, {""date"": ""05-07"", ""open"": 518.0, ""close"": 513.0, ""low"": 511.0, ""high"": 522.0, ""volume"": 767356}, {""date"": ""05-08"", ""open"": 518.0, ""close"": 506.0, ""low"": 498.0, ""high"": 522.0, ""volume"": 1304335}, {""date"": ""05-11"", ""open"": 512.0, ""close"": 510.0, ""low"": 500.0, ""high"": 512.0, ""volume"": 790344}, {""date"": ""05-12"", ""open"": 511.0, ""close"": 523.0, ""low"": 501.0, ""high"": 530.0, ""volume"": 1754942}, {""date"": ""05-13"", ""open"": 517.0, ""close"": 516.0, ""low"": 505.0, ""high"": 519.0, ""volume"": 825112}, {""date"": ""05-14"", ""open"": 524.0, ""close"": 560.0, ""low"": 522.0, ""high"": 564.0, ""volume"": 4982590}, {""date"": ""05-15"", ""open"": 560.0, ""close"": 588.0, ""low"": 547.0, ""high"": 603.0, ""volume"": 7713163}, {""date"": ""05-18"", ""open"": 594.0, ""close"": 577.0, ""low"": 569.0, ""high"": 602.0, ""volume"": 4726898}, {""date"": ""05-19"", ""open"": 577.0, ""close"": 557.0, ""low"": 550.0, ""high"": 608.0, ""volume"": 5343141}, {""date"": ""05-20"", ""open"": 554.0, ""close"": 550.0, ""low"": 543.0, ""high"": 565.0, ""volume"": 1720332}, {""date"": ""05-21"", ""open"": 562.0, ""close"": 577.0, ""low"": 558.0, ""high"": 582.0, ""volume"": 1715414}, {""date"": ""05-22"", ""open"": 577.0, ""close"": 576.0, ""low"": 570.0, ""high"": 585.0, ""volume"": 1899843}, {""date"": ""05-25"", ""open"": 588.0, ""close"": 591.0, ""low"": 584.0, ""high"": 602.0, ""volume"": 1549419}, {""date"": ""05-26"", ""open"": 600.0, ""close"": 588.0, ""low"": 580.0, ""high"": 600.0, ""volume"": 1324789}, {""date"": ""05-27"", ""open"": 597.0, ""close"": 585.0, ""low"": 578.0, ""high"": 597.0, ""volume"": 1476145}, {""date"": ""05-28"", ""open"": 586.0, ""close"": 574.0, ""low"": 573.0, ""high"": 595.0, ""volume"": 787863}]"
2026-05-28,金融保險,2852,第一保,26.8,28.4,112,-0.19,-0.92,,5.63,26.85,26.87,26.51,"[{""date"": ""04-30"", ""open"": 26.2, ""close"": 26.1, ""low"": 26.1, ""high"": 26.3, ""volume"": 225271}, {""date"": ""05-04"", ""open"": 26.0, ""close"": 26.0, ""low"": 26.0, ""high"": 26.3, ""volume"": 340050}, {""date"": ""05-05"", ""open"": 26.0, ""close"": 26.0, ""low"": 25.95, ""high"": 26.1, ""volume"": 215101}, {""date"": ""05-06"", ""open"": 26.1, ""close"": 26.05, ""low"": 25.95, ""high"": 26.2, ""volume"": 286743}, {""date"": ""05-07"", ""open"": 26.0, ""close"": 26.1, ""low"": 26.0, ""high"": 26.2, ""volume"": 232056}, {""date"": ""05-08"", ""open"": 26.2, ""close"": 26.15, ""low"": 26.1, ""high"": 26.25, ""volume"": 186005}, {""date"": ""05-11"", ""open"": 26.15, ""close"": 26.1, ""low"": 26.1, ""high"": 26.3, ""volume"": 451001}, {""date"": ""05-12"", ""open"": 26.1, ""close"": 26.2, ""low"": 26.05, ""high"": 26.25, ""volume"": 506003}, {""date"": ""05-13"", ""open"": 26.3, ""close"": 26.3, ""low"": 26.1, ""high"": 26.35, ""volume"": 291100}, {""date"": ""05-14"", ""open"": 26.5, ""close"": 26.5, ""low"": 26.5, ""high"": 27.2, ""volume"": 1093326}, {""date"": ""05-15"", ""open"": 26.6, ""close"": 26.45, ""low"": 26.45, ""high"": 26.9, ""volume"": 789020}, {""date"": ""05-18"", ""open"": 26.45, ""close"": 26.85, ""low"": 26.3, ""high"": 27.1, ""volume"": 823044}, {""date"": ""05-19"", ""open"": 26.85, ""close"": 27.0, ""low"": 26.85, ""high"": 27.3, ""volume"": 546000}, {""date"": ""05-20"", ""open"": 26.8, ""close"": 27.1, ""low"": 26.8, ""high"": 27.25, ""volume"": 515465}, {""date"": ""05-21"", ""open"": 27.2, ""close"": 27.05, ""low"": 27.0, ""high"": 27.3, ""volume"": 467773}, {""date"": ""05-22"", ""open"": 27.1, ""close"": 26.95, ""low"": 26.9, ""high"": 27.1, ""volume"": 407578}, {""date"": ""05-25"", ""open"": 27.1, ""close"": 26.9, ""low"": 26.75, ""high"": 27.1, ""volume"": 576355}, {""date"": ""05-26"", ""open"": 26.8, ""close"": 26.75, ""low"": 26.7, ""high"": 26.9, ""volume"": 229250}, {""date"": ""05-27"", ""open"": 26.85, ""close"": 26.85, ""low"": 26.65, ""high"": 26.85, ""volume"": 454070}, {""date"": ""05-28"", ""open"": 26.95, ""close"": 26.8, ""low"": 26.75, ""high"": 26.95, ""volume"": 217940}]"
2026-05-28,半導體業,2302,麗正,35.15,37.25,1,7.49,33.14,,5.64,32.16,28.76,25.1,"[{""date"": ""04-30"", ""open"": 18.8, ""close"": 18.7, ""low"": 18.6, ""high"": 19.05, ""volume"": 557205}, {""date"": ""05-04"", ""open"": 18.8, ""close"": 19.55, ""low"": 18.7, ""high"": 20.5, ""volume"": 2776658}, {""date"": ""05-05"", ""open"": 19.15, ""close"": 20.3, ""low"": 19.15, ""high"": 20.6, ""volume"": 5169564}, {""date"": ""05-06"", ""open"": 20.5, ""close"": 19.85, ""low"": 19.75, ""high"": 20.6, ""volume"": 2302500}, {""date"": ""05-07"", ""open"": 20.1, ""close"": 20.15, ""low"": 19.9, ""high"": 20.65, ""volume"": 2381618}, {""date"": ""05-08"", ""open"": 20.15, ""close"": 19.55, ""low"": 19.1, ""high"": 20.35, ""volume"": 1139735}, {""date"": ""05-11"", ""open"": 20.0, ""close"": 21.5, ""low"": 19.95, ""high"": 21.5, ""volume"": 4977005}, {""date"": ""05-12"", ""open"": 23.65, ""close"": 23.65, ""low"": 23.65, ""high"": 23.65, ""volume"": 3765327}, {""date"": ""05-13"", ""open"": 24.65, ""close"": 26.0, ""low"": 24.65, ""high"": 26.0, ""volume"": 17560715}, {""date"": ""05-14"", ""open"": 27.0, ""close"": 25.25, ""low"": 24.85, ""high"": 27.3, ""volume"": 17127143}, {""date"": ""05-15"", ""open"": 25.25, ""close"": 24.8, ""low"": 24.5, ""high"": 26.9, ""volume"": 8892558}, {""date"": ""05-18"", ""open"": 24.7, ""close"": 25.55, ""low"": 23.3, ""high"": 25.9, ""volume"": 5019521}, {""date"": ""05-19"", ""open"": 25.0, ""close"": 25.05, ""low"": 24.65, ""high"": 25.9, ""volume"": 3813194}, {""date"": ""05-20"", ""open"": 25.1, ""close"": 24.95, ""low"": 24.65, ""high"": 26.25, ""volume"": 4201664}, {""date"": ""05-21"", ""open"": 25.3, ""close"": 26.4, ""low"": 25.25, ""high"": 27.2, ""volume"": 8937125}, {""date"": ""05-22"", ""open"": 26.5, ""close"": 28.1, ""low"": 26.35, ""high"": 29.0, ""volume"": 7967013}, {""date"": ""05-25"", ""open"": 28.35, ""close"": 30.9, ""low"": 28.2, ""high"": 30.9, ""volume"": 9348564}, {""date"": ""05-26"", ""open"": 30.95, ""close"": 33.95, ""low"": 30.75, ""high"": 33.95, ""volume"": 18476096}, {""date"": ""05-27"", ""open"": 36.0, ""close"": 32.7, ""low"": 32.35, ""high"": 37.25, ""volume"": 15400258}, {""date"": ""05-28"", ""open"": 32.05, ""close"": 35.15, ""low"": 31.8, ""high"": 35.95, ""volume"": 14494987}]"
2026-05-28,電子通路業,3036,文曄,290.5,308.0,3,-1.86,-0.34,,5.68,294.1,283.95,261.6,"[{""date"": ""04-30"", ""open"": 203.0, ""close"": 204.0, ""low"": 202.5, ""high"": 207.5, ""volume"": 4944146}, {""date"": ""05-04"", ""open"": 206.0, ""close"": 210.5, ""low"": 206.0, ""high"": 213.5, ""volume"": 10093640}, {""date"": ""05-05"", ""open"": 209.5, ""close"": 209.0, ""low"": 208.0, ""high"": 212.0, ""volume"": 6024478}, {""date"": ""05-06"", ""open"": 214.5, ""close"": 214.0, ""low"": 211.5, ""high"": 219.0, ""volume"": 13418372}, {""date"": ""05-07"", ""open"": 219.0, ""close"": 219.0, ""low"": 214.0, ""high"": 226.0, ""volume"": 18881695}, {""date"": ""05-08"", ""open"": 240.5, ""close"": 240.5, ""low"": 240.5, ""high"": 240.5, ""volume"": 5618831}, {""date"": ""05-11"", ""open"": 264.5, ""close"": 264.5, ""low"": 248.0, ""high"": 264.5, ""volume"": 21995780}, {""date"": ""05-12"", ""open"": 270.0, ""close"": 275.5, ""low"": 260.0, ""high"": 283.0, ""volume"": 42832661}, {""date"": ""05-13"", ""open"": 272.5, ""close"": 284.0, ""low"": 260.0, ""high"": 291.5, ""volume"": 27217070}, {""date"": ""05-14"", ""open"": 288.0, ""close"": 271.5, ""low"": 270.0, ""high"": 288.0, ""volume"": 16375486}, {""date"": ""05-15"", ""open"": 273.0, ""close"": 270.0, ""low"": 267.0, ""high"": 278.0, ""volume"": 14878882}, {""date"": ""05-18"", ""open"": 271.0, ""close"": 263.5, ""low"": 258.5, ""high"": 271.0, ""volume"": 8355515}, {""date"": ""05-19"", ""open"": 265.0, ""close"": 265.0, ""low"": 262.0, ""high"": 274.5, ""volume"": 9105962}, {""date"": ""05-20"", ""open"": 270.5, ""close"": 279.0, ""low"": 267.5, ""high"": 291.5, ""volume"": 23237281}, {""date"": ""05-21"", ""open"": 281.0, ""close"": 291.5, ""low"": 278.5, ""high"": 293.0, ""volume"": 16559387}, {""date"": ""05-22"", ""open"": 291.0, ""close"": 289.0, ""low"": 288.5, ""high"": 301.5, ""volume"": 12285447}, {""date"": ""05-25"", ""open"": 292.0, ""close"": 301.5, ""low"": 289.0, ""high"": 308.0, ""volume"": 13588407}, {""date"": ""05-26"", ""open"": 299.0, ""close"": 293.5, ""low"": 291.5, ""high"": 303.5, ""volume"": 8386671}, {""date"": ""05-27"", ""open"": 300.0, ""close"": 296.0, ""low"": 292.5, ""high"": 304.5, ""volume"": 9157864}, {""date"": ""05-28"", ""open"": 299.5, ""close"": 290.5, ""low"": 289.0, ""high"": 299.5, ""volume"": 4682824}]"
2026-05-28,電子通路業,3209,全科,78.9,83.7,1,-3.07,-0.25,,5.73,78.52,76.72,67.21,"[{""date"": ""04-30"", ""open"": 50.9, ""close"": 52.2, ""low"": 50.5, ""high"": 52.8, ""volume"": 2940768}, {""date"": ""05-04"", ""open"": 52.7, ""close"": 51.8, ""low"": 51.2, ""high"": 52.9, ""volume"": 2616398}, {""date"": ""05-05"", ""open"": 51.8, ""close"": 54.1, ""low"": 51.8, ""high"": 55.0, ""volume"": 2980853}, {""date"": ""05-06"", ""open"": 55.1, ""close"": 55.9, ""low"": 54.0, ""high"": 56.3, ""volume"": 5217938}, {""date"": ""05-07"", ""open"": 56.7, ""close"": 54.7, ""low"": 54.5, ""high"": 56.7, ""volume"": 2991499}, {""date"": ""05-08"", ""open"": 55.1, ""close"": 55.0, ""low"": 53.5, ""high"": 56.2, ""volume"": 2430099}, {""date"": ""05-11"", ""open"": 58.6, ""close"": 60.5, ""low"": 58.6, ""high"": 60.5, ""volume"": 6577026}, {""date"": ""05-12"", ""open"": 64.7, ""close"": 66.5, ""low"": 64.1, ""high"": 66.5, ""volume"": 8033559}, {""date"": ""05-13"", ""open"": 62.9, ""close"": 62.7, ""low"": 60.0, ""high"": 65.5, ""volume"": 11526503}, {""date"": ""05-14"", ""open"": 63.0, ""close"": 63.5, ""low"": 62.2, ""high"": 65.2, ""volume"": 4574363}, {""date"": ""05-15"", ""open"": 65.5, ""close"": 68.0, ""low"": 59.6, ""high"": 68.8, ""volume"": 10215866}, {""date"": ""05-18"", ""open"": 68.8, ""close"": 73.3, ""low"": 67.1, ""high"": 73.5, ""volume"": 11501709}, {""date"": ""05-19"", ""open"": 72.2, ""close"": 76.2, ""low"": 71.6, ""high"": 77.6, ""volume"": 9149758}, {""date"": ""05-20"", ""open"": 76.3, ""close"": 78.0, ""low"": 76.2, ""high"": 79.8, ""volume"": 7939423}, {""date"": ""05-21"", ""open"": 79.0, ""close"": 79.1, ""low"": 74.6, ""high"": 80.6, ""volume"": 10165995}, {""date"": ""05-22"", ""open"": 79.6, ""close"": 78.0, ""low"": 78.0, ""high"": 80.5, ""volume"": 5598876}, {""date"": ""05-25"", ""open"": 77.9, ""close"": 73.9, ""low"": 73.1, ""high"": 77.9, ""volume"": 7799538}, {""date"": ""05-26"", ""open"": 73.9, ""close"": 80.4, ""low"": 73.1, ""high"": 80.5, ""volume"": 7918103}, {""date"": ""05-27"", ""open"": 81.2, ""close"": 81.4, ""low"": 80.2, ""high"": 83.7, ""volume"": 5696375}, {""date"": ""05-28"", ""open"": 81.8, ""close"": 78.9, ""low"": 78.5, ""high"": 82.2, ""volume"": 2959947}]"
2026-05-28,數位雲端,3130,一零四,221.5,235.0,191,0.0,-0.23,,5.74,221.2,221.55,221.62,"[{""date"": ""04-30"", ""open"": 222.5, ""close"": 221.0, ""low"": 220.5, ""high"": 222.5, ""volume"": 30025}, {""date"": ""05-04"", ""open"": 221.0, ""close"": 221.5, ""low"": 220.0, ""high"": 221.5, ""volume"": 20016}, {""date"": ""05-05"", ""open"": 221.5, ""close"": 221.0, ""low"": 221.0, ""high"": 222.0, ""volume"": 12148}, {""date"": ""05-06"", ""open"": 221.0, ""close"": 221.0, ""low"": 221.0, ""high"": 221.5, ""volume"": 13210}, {""date"": ""05-07"", ""open"": 221.0, ""close"": 221.0, ""low"": 220.0, ""high"": 221.5, ""volume"": 41150}, {""date"": ""05-08"", ""open"": 221.0, ""close"": 222.0, ""low"": 220.5, ""high"": 225.0, ""volume"": 59006}, {""date"": ""05-11"", ""open"": 222.0, ""close"": 222.0, ""low"": 221.0, ""high"": 225.0, ""volume"": 49007}, {""date"": ""05-12"", ""open"": 222.0, ""close"": 222.0, ""low"": 222.0, ""high"": 223.0, ""volume"": 13003}, {""date"": ""05-13"", ""open"": 222.0, ""close"": 222.5, ""low"": 221.0, ""high"": 222.5, ""volume"": 25000}, {""date"": ""05-14"", ""open"": 222.5, ""close"": 223.0, ""low"": 222.5, ""high"": 223.5, ""volume"": 17103}, {""date"": ""05-15"", ""open"": 224.0, ""close"": 222.5, ""low"": 222.5, ""high"": 226.0, ""volume"": 41743}, {""date"": ""05-18"", ""open"": 222.5, ""close"": 221.5, ""low"": 221.5, ""high"": 224.0, ""volume"": 17103}, {""date"": ""05-19"", ""open"": 222.0, ""close"": 222.0, ""low"": 221.0, ""high"": 222.0, ""volume"": 20000}, {""date"": ""05-20"", ""open"": 222.0, ""close"": 221.5, ""low"": 221.0, ""high"": 222.0, ""volume"": 17000}, {""date"": ""05-21"", ""open"": 221.5, ""close"": 222.0, ""low"": 221.0, ""high"": 222.5, ""volume"": 20000}, {""date"": ""05-22"", ""open"": 221.5, ""close"": 221.0, ""low"": 221.0, ""high"": 222.0, ""volume"": 31515}, {""date"": ""05-25"", ""open"": 221.0, ""close"": 220.5, ""low"": 220.5, ""high"": 221.0, ""volume"": 23070}, {""date"": ""05-26"", ""open"": 222.0, ""close"": 221.5, ""low"": 220.5, ""high"": 222.0, ""volume"": 16009}, {""date"": ""05-27"", ""open"": 221.0, ""close"": 221.5, ""low"": 220.5, ""high"": 221.5, ""volume"": 36040}, {""date"": ""05-28"", ""open"": 221.5, ""close"": 221.5, ""low"": 220.0, ""high"": 221.5, ""volume"": 31513}]"
2026-05-28,其他,2496,卓越,64.9,68.87,230,-0.15,0.62,,5.77,64.74,64.66,64.85,"[{""date"": ""04-30"", ""open"": 64.8, ""close"": 64.6, ""low"": 64.3, ""high"": 64.8, ""volume"": 7016}, {""date"": ""05-04"", ""open"": 64.9, ""close"": 64.5, ""low"": 64.4, ""high"": 64.9, ""volume"": 9257}, {""date"": ""05-05"", ""open"": 65.1, ""close"": 64.5, ""low"": 64.5, ""high"": 65.1, ""volume"": 5033}, {""date"": ""05-06"", ""open"": 64.5, ""close"": 64.5, ""low"": 64.1, ""high"": 64.6, ""volume"": 15000}, {""date"": ""05-07"", ""open"": 64.5, ""close"": 64.5, ""low"": 64.2, ""high"": 64.5, ""volume"": 20000}, {""date"": ""05-08"", ""open"": 65.2, ""close"": 65.9, ""low"": 65.2, ""high"": 66.2, ""volume"": 43000}, {""date"": ""05-11"", ""open"": 65.9, ""close"": 66.2, ""low"": 65.9, ""high"": 66.3, ""volume"": 31000}, {""date"": ""05-12"", ""open"": 65.5, ""close"": 65.9, ""low"": 65.3, ""high"": 66.3, ""volume"": 34563}, {""date"": ""05-13"", ""open"": 65.1, ""close"": 65.0, ""low"": 64.9, ""high"": 65.6, ""volume"": 37080}, {""date"": ""05-14"", ""open"": 65.0, ""close"": 64.7, ""low"": 64.7, ""high"": 65.2, ""volume"": 41156}, {""date"": ""05-15"", ""open"": 65.2, ""close"": 64.8, ""low"": 64.7, ""high"": 65.2, ""volume"": 19055}, {""date"": ""05-18"", ""open"": 64.8, ""close"": 64.8, ""low"": 64.3, ""high"": 64.8, ""volume"": 8001}, {""date"": ""05-19"", ""open"": 64.8, ""close"": 64.5, ""low"": 64.5, ""high"": 64.8, ""volume"": 20000}, {""date"": ""05-20"", ""open"": 64.8, ""close"": 64.3, ""low"": 64.2, ""high"": 64.8, ""volume"": 12000}, {""date"": ""05-21"", ""open"": 64.7, ""close"": 64.5, ""low"": 64.2, ""high"": 64.7, ""volume"": 12683}, {""date"": ""05-22"", ""open"": 64.2, ""close"": 64.5, ""low"": 64.2, ""high"": 64.7, ""volume"": 12040}, {""date"": ""05-25"", ""open"": 64.8, ""close"": 64.5, ""low"": 64.2, ""high"": 64.8, ""volume"": 19001}, {""date"": ""05-26"", ""open"": 65.4, ""close"": 64.8, ""low"": 64.5, ""high"": 65.4, ""volume"": 8000}, {""date"": ""05-27"", ""open"": 65.2, ""close"": 65.0, ""low"": 64.3, ""high"": 65.2, ""volume"": 23030}, {""date"": ""05-28"", ""open"": 65.3, ""close"": 64.9, ""low"": 64.9, ""high"": 65.3, ""volume"": 11183}]"
2026-05-28,資訊服務業,6214,精誠,129.5,137.5,148,0.39,1.57,,5.82,129.4,126.75,125.25,"[{""date"": ""04-30"", ""open"": 121.5, ""close"": 120.0, ""low"": 120.0, ""high"": 122.5, ""volume"": 1261873}, {""date"": ""05-04"", ""open"": 122.0, ""close"": 121.5, ""low"": 120.5, ""high"": 123.0, ""volume"": 741471}, {""date"": ""05-05"", ""open"": 122.0, ""close"": 125.0, ""low"": 121.0, ""high"": 125.0, ""volume"": 1018665}, {""date"": ""05-06"", ""open"": 126.5, ""close"": 125.5, ""low"": 123.5, ""high"": 126.5, ""volume"": 1468295}, {""date"": ""05-07"", ""open"": 127.5, ""close"": 125.0, ""low"": 124.0, ""high"": 128.0, ""volume"": 1683256}, {""date"": ""05-08"", ""open"": 126.0, ""close"": 125.5, ""low"": 125.0, ""high"": 128.0, ""volume"": 1936761}, {""date"": ""05-11"", ""open"": 128.0, ""close"": 127.0, ""low"": 125.0, ""high"": 128.0, ""volume"": 915981}, {""date"": ""05-12"", ""open"": 127.5, ""close"": 124.0, ""low"": 123.0, ""high"": 127.5, ""volume"": 1130720}, {""date"": ""05-13"", ""open"": 123.0, ""close"": 122.0, ""low"": 121.5, ""high"": 123.5, ""volume"": 599473}, {""date"": ""05-14"", ""open"": 122.0, ""close"": 122.0, ""low"": 122.0, ""high"": 124.0, ""volume"": 726981}, {""date"": ""05-15"", ""open"": 123.5, ""close"": 122.0, ""low"": 121.5, ""high"": 124.0, ""volume"": 712081}, {""date"": ""05-18"", ""open"": 122.0, ""close"": 123.5, ""low"": 121.0, ""high"": 124.0, ""volume"": 751674}, {""date"": ""05-19"", ""open"": 123.5, ""close"": 123.5, ""low"": 123.0, ""high"": 127.5, ""volume"": 1162369}, {""date"": ""05-20"", ""open"": 125.0, ""close"": 124.0, ""low"": 123.0, ""high"": 125.5, ""volume"": 565775}, {""date"": ""05-21"", ""open"": 125.0, ""close"": 127.5, ""low"": 125.0, ""high"": 127.5, ""volume"": 1744455}, {""date"": ""05-22"", ""open"": 128.5, ""close"": 130.0, ""low"": 127.0, ""high"": 131.0, ""volume"": 2775294}, {""date"": ""05-25"", ""open"": 132.0, ""close"": 129.0, ""low"": 128.5, ""high"": 132.5, ""volume"": 1547157}, {""date"": ""05-26"", ""open"": 130.0, ""close"": 129.5, ""low"": 128.0, ""high"": 130.0, ""volume"": 871558}, {""date"": ""05-27"", ""open"": 130.0, ""close"": 129.0, ""low"": 127.0, ""high"": 130.5, ""volume"": 1357967}, {""date"": ""05-28"", ""open"": 130.5, ""close"": 129.5, ""low"": 128.5, ""high"": 131.5, ""volume"": 1901455}]"
2026-05-28,金融保險,2834,臺企銀,15.95,16.95,27,-1.24,-0.93,,5.9,16.0,15.99,16.07,"[{""date"": ""04-30"", ""open"": 16.5, ""close"": 16.35, ""low"": 16.35, ""high"": 16.55, ""volume"": 27039075}, {""date"": ""05-04"", ""open"": 16.55, ""close"": 16.2, ""low"": 16.2, ""high"": 16.55, ""volume"": 30641230}, {""date"": ""05-05"", ""open"": 16.2, ""close"": 16.15, ""low"": 16.05, ""high"": 16.3, ""volume"": 37153318}, {""date"": ""05-06"", ""open"": 16.25, ""close"": 16.2, ""low"": 16.1, ""high"": 16.3, ""volume"": 33707608}, {""date"": ""05-07"", ""open"": 16.2, ""close"": 16.15, ""low"": 16.15, ""high"": 16.25, ""volume"": 35745095}, {""date"": ""05-08"", ""open"": 16.2, ""close"": 16.25, ""low"": 16.0, ""high"": 16.3, ""volume"": 42482925}, {""date"": ""05-11"", ""open"": 16.25, ""close"": 16.15, ""low"": 16.1, ""high"": 16.3, ""volume"": 35968481}, {""date"": ""05-12"", ""open"": 16.15, ""close"": 16.0, ""low"": 16.0, ""high"": 16.15, ""volume"": 38840269}, {""date"": ""05-13"", ""open"": 16.0, ""close"": 16.05, ""low"": 15.95, ""high"": 16.1, ""volume"": 20100266}, {""date"": ""05-14"", ""open"": 16.05, ""close"": 16.0, ""low"": 16.0, ""high"": 16.2, ""volume"": 27759422}, {""date"": ""05-15"", ""open"": 16.05, ""close"": 15.9, ""low"": 15.9, ""high"": 16.1, ""volume"": 30326589}, {""date"": ""05-18"", ""open"": 15.9, ""close"": 15.85, ""low"": 15.8, ""high"": 16.0, ""volume"": 28390581}, {""date"": ""05-19"", ""open"": 15.95, ""close"": 16.05, ""low"": 15.85, ""high"": 16.2, ""volume"": 20483874}, {""date"": ""05-20"", ""open"": 16.1, ""close"": 16.05, ""low"": 16.0, ""high"": 16.15, ""volume"": 16564333}, {""date"": ""05-21"", ""open"": 16.1, ""close"": 16.1, ""low"": 16.05, ""high"": 16.15, ""volume"": 17465374}, {""date"": ""05-22"", ""open"": 16.1, ""close"": 16.0, ""low"": 16.0, ""high"": 16.2, ""volume"": 20859000}, {""date"": ""05-25"", ""open"": 16.0, ""close"": 15.9, ""low"": 15.9, ""high"": 16.05, ""volume"": 28699761}, {""date"": ""05-26"", ""open"": 15.9, ""close"": 16.0, ""low"": 15.9, ""high"": 16.1, ""volume"": 22417397}, {""date"": ""05-27"", ""open"": 16.0, ""close"": 16.15, ""low"": 15.95, ""high"": 16.3, ""volume"": 32653668}, {""date"": ""05-28"", ""open"": 16.1, ""close"": 15.95, ""low"": 15.9, ""high"": 16.15, ""volume"": 26733956}]"
2026-05-28,建材營造,2542,興富發,42.15,44.8,7,-2.2,-3.44,,5.92,42.65,43.27,42.0,"[{""date"": ""04-30"", ""open"": 40.2, ""close"": 40.15, ""low"": 39.95, ""high"": 40.5, ""volume"": 12665813}, {""date"": ""05-04"", ""open"": 40.2, ""close"": 39.95, ""low"": 39.8, ""high"": 40.45, ""volume"": 8608564}, {""date"": ""05-05"", ""open"": 39.85, ""close"": 39.7, ""low"": 39.4, ""high"": 40.1, ""volume"": 8182367}, {""date"": ""05-06"", ""open"": 39.7, ""close"": 39.6, ""low"": 39.15, ""high"": 39.9, ""volume"": 9243416}, {""date"": ""05-07"", ""open"": 39.4, ""close"": 39.4, ""low"": 39.2, ""high"": 39.7, ""volume"": 10453013}, {""date"": ""05-08"", ""open"": 39.5, ""close"": 40.0, ""low"": 39.5, ""high"": 40.1, ""volume"": 9429698}, {""date"": ""05-11"", ""open"": 40.2, ""close"": 41.65, ""low"": 40.2, ""high"": 41.75, ""volume"": 17396545}, {""date"": ""05-12"", ""open"": 41.75, ""close"": 41.1, ""low"": 41.0, ""high"": 41.75, ""volume"": 6804220}, {""date"": ""05-13"", ""open"": 42.15, ""close"": 42.7, ""low"": 41.55, ""high"": 43.0, ""volume"": 29311505}, {""date"": ""05-14"", ""open"": 42.4, ""close"": 43.15, ""low"": 42.4, ""high"": 43.5, ""volume"": 14713590}, {""date"": ""05-15"", ""open"": 43.25, ""close"": 43.75, ""low"": 42.9, ""high"": 43.75, ""volume"": 16661278}, {""date"": ""05-18"", ""open"": 43.6, ""close"": 44.6, ""low"": 43.4, ""high"": 44.75, ""volume"": 19194597}, {""date"": ""05-19"", ""open"": 44.6, ""close"": 43.7, ""low"": 43.6, ""high"": 44.8, ""volume"": 10875587}, {""date"": ""05-20"", ""open"": 43.5, ""close"": 43.7, ""low"": 42.8, ""high"": 43.8, ""volume"": 9017271}, {""date"": ""05-21"", ""open"": 43.95, ""close"": 43.65, ""low"": 43.6, ""high"": 44.4, ""volume"": 8178571}, {""date"": ""05-22"", ""open"": 43.6, ""close"": 43.2, ""low"": 42.9, ""high"": 43.6, ""volume"": 9040837}, {""date"": ""05-25"", ""open"": 43.05, ""close"": 42.4, ""low"": 42.1, ""high"": 43.1, ""volume"": 13886028}, {""date"": ""05-26"", ""open"": 42.5, ""close"": 42.4, ""low"": 42.05, ""high"": 42.8, ""volume"": 7058254}, {""date"": ""05-27"", ""open"": 42.15, ""close"": 43.1, ""low"": 42.1, ""high"": 43.4, ""volume"": 15067056}, {""date"": ""05-28"", ""open"": 43.05, ""close"": 42.15, ""low"": 42.15, ""high"": 43.45, ""volume"": 9001679}]"
2026-05-28,電子零組件業,6115,鎰勝,47.5,50.5,216,0.64,1.06,,5.94,47.15,46.98,47.28,"[{""date"": ""04-30"", ""open"": 47.95, ""close"": 47.75, ""low"": 47.75, ""high"": 47.95, ""volume"": 181316}, {""date"": ""05-04"", ""open"": 47.75, ""close"": 47.55, ""low"": 47.4, ""high"": 47.8, ""volume"": 263005}, {""date"": ""05-05"", ""open"": 47.5, ""close"": 47.65, ""low"": 47.4, ""high"": 47.7, ""volume"": 195000}, {""date"": ""05-06"", ""open"": 47.7, ""close"": 47.7, ""low"": 47.45, ""high"": 47.7, ""volume"": 132000}, {""date"": ""05-07"", ""open"": 47.6, ""close"": 47.8, ""low"": 47.6, ""high"": 47.9, ""volume"": 262050}, {""date"": ""05-08"", ""open"": 47.8, ""close"": 47.85, ""low"": 47.65, ""high"": 48.1, ""volume"": 274071}, {""date"": ""05-11"", ""open"": 48.0, ""close"": 47.8, ""low"": 47.7, ""high"": 48.15, ""volume"": 289055}, {""date"": ""05-12"", ""open"": 47.7, ""close"": 47.5, ""low"": 47.4, ""high"": 47.7, ""volume"": 164005}, {""date"": ""05-13"", ""open"": 47.5, ""close"": 47.25, ""low"": 47.2, ""high"": 47.5, ""volume"": 156005}, {""date"": ""05-14"", ""open"": 47.25, ""close"": 47.0, ""low"": 47.0, ""high"": 47.5, ""volume"": 293049}, {""date"": ""05-15"", ""open"": 46.9, ""close"": 46.7, ""low"": 46.7, ""high"": 47.0, ""volume"": 155301}, {""date"": ""05-18"", ""open"": 46.6, ""close"": 46.65, ""low"": 46.4, ""high"": 46.75, ""volume"": 240064}, {""date"": ""05-19"", ""open"": 46.55, ""close"": 46.65, ""low"": 46.55, ""high"": 47.15, ""volume"": 167000}, {""date"": ""05-20"", ""open"": 46.5, ""close"": 47.0, ""low"": 46.5, ""high"": 47.0, ""volume"": 67000}, {""date"": ""05-21"", ""open"": 47.0, ""close"": 47.0, ""low"": 46.8, ""high"": 47.0, ""volume"": 69085}, {""date"": ""05-22"", ""open"": 47.05, ""close"": 46.95, ""low"": 46.75, ""high"": 47.05, ""volume"": 138131}, {""date"": ""05-25"", ""open"": 47.0, ""close"": 46.8, ""low"": 46.8, ""high"": 47.05, ""volume"": 255685}, {""date"": ""05-26"", ""open"": 46.8, ""close"": 47.3, ""low"": 46.7, ""high"": 47.55, ""volume"": 137021}, {""date"": ""05-27"", ""open"": 47.3, ""close"": 47.2, ""low"": 47.1, ""high"": 47.4, ""volume"": 161156}, {""date"": ""05-28"", ""open"": 47.2, ""close"": 47.5, ""low"": 47.2, ""high"": 47.6, ""volume"": 133579}]"
2026-05-28,紡織纖維,1460,宏遠,6.94,7.38,43,1.02,-0.57,,5.96,6.94,6.97,7.03,"[{""date"": ""04-30"", ""open"": 6.98, ""close"": 6.98, ""low"": 6.94, ""high"": 7.05, ""volume"": 555178}, {""date"": ""05-04"", ""open"": 6.97, ""close"": 6.98, ""low"": 6.86, ""high"": 7.0, ""volume"": 685738}, {""date"": ""05-05"", ""open"": 6.95, ""close"": 7.01, ""low"": 6.81, ""high"": 7.09, ""volume"": 1028324}, {""date"": ""05-06"", ""open"": 7.0, ""close"": 7.12, ""low"": 6.95, ""high"": 7.15, ""volume"": 1261014}, {""date"": ""05-07"", ""open"": 7.06, ""close"": 7.28, ""low"": 7.06, ""high"": 7.28, ""volume"": 1739225}, {""date"": ""05-08"", ""open"": 7.26, ""close"": 7.25, ""low"": 7.25, ""high"": 7.33, ""volume"": 935542}, {""date"": ""05-11"", ""open"": 7.25, ""close"": 7.19, ""low"": 7.19, ""high"": 7.31, ""volume"": 684748}, {""date"": ""05-12"", ""open"": 7.18, ""close"": 7.02, ""low"": 6.9, ""high"": 7.18, ""volume"": 726171}, {""date"": ""05-13"", ""open"": 7.01, ""close"": 7.07, ""low"": 6.94, ""high"": 7.07, ""volume"": 792899}, {""date"": ""05-14"", ""open"": 7.04, ""close"": 7.05, ""low"": 7.04, ""high"": 7.18, ""volume"": 987740}, {""date"": ""05-15"", ""open"": 7.15, ""close"": 7.04, ""low"": 7.03, ""high"": 7.17, ""volume"": 672695}, {""date"": ""05-18"", ""open"": 7.04, ""close"": 6.98, ""low"": 6.97, ""high"": 7.07, ""volume"": 553364}, {""date"": ""05-19"", ""open"": 7.07, ""close"": 7.03, ""low"": 6.88, ""high"": 7.07, ""volume"": 478307}, {""date"": ""05-20"", ""open"": 7.03, ""close"": 7.03, ""low"": 6.96, ""high"": 7.06, ""volume"": 465344}, {""date"": ""05-21"", ""open"": 7.04, ""close"": 6.98, ""low"": 6.94, ""high"": 7.04, ""volume"": 548900}, {""date"": ""05-22"", ""open"": 7.05, ""close"": 6.98, ""low"": 6.92, ""high"": 7.05, ""volume"": 561300}, {""date"": ""05-25"", ""open"": 6.96, ""close"": 6.94, ""low"": 6.94, ""high"": 7.0, ""volume"": 527510}, {""date"": ""05-26"", ""open"": 6.98, ""close"": 6.95, ""low"": 6.93, ""high"": 7.03, ""volume"": 574502}, {""date"": ""05-27"", ""open"": 6.95, ""close"": 6.87, ""low"": 6.87, ""high"": 7.08, ""volume"": 583471}, {""date"": ""05-28"", ""open"": 6.89, ""close"": 6.94, ""low"": 6.8, ""high"": 6.95, ""volume"": 615363}]"
2026-05-28,生技醫療業,1734,杏輝,30.65,32.6,136,0.16,-0.49,,5.98,30.6,30.62,30.79,"[{""date"": ""04-30"", ""open"": 31.85, ""close"": 31.5, ""low"": 31.45, ""high"": 32.0, ""volume"": 257975}, {""date"": ""05-04"", ""open"": 31.5, ""close"": 31.45, ""low"": 31.25, ""high"": 31.55, ""volume"": 256919}, {""date"": ""05-05"", ""open"": 31.35, ""close"": 31.5, ""low"": 31.35, ""high"": 31.6, ""volume"": 106818}, {""date"": ""05-06"", ""open"": 31.4, ""close"": 30.9, ""low"": 30.9, ""high"": 31.4, ""volume"": 556304}, {""date"": ""05-07"", ""open"": 31.0, ""close"": 30.75, ""low"": 30.65, ""high"": 31.0, ""volume"": 367030}, {""date"": ""05-08"", ""open"": 30.7, ""close"": 30.65, ""low"": 30.55, ""high"": 30.9, ""volume"": 308157}, {""date"": ""05-11"", ""open"": 30.65, ""close"": 30.55, ""low"": 30.45, ""high"": 30.75, ""volume"": 482883}, {""date"": ""05-12"", ""open"": 30.55, ""close"": 30.95, ""low"": 30.45, ""high"": 30.95, ""volume"": 580909}, {""date"": ""05-13"", ""open"": 30.85, ""close"": 30.8, ""low"": 29.8, ""high"": 30.85, ""volume"": 474538}, {""date"": ""05-14"", ""open"": 30.55, ""close"": 30.65, ""low"": 30.55, ""high"": 30.8, ""volume"": 255383}, {""date"": ""05-15"", ""open"": 30.65, ""close"": 30.6, ""low"": 30.5, ""high"": 30.7, ""volume"": 259581}, {""date"": ""05-18"", ""open"": 30.6, ""close"": 30.6, ""low"": 30.4, ""high"": 30.6, ""volume"": 281238}, {""date"": ""05-19"", ""open"": 30.45, ""close"": 30.55, ""low"": 30.45, ""high"": 31.0, ""volume"": 339298}, {""date"": ""05-20"", ""open"": 30.6, ""close"": 30.65, ""low"": 30.4, ""high"": 30.7, ""volume"": 325000}, {""date"": ""05-21"", ""open"": 30.65, ""close"": 30.8, ""low"": 30.55, ""high"": 30.85, ""volume"": 335963}, {""date"": ""05-22"", ""open"": 30.8, ""close"": 30.75, ""low"": 30.55, ""high"": 30.85, ""volume"": 279314}, {""date"": ""05-25"", ""open"": 30.75, ""close"": 30.5, ""low"": 30.4, ""high"": 30.75, ""volume"": 551789}, {""date"": ""05-26"", ""open"": 30.5, ""close"": 30.5, ""low"": 30.4, ""high"": 30.6, ""volume"": 353723}, {""date"": ""05-27"", ""open"": 30.5, ""close"": 30.6, ""low"": 30.35, ""high"": 30.65, ""volume"": 316704}, {""date"": ""05-28"", ""open"": 30.55, ""close"": 30.65, ""low"": 30.55, ""high"": 30.85, ""volume"": 265424}]"
2026-05-28,金融保險,2838,聯邦銀,20.2,21.55,28,-1.46,0.5,,6.26,20.24,20.21,20.32,"[{""date"": ""04-30"", ""open"": 20.2, ""close"": 20.0, ""low"": 19.95, ""high"": 20.2, ""volume"": 1972815}, {""date"": ""05-04"", ""open"": 20.05, ""close"": 20.15, ""low"": 19.9, ""high"": 20.25, ""volume"": 2480787}, {""date"": ""05-05"", ""open"": 20.1, ""close"": 20.45, ""low"": 20.05, ""high"": 20.45, ""volume"": 1438041}, {""date"": ""05-06"", ""open"": 20.5, ""close"": 20.7, ""low"": 20.35, ""high"": 20.75, ""volume"": 1710759}, {""date"": ""05-07"", ""open"": 20.4, ""close"": 20.55, ""low"": 20.4, ""high"": 20.75, ""volume"": 1226498}, {""date"": ""05-08"", ""open"": 20.7, ""close"": 20.55, ""low"": 20.4, ""high"": 20.7, ""volume"": 1782024}, {""date"": ""05-11"", ""open"": 20.55, ""close"": 20.75, ""low"": 20.5, ""high"": 20.85, ""volume"": 1882916}, {""date"": ""05-12"", ""open"": 20.75, ""close"": 20.55, ""low"": 20.5, ""high"": 20.8, ""volume"": 1511455}, {""date"": ""05-13"", ""open"": 20.55, ""close"": 20.4, ""low"": 20.3, ""high"": 20.55, ""volume"": 1567834}, {""date"": ""05-14"", ""open"": 20.3, ""close"": 20.15, ""low"": 20.15, ""high"": 20.45, ""volume"": 2294757}, {""date"": ""05-15"", ""open"": 20.2, ""close"": 20.1, ""low"": 20.1, ""high"": 20.25, ""volume"": 1331393}, {""date"": ""05-18"", ""open"": 20.25, ""close"": 20.25, ""low"": 20.0, ""high"": 20.3, ""volume"": 1472409}, {""date"": ""05-19"", ""open"": 20.2, ""close"": 20.4, ""low"": 20.15, ""high"": 20.4, ""volume"": 1579940}, {""date"": ""05-20"", ""open"": 20.35, ""close"": 20.05, ""low"": 20.05, ""high"": 20.35, ""volume"": 2180600}, {""date"": ""05-21"", ""open"": 20.1, ""close"": 20.1, ""low"": 20.05, ""high"": 20.2, ""volume"": 647630}, {""date"": ""05-22"", ""open"": 20.1, ""close"": 20.15, ""low"": 20.1, ""high"": 20.3, ""volume"": 1268052}, {""date"": ""05-25"", ""open"": 20.15, ""close"": 20.1, ""low"": 20.0, ""high"": 20.15, ""volume"": 1487390}, {""date"": ""05-26"", ""open"": 20.05, ""close"": 20.25, ""low"": 20.05, ""high"": 20.25, ""volume"": 1138050}, {""date"": ""05-27"", ""open"": 20.25, ""close"": 20.5, ""low"": 20.1, ""high"": 20.5, ""volume"": 1647626}, {""date"": ""05-28"", ""open"": 20.5, ""close"": 20.2, ""low"": 20.15, ""high"": 20.5, ""volume"": 1047671}]"
2026-05-28,電腦及週邊設備業,2495,普安,47.35,50.6,1,-6.42,16.48,,6.42,46.87,42.01,40.36,"[{""date"": ""04-30"", ""open"": 40.8, ""close"": 40.2, ""low"": 39.7, ""high"": 41.35, ""volume"": 5641545}, {""date"": ""05-04"", ""open"": 40.45, ""close"": 40.65, ""low"": 40.35, ""high"": 41.2, ""volume"": 3280913}, {""date"": ""05-05"", ""open"": 40.9, ""close"": 41.65, ""low"": 40.6, ""high"": 42.0, ""volume"": 5405601}, {""date"": ""05-06"", ""open"": 42.5, ""close"": 42.65, ""low"": 40.25, ""high"": 43.8, ""volume"": 12462558}, {""date"": ""05-07"", ""open"": 42.95, ""close"": 40.85, ""low"": 40.7, ""high"": 43.0, ""volume"": 8269148}, {""date"": ""05-08"", ""open"": 39.0, ""close"": 36.8, ""low"": 36.8, ""high"": 39.05, ""volume"": 16380117}, {""date"": ""05-11"", ""open"": 36.15, ""close"": 36.35, ""low"": 36.1, ""high"": 37.05, ""volume"": 4943272}, {""date"": ""05-12"", ""open"": 36.5, ""close"": 36.1, ""low"": 36.05, ""high"": 36.75, ""volume"": 3087098}, {""date"": ""05-13"", ""open"": 36.05, ""close"": 35.5, ""low"": 34.8, ""high"": 36.05, ""volume"": 4005045}, {""date"": ""05-14"", ""open"": 36.0, ""close"": 36.4, ""low"": 35.55, ""high"": 36.5, ""volume"": 3354135}, {""date"": ""05-15"", ""open"": 36.7, ""close"": 35.15, ""low"": 34.95, ""high"": 36.8, ""volume"": 3378676}, {""date"": ""05-18"", ""open"": 35.3, ""close"": 36.7, ""low"": 34.65, ""high"": 36.7, ""volume"": 3560411}, {""date"": ""05-19"", ""open"": 36.3, ""close"": 35.75, ""low"": 35.45, ""high"": 36.55, ""volume"": 2563100}, {""date"": ""05-20"", ""open"": 36.25, ""close"": 37.5, ""low"": 35.8, ""high"": 38.5, ""volume"": 7588950}, {""date"": ""05-21"", ""open"": 38.6, ""close"": 40.65, ""low"": 38.05, ""high"": 41.0, ""volume"": 10688389}, {""date"": ""05-22"", ""open"": 41.4, ""close"": 44.2, ""low"": 40.55, ""high"": 44.7, ""volume"": 23976978}, {""date"": ""05-25"", ""open"": 45.05, ""close"": 46.15, ""low"": 43.7, ""high"": 46.6, ""volume"": 17648755}, {""date"": ""05-26"", ""open"": 46.5, ""close"": 46.05, ""low"": 44.7, ""high"": 47.9, ""volume"": 17456750}, {""date"": ""05-27"", ""open"": 47.7, ""close"": 50.6, ""low"": 47.5, ""high"": 50.6, ""volume"": 27529175}, {""date"": ""05-28"", ""open"": 49.0, ""close"": 47.35, ""low"": 46.55, ""high"": 49.85, ""volume"": 21066186}]"
2026-05-28,生技醫療業,6446,藥華藥,857.0,916.0,1,-2.28,7.39,,6.44,852.4,827.7,762.45,"[{""date"": ""04-30"", ""open"": 648.0, ""close"": 661.0, ""low"": 644.0, ""high"": 668.0, ""volume"": 2160011}, {""date"": ""05-04"", ""open"": 662.0, ""close"": 645.0, ""low"": 642.0, ""high"": 662.0, ""volume"": 1597792}, {""date"": ""05-05"", ""open"": 646.0, ""close"": 647.0, ""low"": 642.0, ""high"": 659.0, ""volume"": 1402089}, {""date"": ""05-06"", ""open"": 661.0, ""close"": 655.0, ""low"": 651.0, ""high"": 664.0, ""volume"": 1651079}, {""date"": ""05-07"", ""open"": 663.0, ""close"": 659.0, ""low"": 652.0, ""high"": 668.0, ""volume"": 1778999}, {""date"": ""05-08"", ""open"": 668.0, ""close"": 724.0, ""low"": 668.0, ""high"": 724.0, ""volume"": 5755115}, {""date"": ""05-11"", ""open"": 725.0, ""close"": 706.0, ""low"": 700.0, ""high"": 729.0, ""volume"": 3627328}, {""date"": ""05-12"", ""open"": 708.0, ""close"": 711.0, ""low"": 693.0, ""high"": 724.0, ""volume"": 2165822}, {""date"": ""05-13"", ""open"": 761.0, ""close"": 782.0, ""low"": 735.0, ""high"": 782.0, ""volume"": 7084181}, {""date"": ""05-14"", ""open"": 780.0, ""close"": 782.0, ""low"": 772.0, ""high"": 832.0, ""volume"": 6453615}, {""date"": ""05-15"", ""open"": 809.0, ""close"": 826.0, ""low"": 803.0, ""high"": 859.0, ""volume"": 6715842}, {""date"": ""05-18"", ""open"": 845.0, ""close"": 806.0, ""low"": 804.0, ""high"": 845.0, ""volume"": 4385668}, {""date"": ""05-19"", ""open"": 796.0, ""close"": 796.0, ""low"": 787.0, ""high"": 813.0, ""volume"": 3453270}, {""date"": ""05-20"", ""open"": 803.0, ""close"": 789.0, ""low"": 775.0, ""high"": 810.0, ""volume"": 3151994}, {""date"": ""05-21"", ""open"": 795.0, ""close"": 798.0, ""low"": 784.0, ""high"": 804.0, ""volume"": 1566302}, {""date"": ""05-22"", ""open"": 800.0, ""close"": 810.0, ""low"": 799.0, ""high"": 810.0, ""volume"": 1287009}, {""date"": ""05-25"", ""open"": 817.0, ""close"": 840.0, ""low"": 809.0, ""high"": 853.0, ""volume"": 3282637}, {""date"": ""05-26"", ""open"": 854.0, ""close"": 878.0, ""low"": 852.0, ""high"": 883.0, ""volume"": 3523238}, {""date"": ""05-27"", ""open"": 891.0, ""close"": 877.0, ""low"": 874.0, ""high"": 916.0, ""volume"": 3008484}, {""date"": ""05-28"", ""open"": 886.0, ""close"": 857.0, ""low"": 852.0, ""high"": 896.0, ""volume"": 2295992}]"
2026-05-28,化學工業,1730,花仙子,52.6,56.3,196,0.38,-0.57,,6.57,52.54,52.67,52.7,"[{""date"": ""04-30"", ""open"": 52.4, ""close"": 52.5, ""low"": 52.4, ""high"": 52.5, ""volume"": 28000}, {""date"": ""05-04"", ""open"": 52.5, ""close"": 52.4, ""low"": 52.4, ""high"": 52.6, ""volume"": 32030}, {""date"": ""05-05"", ""open"": 52.4, ""close"": 52.5, ""low"": 52.3, ""high"": 52.5, ""volume"": 34156}, {""date"": ""05-06"", ""open"": 53.8, ""close"": 52.9, ""low"": 52.5, ""high"": 53.8, ""volume"": 75000}, {""date"": ""05-07"", ""open"": 52.9, ""close"": 52.9, ""low"": 52.7, ""high"": 53.0, ""volume"": 70000}, {""date"": ""05-08"", ""open"": 53.0, ""close"": 52.8, ""low"": 52.8, ""high"": 53.0, ""volume"": 26105}, {""date"": ""05-11"", ""open"": 52.8, ""close"": 52.7, ""low"": 52.6, ""high"": 52.9, ""volume"": 70000}, {""date"": ""05-12"", ""open"": 52.7, ""close"": 52.9, ""low"": 52.5, ""high"": 53.3, ""volume"": 55198}, {""date"": ""05-13"", ""open"": 52.9, ""close"": 52.8, ""low"": 52.7, ""high"": 53.0, ""volume"": 23000}, {""date"": ""05-14"", ""open"": 52.9, ""close"": 52.8, ""low"": 52.8, ""high"": 53.1, ""volume"": 43000}, {""date"": ""05-15"", ""open"": 52.7, ""close"": 52.6, ""low"": 52.5, ""high"": 52.8, ""volume"": 35000}, {""date"": ""05-18"", ""open"": 52.6, ""close"": 52.7, ""low"": 52.6, ""high"": 53.2, ""volume"": 26020}, {""date"": ""05-19"", ""open"": 53.2, ""close"": 52.9, ""low"": 52.6, ""high"": 53.2, ""volume"": 40000}, {""date"": ""05-20"", ""open"": 52.8, ""close"": 52.9, ""low"": 52.8, ""high"": 53.0, ""volume"": 28001}, {""date"": ""05-21"", ""open"": 53.1, ""close"": 52.9, ""low"": 52.9, ""high"": 53.3, ""volume"": 39000}, {""date"": ""05-22"", ""open"": 52.9, ""close"": 52.5, ""low"": 52.5, ""high"": 52.9, ""volume"": 96002}, {""date"": ""05-25"", ""open"": 52.8, ""close"": 52.7, ""low"": 52.5, ""high"": 52.8, ""volume"": 63412}, {""date"": ""05-26"", ""open"": 52.5, ""close"": 52.5, ""low"": 52.5, ""high"": 52.7, ""volume"": 35000}, {""date"": ""05-27"", ""open"": 52.5, ""close"": 52.4, ""low"": 52.4, ""high"": 52.7, ""volume"": 48250}, {""date"": ""05-28"", ""open"": 52.4, ""close"": 52.6, ""low"": 52.4, ""high"": 52.6, ""volume"": 31397}]"
2026-05-28,汽車工業,1525,江申,68.1,72.9,2,-2.44,15.42,,6.58,69.1,63.91,62.86,"[{""date"": ""04-30"", ""open"": 62.5, ""close"": 63.3, ""low"": 60.9, ""high"": 63.5, ""volume"": 82780}, {""date"": ""05-04"", ""open"": 63.3, ""close"": 62.8, ""low"": 61.4, ""high"": 64.8, ""volume"": 23000}, {""date"": ""05-05"", ""open"": 62.7, ""close"": 62.6, ""low"": 62.6, ""high"": 62.8, ""volume"": 4002}, {""date"": ""05-06"", ""open"": 63.7, ""close"": 62.7, ""low"": 61.1, ""high"": 63.7, ""volume"": 50036}, {""date"": ""05-07"", ""open"": 62.3, ""close"": 62.3, ""low"": 61.5, ""high"": 62.3, ""volume"": 37000}, {""date"": ""05-08"", ""open"": 62.2, ""close"": 61.7, ""low"": 61.6, ""high"": 62.4, ""volume"": 13000}, {""date"": ""05-11"", ""open"": 61.2, ""close"": 62.0, ""low"": 61.2, ""high"": 62.5, ""volume"": 57000}, {""date"": ""05-12"", ""open"": 62.4, ""close"": 60.9, ""low"": 60.7, ""high"": 62.4, ""volume"": 17000}, {""date"": ""05-13"", ""open"": 60.2, ""close"": 60.0, ""low"": 59.7, ""high"": 60.7, ""volume"": 34000}, {""date"": ""05-14"", ""open"": 60.2, ""close"": 59.8, ""low"": 59.7, ""high"": 60.2, ""volume"": 18000}, {""date"": ""05-15"", ""open"": 59.5, ""close"": 59.7, ""low"": 57.4, ""high"": 59.9, ""volume"": 101000}, {""date"": ""05-18"", ""open"": 58.0, ""close"": 58.1, ""low"": 58.0, ""high"": 59.2, ""volume"": 37000}, {""date"": ""05-19"", ""open"": 58.8, ""close"": 58.0, ""low"": 58.0, ""high"": 59.0, ""volume"": 29010}, {""date"": ""05-20"", ""open"": 58.0, ""close"": 58.8, ""low"": 57.5, ""high"": 58.8, ""volume"": 30000}, {""date"": ""05-21"", ""open"": 59.0, ""close"": 59.0, ""low"": 57.9, ""high"": 59.0, ""volume"": 13001}, {""date"": ""05-22"", ""open"": 58.8, ""close"": 64.8, ""low"": 58.8, ""high"": 64.9, ""volume"": 222063}, {""date"": ""05-25"", ""open"": 67.0, ""close"": 71.0, ""low"": 64.9, ""high"": 71.0, ""volume"": 302060}, {""date"": ""05-26"", ""open"": 71.8, ""close"": 71.8, ""low"": 69.7, ""high"": 72.9, ""volume"": 156160}, {""date"": ""05-27"", ""open"": 72.5, ""close"": 69.8, ""low"": 68.0, ""high"": 72.5, ""volume"": 139001}, {""date"": ""05-28"", ""open"": 69.8, ""close"": 68.1, ""low"": 68.0, ""high"": 69.8, ""volume"": 36331}]"
2026-05-28,電子零組件業,3003,健和興,62.3,66.7,1,-0.95,2.98,,6.6,62.16,60.62,58.86,"[{""date"": ""04-30"", ""open"": 56.4, ""close"": 54.7, ""low"": 54.1, ""high"": 56.6, ""volume"": 616271}, {""date"": ""05-04"", ""open"": 55.6, ""close"": 55.5, ""low"": 54.6, ""high"": 56.0, ""volume"": 723000}, {""date"": ""05-05"", ""open"": 56.1, ""close"": 55.5, ""low"": 54.5, ""high"": 56.3, ""volume"": 601100}, {""date"": ""05-06"", ""open"": 56.0, ""close"": 56.0, ""low"": 54.5, ""high"": 56.4, ""volume"": 734289}, {""date"": ""05-07"", ""open"": 56.0, ""close"": 55.7, ""low"": 55.5, ""high"": 56.6, ""volume"": 602423}, {""date"": ""05-08"", ""open"": 55.7, ""close"": 55.8, ""low"": 55.3, ""high"": 56.8, ""volume"": 854200}, {""date"": ""05-11"", ""open"": 56.4, ""close"": 59.1, ""low"": 56.0, ""high"": 59.3, ""volume"": 2411076}, {""date"": ""05-12"", ""open"": 58.6, ""close"": 59.8, ""low"": 57.5, ""high"": 60.8, ""volume"": 2156739}, {""date"": ""05-13"", ""open"": 58.6, ""close"": 57.9, ""low"": 57.5, ""high"": 59.8, ""volume"": 1237010}, {""date"": ""05-14"", ""open"": 58.3, ""close"": 61.0, ""low"": 58.3, ""high"": 62.5, ""volume"": 2828891}, {""date"": ""05-15"", ""open"": 61.6, ""close"": 58.6, ""low"": 57.7, ""high"": 62.0, ""volume"": 1737315}, {""date"": ""05-18"", ""open"": 57.7, ""close"": 59.0, ""low"": 56.3, ""high"": 60.0, ""volume"": 1002340}, {""date"": ""05-19"", ""open"": 58.5, ""close"": 58.3, ""low"": 58.0, ""high"": 59.2, ""volume"": 594340}, {""date"": ""05-20"", ""open"": 58.3, ""close"": 59.0, ""low"": 57.7, ""high"": 59.1, ""volume"": 702205}, {""date"": ""05-21"", ""open"": 59.7, ""close"": 60.5, ""low"": 59.3, ""high"": 60.8, ""volume"": 955041}, {""date"": ""05-22"", ""open"": 60.9, ""close"": 61.9, ""low"": 59.4, ""high"": 62.2, ""volume"": 1637203}, {""date"": ""05-25"", ""open"": 62.9, ""close"": 61.0, ""low"": 60.8, ""high"": 63.5, ""volume"": 1711758}, {""date"": ""05-26"", ""open"": 61.6, ""close"": 62.7, ""low"": 59.2, ""high"": 62.8, ""volume"": 1563531}, {""date"": ""05-27"", ""open"": 65.5, ""close"": 62.9, ""low"": 61.8, ""high"": 66.7, ""volume"": 3714283}, {""date"": ""05-28"", ""open"": 62.9, ""close"": 62.3, ""low"": 61.8, ""high"": 64.7, ""volume"": 1692291}]"
2026-05-28,電腦及週邊設備業,8163,達方,37.2,39.85,131,3.33,4.64,,6.65,36.23,34.97,31.93,"[{""date"": ""04-30"", ""open"": 26.8, ""close"": 26.65, ""low"": 26.6, ""high"": 27.05, ""volume"": 850020}, {""date"": ""05-04"", ""open"": 26.7, ""close"": 26.8, ""low"": 26.7, ""high"": 27.15, ""volume"": 749694}, {""date"": ""05-05"", ""open"": 26.9, ""close"": 27.4, ""low"": 26.85, ""high"": 27.4, ""volume"": 1201100}, {""date"": ""05-06"", ""open"": 27.8, ""close"": 28.3, ""low"": 27.55, ""high"": 28.4, ""volume"": 1617998}, {""date"": ""05-07"", ""open"": 28.7, ""close"": 28.5, ""low"": 28.15, ""high"": 28.8, ""volume"": 1243960}, {""date"": ""05-08"", ""open"": 29.0, ""close"": 29.75, ""low"": 28.85, ""high"": 31.3, ""volume"": 5345059}, {""date"": ""05-11"", ""open"": 29.75, ""close"": 30.2, ""low"": 29.15, ""high"": 30.25, ""volume"": 2234085}, {""date"": ""05-12"", ""open"": 30.2, ""close"": 29.6, ""low"": 29.2, ""high"": 30.2, ""volume"": 1597106}, {""date"": ""05-13"", ""open"": 29.5, ""close"": 29.4, ""low"": 29.3, ""high"": 29.95, ""volume"": 1018639}, {""date"": ""05-14"", ""open"": 29.7, ""close"": 32.3, ""low"": 29.7, ""high"": 32.3, ""volume"": 6391714}, {""date"": ""05-15"", ""open"": 32.35, ""close"": 33.85, ""low"": 31.8, ""high"": 35.0, ""volume"": 12789632}, {""date"": ""05-18"", ""open"": 34.2, ""close"": 33.35, ""low"": 33.25, ""high"": 34.6, ""volume"": 10276570}, {""date"": ""05-19"", ""open"": 33.1, ""close"": 32.85, ""low"": 32.35, ""high"": 33.9, ""volume"": 3270807}, {""date"": ""05-20"", ""open"": 33.0, ""close"": 33.0, ""low"": 32.8, ""high"": 34.85, ""volume"": 6548625}, {""date"": ""05-21"", ""open"": 33.85, ""close"": 35.55, ""low"": 33.85, ""high"": 36.3, ""volume"": 12138832}, {""date"": ""05-22"", ""open"": 36.25, ""close"": 35.65, ""low"": 35.5, ""high"": 36.95, ""volume"": 9353491}, {""date"": ""05-25"", ""open"": 35.7, ""close"": 35.55, ""low"": 34.85, ""high"": 36.5, ""volume"": 5072374}, {""date"": ""05-26"", ""open"": 36.55, ""close"": 36.75, ""low"": 36.1, ""high"": 38.0, ""volume"": 6050512}, {""date"": ""05-27"", ""open"": 37.1, ""close"": 36.0, ""low"": 35.45, ""high"": 37.1, ""volume"": 3514661}, {""date"": ""05-28"", ""open"": 36.0, ""close"": 37.2, ""low"": 36.0, ""high"": 38.5, ""volume"": 7164960}]"
2026-05-28,半導體業,2351,順德,216.5,232.0,1,-5.46,12.76,,6.68,208.9,195.05,183.22,"[{""date"": ""04-30"", ""open"": 152.0, ""close"": 154.0, ""low"": 151.0, ""high"": 160.0, ""volume"": 9999251}, {""date"": ""05-04"", ""open"": 156.5, ""close"": 158.0, ""low"": 155.5, ""high"": 162.0, ""volume"": 10348621}, {""date"": ""05-05"", ""open"": 160.0, ""close"": 159.5, ""low"": 154.0, ""high"": 161.0, ""volume"": 6623482}, {""date"": ""05-06"", ""open"": 163.5, ""close"": 156.5, ""low"": 153.5, ""high"": 164.0, ""volume"": 8174662}, {""date"": ""05-07"", ""open"": 157.5, ""close"": 166.5, ""low"": 155.5, ""high"": 170.5, ""volume"": 11988827}, {""date"": ""05-08"", ""open"": 179.5, ""close"": 183.0, ""low"": 170.0, ""high"": 183.0, ""volume"": 13962230}, {""date"": ""05-11"", ""open"": 185.0, ""close"": 190.5, ""low"": 176.5, ""high"": 193.0, ""volume"": 15051543}, {""date"": ""05-12"", ""open"": 190.0, ""close"": 182.0, ""low"": 177.5, ""high"": 190.5, ""volume"": 9477639}, {""date"": ""05-13"", ""open"": 178.0, ""close"": 182.0, ""low"": 171.5, ""high"": 184.0, ""volume"": 7115209}, {""date"": ""05-14"", ""open"": 190.5, ""close"": 182.0, ""low"": 177.0, ""high"": 197.0, ""volume"": 10129090}, {""date"": ""05-15"", ""open"": 181.0, ""close"": 180.0, ""low"": 178.0, ""high"": 191.5, ""volume"": 6188346}, {""date"": ""05-18"", ""open"": 174.0, ""close"": 180.5, ""low"": 171.5, ""high"": 182.0, ""volume"": 4570238}, {""date"": ""05-19"", ""open"": 180.5, ""close"": 173.5, ""low"": 169.0, ""high"": 180.5, ""volume"": 7442598}, {""date"": ""05-20"", ""open"": 175.5, ""close"": 180.0, ""low"": 170.5, ""high"": 185.5, ""volume"": 6472819}, {""date"": ""05-21"", ""open"": 185.0, ""close"": 192.0, ""low"": 182.5, ""high"": 197.0, ""volume"": 8800945}, {""date"": ""05-22"", ""open"": 196.0, ""close"": 186.5, ""low"": 183.5, ""high"": 197.0, ""volume"": 8349157}, {""date"": ""05-25"", ""open"": 191.5, ""close"": 196.5, ""low"": 188.5, ""high"": 199.5, ""volume"": 9113133}, {""date"": ""05-26"", ""open"": 206.5, ""close"": 216.0, ""low"": 206.0, ""high"": 216.0, ""volume"": 8223029}, {""date"": ""05-27"", ""open"": 227.5, ""close"": 229.0, ""low"": 215.0, ""high"": 232.0, ""volume"": 12403778}, {""date"": ""05-28"", ""open"": 227.0, ""close"": 216.5, ""low"": 214.5, ""high"": 232.0, ""volume"": 6841985}]"
2026-05-28,鋼鐵工業,5538,東明-KY,34.65,37.15,9,-0.57,0.87,,6.73,34.54,34.69,33.09,"[{""date"": ""04-30"", ""open"": 31.7, ""close"": 31.0, ""low"": 31.0, ""high"": 31.8, ""volume"": 38001}, {""date"": ""05-04"", ""open"": 31.1, ""close"": 31.35, ""low"": 30.4, ""high"": 31.55, ""volume"": 34000}, {""date"": ""05-05"", ""open"": 30.65, ""close"": 31.4, ""low"": 30.65, ""high"": 31.4, ""volume"": 16000}, {""date"": ""05-06"", ""open"": 32.3, ""close"": 31.9, ""low"": 31.3, ""high"": 32.3, ""volume"": 68000}, {""date"": ""05-07"", ""open"": 31.95, ""close"": 31.5, ""low"": 31.45, ""high"": 32.1, ""volume"": 79000}, {""date"": ""05-08"", ""open"": 31.8, ""close"": 31.15, ""low"": 31.15, ""high"": 31.8, ""volume"": 40000}, {""date"": ""05-11"", ""open"": 31.15, ""close"": 31.0, ""low"": 30.95, ""high"": 31.5, ""volume"": 28000}, {""date"": ""05-12"", ""open"": 31.05, ""close"": 30.85, ""low"": 30.75, ""high"": 31.1, ""volume"": 64000}, {""date"": ""05-13"", ""open"": 31.6, ""close"": 30.85, ""low"": 30.75, ""high"": 31.6, ""volume"": 40000}, {""date"": ""05-14"", ""open"": 33.5, ""close"": 33.9, ""low"": 33.5, ""high"": 33.9, ""volume"": 300029}, {""date"": ""05-15"", ""open"": 35.4, ""close"": 36.25, ""low"": 34.3, ""high"": 37.15, ""volume"": 408090}, {""date"": ""05-18"", ""open"": 35.25, ""close"": 33.6, ""low"": 33.3, ""high"": 35.25, ""volume"": 48000}, {""date"": ""05-19"", ""open"": 33.05, ""close"": 35.6, ""low"": 32.3, ""high"": 36.95, ""volume"": 73000}, {""date"": ""05-20"", ""open"": 35.6, ""close"": 34.4, ""low"": 34.4, ""high"": 36.85, ""volume"": 68000}, {""date"": ""05-21"", ""open"": 34.5, ""close"": 34.35, ""low"": 34.1, ""high"": 34.85, ""volume"": 41000}, {""date"": ""05-22"", ""open"": 34.3, ""close"": 34.0, ""low"": 33.95, ""high"": 35.7, ""volume"": 53080}, {""date"": ""05-25"", ""open"": 34.8, ""close"": 34.45, ""low"": 33.75, ""high"": 34.8, ""volume"": 26000}, {""date"": ""05-26"", ""open"": 35.0, ""close"": 34.75, ""low"": 34.45, ""high"": 35.0, ""volume"": 52000}, {""date"": ""05-27"", ""open"": 36.4, ""close"": 34.85, ""low"": 34.45, ""high"": 36.4, ""volume"": 53000}, {""date"": ""05-28"", ""open"": 35.75, ""close"": 34.65, ""low"": 34.65, ""high"": 35.75, ""volume"": 30164}]"
2026-05-28,橡膠工業,2107,厚生,24.75,26.55,14,0.0,-1.98,,6.78,24.89,25.02,25.51,"[{""date"": ""04-30"", ""open"": 26.15, ""close"": 26.25, ""low"": 26.05, ""high"": 26.3, ""volume"": 244766}, {""date"": ""05-04"", ""open"": 26.35, ""close"": 26.2, ""low"": 26.15, ""high"": 26.5, ""volume"": 394734}, {""date"": ""05-05"", ""open"": 26.15, ""close"": 26.1, ""low"": 26.0, ""high"": 26.2, ""volume"": 155469}, {""date"": ""05-06"", ""open"": 26.2, ""close"": 26.1, ""low"": 26.0, ""high"": 26.3, ""volume"": 256255}, {""date"": ""05-07"", ""open"": 26.05, ""close"": 26.5, ""low"": 26.05, ""high"": 26.5, ""volume"": 521727}, {""date"": ""05-08"", ""open"": 26.5, ""close"": 26.1, ""low"": 26.1, ""high"": 26.55, ""volume"": 303008}, {""date"": ""05-11"", ""open"": 26.1, ""close"": 26.05, ""low"": 26.05, ""high"": 26.2, ""volume"": 175033}, {""date"": ""05-12"", ""open"": 26.05, ""close"": 25.95, ""low"": 25.95, ""high"": 26.15, ""volume"": 268329}, {""date"": ""05-13"", ""open"": 25.95, ""close"": 25.25, ""low"": 25.25, ""high"": 25.95, ""volume"": 946078}, {""date"": ""05-14"", ""open"": 25.35, ""close"": 25.45, ""low"": 25.35, ""high"": 25.6, ""volume"": 356960}, {""date"": ""05-15"", ""open"": 25.55, ""close"": 25.2, ""low"": 25.1, ""high"": 25.55, ""volume"": 504313}, {""date"": ""05-18"", ""open"": 25.1, ""close"": 24.85, ""low"": 24.8, ""high"": 25.2, ""volume"": 417183}, {""date"": ""05-19"", ""open"": 24.85, ""close"": 25.25, ""low"": 24.85, ""high"": 25.3, ""volume"": 182925}, {""date"": ""05-20"", ""open"": 25.15, ""close"": 25.2, ""low"": 25.1, ""high"": 25.3, ""volume"": 210729}, {""date"": ""05-21"", ""open"": 25.1, ""close"": 25.25, ""low"": 25.1, ""high"": 25.35, ""volume"": 245474}, {""date"": ""05-22"", ""open"": 25.25, ""close"": 25.25, ""low"": 25.2, ""high"": 25.4, ""volume"": 282329}, {""date"": ""05-25"", ""open"": 25.25, ""close"": 24.9, ""low"": 24.85, ""high"": 25.25, ""volume"": 499474}, {""date"": ""05-26"", ""open"": 24.9, ""close"": 24.8, ""low"": 24.7, ""high"": 24.9, ""volume"": 285296}, {""date"": ""05-27"", ""open"": 24.8, ""close"": 24.75, ""low"": 24.6, ""high"": 24.8, ""volume"": 344666}, {""date"": ""05-28"", ""open"": 24.85, ""close"": 24.75, ""low"": 24.6, ""high"": 24.85, ""volume"": 143300}]"
2026-05-28,通信網路業,6416,瑞祺電通,88.5,94.94,237,-4.32,-2.64,,6.78,91.1,90.0,87.35,"[{""date"": ""04-30"", ""open"": 80.6, ""close"": 81.0, ""low"": 80.3, ""high"": 81.5, ""volume"": 191000}, {""date"": ""05-04"", ""open"": 81.8, ""close"": 83.5, ""low"": 81.3, ""high"": 84.2, ""volume"": 398102}, {""date"": ""05-05"", ""open"": 84.0, ""close"": 87.3, ""low"": 83.0, ""high"": 87.3, ""volume"": 662457}, {""date"": ""05-06"", ""open"": 88.0, ""close"": 85.6, ""low"": 84.8, ""high"": 88.0, ""volume"": 439200}, {""date"": ""05-07"", ""open"": 85.8, ""close"": 84.6, ""low"": 84.3, ""high"": 85.8, ""volume"": 330299}, {""date"": ""05-08"", ""open"": 84.8, ""close"": 84.5, ""low"": 83.2, ""high"": 85.5, ""volume"": 219152}, {""date"": ""05-11"", ""open"": 84.4, ""close"": 83.8, ""low"": 82.9, ""high"": 84.8, ""volume"": 344004}, {""date"": ""05-12"", ""open"": 84.0, ""close"": 83.9, ""low"": 83.2, ""high"": 84.7, ""volume"": 250000}, {""date"": ""05-13"", ""open"": 84.0, ""close"": 83.2, ""low"": 82.9, ""high"": 84.0, ""volume"": 234050}, {""date"": ""05-14"", ""open"": 85.0, ""close"": 89.5, ""low"": 85.0, ""high"": 91.5, ""volume"": 1641050}, {""date"": ""05-15"", ""open"": 90.5, ""close"": 89.3, ""low"": 88.0, ""high"": 93.5, ""volume"": 1034490}, {""date"": ""05-18"", ""open"": 89.3, ""close"": 88.3, ""low"": 87.6, ""high"": 90.0, ""volume"": 451034}, {""date"": ""05-19"", ""open"": 88.3, ""close"": 87.4, ""low"": 87.0, ""high"": 90.3, ""volume"": 435287}, {""date"": ""05-20"", ""open"": 88.9, ""close"": 88.6, ""low"": 87.5, ""high"": 89.0, ""volume"": 258100}, {""date"": ""05-21"", ""open"": 89.9, ""close"": 90.9, ""low"": 89.5, ""high"": 91.4, ""volume"": 505007}, {""date"": ""05-22"", ""open"": 90.7, ""close"": 91.5, ""low"": 90.7, ""high"": 91.9, ""volume"": 435082}, {""date"": ""05-25"", ""open"": 92.3, ""close"": 91.7, ""low"": 91.6, ""high"": 93.8, ""volume"": 419048}, {""date"": ""05-26"", ""open"": 92.3, ""close"": 91.3, ""low"": 90.1, ""high"": 93.3, ""volume"": 350030}, {""date"": ""05-27"", ""open"": 91.4, ""close"": 92.5, ""low"": 90.4, ""high"": 92.5, ""volume"": 371525}, {""date"": ""05-28"", ""open"": 92.8, ""close"": 88.5, ""low"": 88.0, ""high"": 94.4, ""volume"": 630742}]"
2026-05-28,半導體業,3016,嘉晶,135.5,145.5,2,7.54,17.32,,6.87,128.3,118.65,116.34,"[{""date"": ""04-30"", ""open"": 89.7, ""close"": 89.7, ""low"": 89.7, ""high"": 89.7, ""volume"": 3000338}, {""date"": ""05-04"", ""open"": 98.6, ""close"": 98.6, ""low"": 98.6, ""high"": 98.6, ""volume"": 2184515}, {""date"": ""05-05"", ""open"": 103.0, ""close"": 108.0, ""low"": 103.0, ""high"": 108.0, ""volume"": 5839851}, {""date"": ""05-06"", ""open"": 118.5, ""close"": 114.5, ""low"": 112.5, ""high"": 118.5, ""volume"": 22110084}, {""date"": ""05-07"", ""open"": 112.0, ""close"": 118.5, ""low"": 112.0, ""high"": 121.0, ""volume"": 4531227}, {""date"": ""05-08"", ""open"": 120.0, ""close"": 117.0, ""low"": 110.5, ""high"": 120.0, ""volume"": 3011394}, {""date"": ""05-11"", ""open"": 121.0, ""close"": 128.5, ""low"": 119.0, ""high"": 128.5, ""volume"": 5406190}, {""date"": ""05-12"", ""open"": 129.0, ""close"": 121.5, ""low"": 121.0, ""high"": 130.5, ""volume"": 2270277}, {""date"": ""05-13"", ""open"": 118.0, ""close"": 121.0, ""low"": 113.0, ""high"": 121.0, ""volume"": 1749412}, {""date"": ""05-14"", ""open"": 124.5, ""close"": 123.0, ""low"": 120.0, ""high"": 125.0, ""volume"": 1152600}, {""date"": ""05-15"", ""open"": 128.0, ""close"": 111.0, ""low"": 111.0, ""high"": 128.0, ""volume"": 1722325}, {""date"": ""05-18"", ""open"": 107.0, ""close"": 111.0, ""low"": 104.0, ""high"": 111.0, ""volume"": 1347777}, {""date"": ""05-19"", ""open"": 111.5, ""close"": 102.5, ""low"": 102.5, ""high"": 111.5, ""volume"": 1133478}, {""date"": ""05-20"", ""open"": 105.0, ""close"": 105.0, ""low"": 103.0, ""high"": 108.5, ""volume"": 847250}, {""date"": ""05-21"", ""open"": 112.0, ""close"": 115.5, ""low"": 112.0, ""high"": 115.5, ""volume"": 1081917}, {""date"": ""05-22"", ""open"": 118.0, ""close"": 121.0, ""low"": 118.0, ""high"": 123.0, ""volume"": 1487780}, {""date"": ""05-25"", ""open"": 127.0, ""close"": 133.0, ""low"": 127.0, ""high"": 133.0, ""volume"": 2192937}, {""date"": ""05-26"", ""open"": 140.0, ""close"": 126.0, ""low"": 123.0, ""high"": 145.5, ""volume"": 21453508}, {""date"": ""05-27"", ""open"": 131.0, ""close"": 126.0, ""low"": 122.0, ""high"": 138.0, ""volume"": 15130101}, {""date"": ""05-28"", ""open"": 126.0, ""close"": 135.5, ""low"": 125.0, ""high"": 138.5, ""volume"": 14256505}]"
2026-05-28,居家生活,9911,櫻花,81.5,87.53,50,-0.61,-1.69,,6.89,82.06,82.29,82.69,"[{""date"": ""04-30"", ""open"": 82.2, ""close"": 83.2, ""low"": 82.2, ""high"": 83.2, ""volume"": 330517}, {""date"": ""05-04"", ""open"": 83.2, ""close"": 82.6, ""low"": 82.2, ""high"": 83.4, ""volume"": 284943}, {""date"": ""05-05"", ""open"": 82.6, ""close"": 82.8, ""low"": 82.4, ""high"": 83.0, ""volume"": 182147}, {""date"": ""05-06"", ""open"": 83.1, ""close"": 83.3, ""low"": 82.9, ""high"": 83.6, ""volume"": 339347}, {""date"": ""05-07"", ""open"": 83.1, ""close"": 83.6, ""low"": 83.0, ""high"": 83.6, ""volume"": 374401}, {""date"": ""05-08"", ""open"": 83.6, ""close"": 83.2, ""low"": 83.0, ""high"": 83.7, ""volume"": 249070}, {""date"": ""05-11"", ""open"": 83.9, ""close"": 84.2, ""low"": 83.0, ""high"": 84.3, ""volume"": 399901}, {""date"": ""05-12"", ""open"": 84.2, ""close"": 82.5, ""low"": 82.5, ""high"": 84.3, ""volume"": 389332}, {""date"": ""05-13"", ""open"": 83.4, ""close"": 83.0, ""low"": 82.6, ""high"": 83.4, ""volume"": 250257}, {""date"": ""05-14"", ""open"": 83.0, ""close"": 82.5, ""low"": 82.5, ""high"": 83.1, ""volume"": 184293}, {""date"": ""05-15"", ""open"": 82.8, ""close"": 82.4, ""low"": 82.4, ""high"": 83.1, ""volume"": 155915}, {""date"": ""05-18"", ""open"": 82.4, ""close"": 82.2, ""low"": 82.0, ""high"": 82.8, ""volume"": 173014}, {""date"": ""05-19"", ""open"": 82.6, ""close"": 82.3, ""low"": 82.3, ""high"": 83.1, ""volume"": 160540}, {""date"": ""05-20"", ""open"": 83.0, ""close"": 82.8, ""low"": 82.1, ""high"": 83.0, ""volume"": 178873}, {""date"": ""05-21"", ""open"": 82.9, ""close"": 82.9, ""low"": 82.6, ""high"": 83.2, ""volume"": 229571}, {""date"": ""05-22"", ""open"": 82.5, ""close"": 82.7, ""low"": 82.4, ""high"": 82.9, ""volume"": 198111}, {""date"": ""05-25"", ""open"": 82.7, ""close"": 82.2, ""low"": 82.0, ""high"": 83.0, ""volume"": 395366}, {""date"": ""05-26"", ""open"": 82.2, ""close"": 81.9, ""low"": 81.8, ""high"": 82.3, ""volume"": 276075}, {""date"": ""05-27"", ""open"": 82.2, ""close"": 82.0, ""low"": 81.8, ""high"": 82.5, ""volume"": 400369}, {""date"": ""05-28"", ""open"": 82.5, ""close"": 81.5, ""low"": 81.3, ""high"": 82.5, ""volume"": 376874}]"
2026-05-28,食品工業,1232,大統益,147.5,158.41,240,-0.34,-0.34,,6.89,147.8,148.05,148.02,"[{""date"": ""04-30"", ""open"": 148.5, ""close"": 148.5, ""low"": 148.5, ""high"": 149.5, ""volume"": 61267}, {""date"": ""05-04"", ""open"": 148.5, ""close"": 148.0, ""low"": 148.0, ""high"": 149.0, ""volume"": 84351}, {""date"": ""05-05"", ""open"": 148.0, ""close"": 148.0, ""low"": 147.5, ""high"": 148.5, ""volume"": 71130}, {""date"": ""05-06"", ""open"": 148.0, ""close"": 148.5, ""low"": 147.5, ""high"": 149.0, ""volume"": 80007}, {""date"": ""05-07"", ""open"": 148.0, ""close"": 148.0, ""low"": 148.0, ""high"": 149.0, ""volume"": 105184}, {""date"": ""05-08"", ""open"": 148.0, ""close"": 148.0, ""low"": 147.5, ""high"": 149.0, ""volume"": 150348}, {""date"": ""05-11"", ""open"": 148.0, ""close"": 148.0, ""low"": 148.0, ""high"": 149.0, ""volume"": 85159}, {""date"": ""05-12"", ""open"": 148.0, ""close"": 147.5, ""low"": 147.5, ""high"": 148.0, ""volume"": 73270}, {""date"": ""05-13"", ""open"": 148.0, ""close"": 148.0, ""low"": 147.5, ""high"": 148.5, ""volume"": 92007}, {""date"": ""05-14"", ""open"": 148.0, ""close"": 147.5, ""low"": 147.5, ""high"": 149.0, ""volume"": 105000}, {""date"": ""05-15"", ""open"": 149.0, ""close"": 148.5, ""low"": 148.0, ""high"": 149.0, ""volume"": 58020}, {""date"": ""05-18"", ""open"": 148.5, ""close"": 148.0, ""low"": 148.0, ""high"": 149.0, ""volume"": 40020}, {""date"": ""05-19"", ""open"": 148.0, ""close"": 148.0, ""low"": 148.0, ""high"": 149.0, ""volume"": 50010}, {""date"": ""05-20"", ""open"": 148.0, ""close"": 149.0, ""low"": 147.5, ""high"": 149.0, ""volume"": 72569}, {""date"": ""05-21"", ""open"": 149.0, ""close"": 148.0, ""low"": 148.0, ""high"": 149.0, ""volume"": 58366}, {""date"": ""05-22"", ""open"": 148.0, ""close"": 147.5, ""low"": 147.5, ""high"": 148.0, ""volume"": 69031}, {""date"": ""05-25"", ""open"": 147.5, ""close"": 148.5, ""low"": 147.5, ""high"": 148.5, ""volume"": 126360}, {""date"": ""05-26"", ""open"": 148.0, ""close"": 147.5, ""low"": 147.5, ""high"": 148.5, ""volume"": 104713}, {""date"": ""05-27"", ""open"": 147.5, ""close"": 148.0, ""low"": 147.5, ""high"": 149.0, ""volume"": 152200}, {""date"": ""05-28"", ""open"": 148.0, ""close"": 147.5, ""low"": 147.5, ""high"": 148.0, ""volume"": 65572}]"
2026-05-28,油電燃氣業,8926,台汽電,67.5,72.5,1,-6.64,10.66,,6.9,66.38,62.84,56.31,"[{""date"": ""04-30"", ""open"": 45.15, ""close"": 44.4, ""low"": 44.15, ""high"": 45.25, ""volume"": 1984711}, {""date"": ""05-04"", ""open"": 44.65, ""close"": 45.9, ""low"": 44.65, ""high"": 46.85, ""volume"": 4243188}, {""date"": ""05-05"", ""open"": 46.05, ""close"": 47.55, ""low"": 45.9, ""high"": 47.75, ""volume"": 4841163}, {""date"": ""05-06"", ""open"": 47.8, ""close"": 46.7, ""low"": 46.3, ""high"": 47.8, ""volume"": 1857843}, {""date"": ""05-07"", ""open"": 46.3, ""close"": 46.75, ""low"": 45.75, ""high"": 47.0, ""volume"": 2372494}, {""date"": ""05-08"", ""open"": 48.0, ""close"": 49.1, ""low"": 47.8, ""high"": 49.2, ""volume"": 6764715}, {""date"": ""05-11"", ""open"": 49.5, ""close"": 51.5, ""low"": 49.3, ""high"": 52.5, ""volume"": 9878160}, {""date"": ""05-12"", ""open"": 52.5, ""close"": 51.6, ""low"": 50.1, ""high"": 52.5, ""volume"": 4411045}, {""date"": ""05-13"", ""open"": 54.8, ""close"": 56.7, ""low"": 54.8, ""high"": 56.7, ""volume"": 19301812}, {""date"": ""05-14"", ""open"": 59.7, ""close"": 57.6, ""low"": 57.0, ""high"": 60.7, ""volume"": 22148482}, {""date"": ""05-15"", ""open"": 58.2, ""close"": 61.1, ""low"": 58.1, ""high"": 62.7, ""volume"": 17379825}, {""date"": ""05-18"", ""open"": 60.5, ""close"": 57.5, ""low"": 57.5, ""high"": 62.5, ""volume"": 16439082}, {""date"": ""05-19"", ""open"": 57.3, ""close"": 57.0, ""low"": 56.1, ""high"": 58.2, ""volume"": 8091392}, {""date"": ""05-20"", ""open"": 57.4, ""close"": 59.9, ""low"": 56.5, ""high"": 59.9, ""volume"": 9049467}, {""date"": ""05-21"", ""open"": 60.5, ""close"": 61.0, ""low"": 59.3, ""high"": 62.1, ""volume"": 11325494}, {""date"": ""05-22"", ""open"": 60.8, ""close"": 60.9, ""low"": 60.5, ""high"": 62.3, ""volume"": 6732586}, {""date"": ""05-25"", ""open"": 60.0, ""close"": 62.5, ""low"": 59.2, ""high"": 63.8, ""volume"": 15660751}, {""date"": ""05-26"", ""open"": 63.5, ""close"": 68.7, ""low"": 63.0, ""high"": 68.7, ""volume"": 17616256}, {""date"": ""05-27"", ""open"": 69.0, ""close"": 72.3, ""low"": 68.8, ""high"": 72.5, ""volume"": 26925912}, {""date"": ""05-28"", ""open"": 71.0, ""close"": 67.5, ""low"": 67.0, ""high"": 71.6, ""volume"": 17022287}]"
2026-05-28,電子零組件業,1582,信錦,114.5,123.0,3,4.09,-2.55,,6.91,113.0,111.24,101.24,"[{""date"": ""04-30"", ""open"": 91.2, ""close"": 88.6, ""low"": 88.5, ""high"": 91.5, ""volume"": 1914657}, {""date"": ""05-04"", ""open"": 89.4, ""close"": 94.0, ""low"": 88.7, ""high"": 97.4, ""volume"": 6340340}, {""date"": ""05-05"", ""open"": 93.3, ""close"": 93.5, ""low"": 92.5, ""high"": 94.7, ""volume"": 2378637}, {""date"": ""05-06"", ""open"": 93.7, ""close"": 90.6, ""low"": 88.8, ""high"": 94.0, ""volume"": 3803181}, {""date"": ""05-07"", ""open"": 88.0, ""close"": 88.7, ""low"": 86.8, ""high"": 90.4, ""volume"": 3398144}, {""date"": ""05-08"", ""open"": 88.5, ""close"": 87.8, ""low"": 86.7, ""high"": 90.4, ""volume"": 1992411}, {""date"": ""05-11"", ""open"": 88.5, ""close"": 89.5, ""low"": 87.7, ""high"": 89.8, ""volume"": 1613005}, {""date"": ""05-12"", ""open"": 91.0, ""close"": 89.8, ""low"": 89.7, ""high"": 92.8, ""volume"": 2274100}, {""date"": ""05-13"", ""open"": 89.8, ""close"": 92.0, ""low"": 87.9, ""high"": 94.2, ""volume"": 4927422}, {""date"": ""05-14"", ""open"": 93.8, ""close"": 97.8, ""low"": 93.2, ""high"": 99.8, ""volume"": 7042001}, {""date"": ""05-15"", ""open"": 100.5, ""close"": 99.4, ""low"": 98.9, ""high"": 107.0, ""volume"": 12572349}, {""date"": ""05-18"", ""open"": 99.4, ""close"": 106.5, ""low"": 97.9, ""high"": 109.0, ""volume"": 16188240}, {""date"": ""05-19"", ""open"": 106.5, ""close"": 117.0, ""low"": 106.0, ""high"": 117.0, ""volume"": 24767586}, {""date"": ""05-20"", ""open"": 114.0, ""close"": 107.0, ""low"": 106.5, ""high"": 118.5, ""volume"": 36668704}, {""date"": ""05-21"", ""open"": 117.0, ""close"": 117.5, ""low"": 115.0, ""high"": 117.5, ""volume"": 6152450}, {""date"": ""05-22"", ""open"": 119.0, ""close"": 115.0, ""low"": 112.5, ""high"": 120.5, ""volume"": 16233882}, {""date"": ""05-25"", ""open"": 119.5, ""close"": 114.0, ""low"": 113.0, ""high"": 123.0, ""volume"": 15242464}, {""date"": ""05-26"", ""open"": 115.5, ""close"": 111.5, ""low"": 108.5, ""high"": 116.5, ""volume"": 8592101}, {""date"": ""05-27"", ""open"": 113.0, ""close"": 110.0, ""low"": 109.0, ""high"": 114.5, ""volume"": 7166829}, {""date"": ""05-28"", ""open"": 110.5, ""close"": 114.5, ""low"": 110.0, ""high"": 121.0, ""volume"": 19304490}]"
2026-05-28,數位雲端,8487,愛爾達-創,80.8,86.8,57,-0.98,2.02,,6.91,81.12,79.91,78.73,"[{""date"": ""04-30"", ""open"": 77.5, ""close"": 77.1, ""low"": 76.7, ""high"": 77.9, ""volume"": 79003}, {""date"": ""05-04"", ""open"": 77.4, ""close"": 76.5, ""low"": 76.5, ""high"": 77.5, ""volume"": 59001}, {""date"": ""05-05"", ""open"": 76.7, ""close"": 76.1, ""low"": 76.1, ""high"": 76.7, ""volume"": 28000}, {""date"": ""05-06"", ""open"": 76.5, ""close"": 76.6, ""low"": 76.1, ""high"": 77.0, ""volume"": 27001}, {""date"": ""05-07"", ""open"": 78.5, ""close"": 78.9, ""low"": 77.0, ""high"": 80.5, ""volume"": 248032}, {""date"": ""05-08"", ""open"": 78.5, ""close"": 78.7, ""low"": 76.4, ""high"": 78.7, ""volume"": 101007}, {""date"": ""05-11"", ""open"": 78.7, ""close"": 77.8, ""low"": 76.9, ""high"": 78.7, ""volume"": 101131}, {""date"": ""05-12"", ""open"": 77.7, ""close"": 77.6, ""low"": 77.4, ""high"": 78.0, ""volume"": 25012}, {""date"": ""05-13"", ""open"": 79.9, ""close"": 78.0, ""low"": 78.0, ""high"": 79.9, ""volume"": 22000}, {""date"": ""05-14"", ""open"": 78.7, ""close"": 78.2, ""low"": 77.5, ""high"": 79.0, ""volume"": 75000}, {""date"": ""05-15"", ""open"": 77.8, ""close"": 78.2, ""low"": 77.8, ""high"": 78.8, ""volume"": 77000}, {""date"": ""05-18"", ""open"": 78.4, ""close"": 78.5, ""low"": 78.4, ""high"": 79.0, ""volume"": 34000}, {""date"": ""05-19"", ""open"": 78.7, ""close"": 78.6, ""low"": 78.5, ""high"": 78.8, ""volume"": 20000}, {""date"": ""05-20"", ""open"": 78.3, ""close"": 79.0, ""low"": 78.2, ""high"": 79.0, ""volume"": 16001}, {""date"": ""05-21"", ""open"": 79.0, ""close"": 79.2, ""low"": 79.0, ""high"": 79.2, ""volume"": 6000}, {""date"": ""05-22"", ""open"": 79.0, ""close"": 80.4, ""low"": 79.0, ""high"": 80.5, ""volume"": 41000}, {""date"": ""05-25"", ""open"": 80.4, ""close"": 81.1, ""low"": 80.4, ""high"": 81.7, ""volume"": 70000}, {""date"": ""05-26"", ""open"": 81.0, ""close"": 81.7, ""low"": 81.0, ""high"": 81.9, ""volume"": 51000}, {""date"": ""05-27"", ""open"": 81.7, ""close"": 81.6, ""low"": 81.6, ""high"": 82.8, ""volume"": 88050}, {""date"": ""05-28"", ""open"": 81.6, ""close"": 80.8, ""low"": 80.5, ""high"": 81.6, ""volume"": 53284}]"
2026-05-28,電子零組件業,3023,信邦,300.5,323.0,3,-3.69,-4.15,,6.97,311.4,305.65,301.58,"[{""date"": ""04-30"", ""open"": 288.0, ""close"": 283.5, ""low"": 282.5, ""high"": 293.5, ""volume"": 2669876}, {""date"": ""05-04"", ""open"": 292.5, ""close"": 288.5, ""low"": 285.5, ""high"": 293.0, ""volume"": 1401748}, {""date"": ""05-05"", ""open"": 288.5, ""close"": 289.0, ""low"": 285.0, ""high"": 292.5, ""volume"": 2473519}, {""date"": ""05-06"", ""open"": 296.5, ""close"": 305.5, ""low"": 295.0, ""high"": 306.0, ""volume"": 5039624}, {""date"": ""05-07"", ""open"": 310.0, ""close"": 310.0, ""low"": 306.0, ""high"": 316.0, ""volume"": 3430691}, {""date"": ""05-08"", ""open"": 306.0, ""close"": 302.5, ""low"": 298.0, ""high"": 307.0, ""volume"": 2143040}, {""date"": ""05-11"", ""open"": 302.0, ""close"": 302.0, ""low"": 293.0, ""high"": 302.5, ""volume"": 1481949}, {""date"": ""05-12"", ""open"": 305.5, ""close"": 301.5, ""low"": 297.5, ""high"": 311.0, ""volume"": 1950166}, {""date"": ""05-13"", ""open"": 296.5, ""close"": 299.5, ""low"": 294.0, ""high"": 300.0, ""volume"": 1296280}, {""date"": ""05-14"", ""open"": 302.0, ""close"": 293.0, ""low"": 290.0, ""high"": 303.5, ""volume"": 1546188}, {""date"": ""05-15"", ""open"": 295.0, ""close"": 281.0, ""low"": 279.5, ""high"": 295.0, ""volume"": 2234160}, {""date"": ""05-18"", ""open"": 284.0, ""close"": 294.0, ""low"": 278.0, ""high"": 294.0, ""volume"": 1814793}, {""date"": ""05-19"", ""open"": 295.0, ""close"": 307.5, ""low"": 294.5, ""high"": 314.0, ""volume"": 3805530}, {""date"": ""05-20"", ""open"": 314.0, ""close"": 303.5, ""low"": 303.0, ""high"": 319.0, ""volume"": 3859069}, {""date"": ""05-21"", ""open"": 309.0, ""close"": 313.5, ""low"": 306.0, ""high"": 314.5, ""volume"": 2114093}, {""date"": ""05-22"", ""open"": 317.0, ""close"": 314.5, ""low"": 314.0, ""high"": 322.0, ""volume"": 2173059}, {""date"": ""05-25"", ""open"": 321.5, ""close"": 314.0, ""low"": 312.5, ""high"": 323.0, ""volume"": 1619797}, {""date"": ""05-26"", ""open"": 315.5, ""close"": 316.0, ""low"": 310.5, ""high"": 319.5, ""volume"": 1150246}, {""date"": ""05-27"", ""open"": 320.0, ""close"": 312.0, ""low"": 310.5, ""high"": 320.0, ""volume"": 1206875}, {""date"": ""05-28"", ""open"": 317.0, ""close"": 300.5, ""low"": 300.0, ""high"": 317.0, ""volume"": 1175227}]"
2026-05-28,鋼鐵工業,2032,新鋼,17.9,19.25,2,-0.56,7.83,,7.01,17.66,17.03,16.77,"[{""date"": ""04-30"", ""open"": 16.55, ""close"": 16.0, ""low"": 15.9, ""high"": 16.55, ""volume"": 376119}, {""date"": ""05-04"", ""open"": 15.85, ""close"": 15.55, ""low"": 15.55, ""high"": 15.9, ""volume"": 288175}, {""date"": ""05-05"", ""open"": 15.55, ""close"": 15.35, ""low"": 15.3, ""high"": 15.55, ""volume"": 351024}, {""date"": ""05-06"", ""open"": 15.5, ""close"": 15.8, ""low"": 15.4, ""high"": 15.9, ""volume"": 447551}, {""date"": ""05-07"", ""open"": 16.25, ""close"": 16.75, ""low"": 16.15, ""high"": 16.75, ""volume"": 1443461}, {""date"": ""05-08"", ""open"": 17.1, ""close"": 16.55, ""low"": 16.35, ""high"": 17.1, ""volume"": 792098}, {""date"": ""05-11"", ""open"": 16.9, ""close"": 17.7, ""low"": 16.75, ""high"": 18.1, ""volume"": 3340307}, {""date"": ""05-12"", ""open"": 17.8, ""close"": 17.4, ""low"": 17.25, ""high"": 17.85, ""volume"": 961183}, {""date"": ""05-13"", ""open"": 17.3, ""close"": 17.15, ""low"": 16.9, ""high"": 17.45, ""volume"": 470200}, {""date"": ""05-14"", ""open"": 17.1, ""close"": 16.9, ""low"": 16.85, ""high"": 17.5, ""volume"": 466668}, {""date"": ""05-15"", ""open"": 17.2, ""close"": 16.55, ""low"": 16.45, ""high"": 17.2, ""volume"": 504810}, {""date"": ""05-18"", ""open"": 16.55, ""close"": 16.25, ""low"": 16.1, ""high"": 16.55, ""volume"": 573027}, {""date"": ""05-19"", ""open"": 16.3, ""close"": 16.25, ""low"": 16.15, ""high"": 16.45, ""volume"": 285568}, {""date"": ""05-20"", ""open"": 16.25, ""close"": 16.4, ""low"": 16.15, ""high"": 16.5, ""volume"": 387000}, {""date"": ""05-21"", ""open"": 16.5, ""close"": 16.6, ""low"": 16.3, ""high"": 16.6, ""volume"": 342122}, {""date"": ""05-22"", ""open"": 16.75, ""close"": 16.5, ""low"": 16.25, ""high"": 16.75, ""volume"": 403000}, {""date"": ""05-25"", ""open"": 16.55, ""close"": 18.15, ""low"": 16.5, ""high"": 18.15, ""volume"": 2990219}, {""date"": ""05-26"", ""open"": 19.0, ""close"": 17.75, ""low"": 17.6, ""high"": 19.25, ""volume"": 5301090}, {""date"": ""05-27"", ""open"": 17.8, ""close"": 18.0, ""low"": 17.65, ""high"": 18.6, ""volume"": 2380376}, {""date"": ""05-28"", ""open"": 18.15, ""close"": 17.9, ""low"": 17.8, ""high"": 18.45, ""volume"": 998744}]"
2026-05-28,電腦及週邊設備業,6831,邁科,790.0,850.0,1,-3.66,1.15,,7.06,801.6,769.9,672.82,"[{""date"": ""04-30"", ""open"": 470.0, ""close"": 474.5, ""low"": 470.0, ""high"": 496.5, ""volume"": 1486387}, {""date"": ""05-04"", ""open"": 474.5, ""close"": 473.0, ""low"": 468.0, ""high"": 486.0, ""volume"": 1128584}, {""date"": ""05-05"", ""open"": 472.0, ""close"": 520.0, ""low"": 468.0, ""high"": 520.0, ""volume"": 1598917}, {""date"": ""05-06"", ""open"": 535.0, ""close"": 561.0, ""low"": 490.0, ""high"": 569.0, ""volume"": 3137750}, {""date"": ""05-07"", ""open"": 590.0, ""close"": 559.0, ""low"": 550.0, ""high"": 594.0, ""volume"": 2273689}, {""date"": ""05-08"", ""open"": 535.0, ""close"": 540.0, ""low"": 527.0, ""high"": 573.0, ""volume"": 2598880}, {""date"": ""05-11"", ""open"": 543.0, ""close"": 594.0, ""low"": 537.0, ""high"": 594.0, ""volume"": 2115251}, {""date"": ""05-12"", ""open"": 600.0, ""close"": 626.0, ""low"": 600.0, ""high"": 650.0, ""volume"": 2083266}, {""date"": ""05-13"", ""open"": 640.0, ""close"": 688.0, ""low"": 638.0, ""high"": 688.0, ""volume"": 2732694}, {""date"": ""05-14"", ""open"": 733.0, ""close"": 722.0, ""low"": 709.0, ""high"": 755.0, ""volume"": 3813124}, {""date"": ""05-15"", ""open"": 745.0, ""close"": 725.0, ""low"": 700.0, ""high"": 745.0, ""volume"": 762647}, {""date"": ""05-18"", ""open"": 692.0, ""close"": 732.0, ""low"": 654.0, ""high"": 732.0, ""volume"": 715940}, {""date"": ""05-19"", ""open"": 728.0, ""close"": 733.0, ""low"": 709.0, ""high"": 737.0, ""volume"": 553341}, {""date"": ""05-20"", ""open"": 726.0, ""close"": 720.0, ""low"": 700.0, ""high"": 728.0, ""volume"": 639326}, {""date"": ""05-21"", ""open"": 729.0, ""close"": 781.0, ""low"": 727.0, ""high"": 792.0, ""volume"": 834559}, {""date"": ""05-22"", ""open"": 769.0, ""close"": 786.0, ""low"": 767.0, ""high"": 787.0, ""volume"": 432275}, {""date"": ""05-25"", ""open"": 790.0, ""close"": 792.0, ""low"": 780.0, ""high"": 795.0, ""volume"": 509964}, {""date"": ""05-26"", ""open"": 795.0, ""close"": 820.0, ""low"": 790.0, ""high"": 821.0, ""volume"": 391127}, {""date"": ""05-27"", ""open"": 850.0, ""close"": 820.0, ""low"": 797.0, ""high"": 850.0, ""volume"": 580152}, {""date"": ""05-28"", ""open"": 830.0, ""close"": 790.0, ""low"": 779.0, ""high"": 850.0, ""volume"": 360142}]"
2026-05-28,其他電子業,3305,昇貿,157.5,169.5,1,-1.56,13.31,,7.08,157.5,147.5,132.7,"[{""date"": ""04-30"", ""open"": 110.0, ""close"": 108.5, ""low"": 106.5, ""high"": 111.5, ""volume"": 2984306}, {""date"": ""05-04"", ""open"": 110.0, ""close"": 108.0, ""low"": 107.5, ""high"": 110.5, ""volume"": 1806725}, {""date"": ""05-05"", ""open"": 109.0, ""close"": 111.0, ""low"": 107.5, ""high"": 111.0, ""volume"": 1824191}, {""date"": ""05-06"", ""open"": 114.0, ""close"": 116.0, ""low"": 112.0, ""high"": 121.5, ""volume"": 9295876}, {""date"": ""05-07"", ""open"": 120.0, ""close"": 118.5, ""low"": 117.0, ""high"": 122.5, ""volume"": 9589885}, {""date"": ""05-08"", ""open"": 118.5, ""close"": 115.0, ""low"": 110.5, ""high"": 119.5, ""volume"": 5832056}, {""date"": ""05-11"", ""open"": 118.0, ""close"": 117.0, ""low"": 114.5, ""high"": 118.5, ""volume"": 3210820}, {""date"": ""05-12"", ""open"": 117.0, ""close"": 128.5, ""low"": 116.5, ""high"": 128.5, ""volume"": 22259056}, {""date"": ""05-13"", ""open"": 128.0, ""close"": 130.5, ""low"": 122.0, ""high"": 134.5, ""volume"": 27245194}, {""date"": ""05-14"", ""open"": 132.0, ""close"": 126.0, ""low"": 125.0, ""high"": 134.5, ""volume"": 14829442}, {""date"": ""05-15"", ""open"": 128.0, ""close"": 138.5, ""low"": 127.0, ""high"": 138.5, ""volume"": 20911051}, {""date"": ""05-18"", ""open"": 140.0, ""close"": 137.0, ""low"": 127.0, ""high"": 140.0, ""volume"": 27241108}, {""date"": ""05-19"", ""open"": 140.0, ""close"": 138.0, ""low"": 135.5, ""high"": 150.0, ""volume"": 33696605}, {""date"": ""05-20"", ""open"": 136.5, ""close"": 135.0, ""low"": 133.0, ""high"": 141.0, ""volume"": 12962155}, {""date"": ""05-21"", ""open"": 138.0, ""close"": 139.0, ""low"": 137.0, ""high"": 144.0, ""volume"": 11458639}, {""date"": ""05-22"", ""open"": 139.0, ""close"": 146.0, ""low"": 138.0, ""high"": 149.0, ""volume"": 12458854}, {""date"": ""05-25"", ""open"": 151.0, ""close"": 160.5, ""low"": 150.0, ""high"": 160.5, ""volume"": 13301051}, {""date"": ""05-26"", ""open"": 162.5, ""close"": 163.5, ""low"": 157.0, ""high"": 166.0, ""volume"": 16832499}, {""date"": ""05-27"", ""open"": 168.0, ""close"": 160.0, ""low"": 158.5, ""high"": 169.5, ""volume"": 11489173}, {""date"": ""05-28"", ""open"": 161.5, ""close"": 157.5, ""low"": 155.5, ""high"": 165.0, ""volume"": 8215787}]"
2026-05-28,其他,6655,科定,131.0,141.0,26,0.0,-0.76,,7.09,131.4,132.2,134.9,"[{""date"": ""04-30"", ""open"": 137.0, ""close"": 137.0, ""low"": 136.5, ""high"": 138.5, ""volume"": 11000}, {""date"": ""05-04"", ""open"": 136.5, ""close"": 137.0, ""low"": 136.5, ""high"": 137.0, ""volume"": 4000}, {""date"": ""05-05"", ""open"": 140.0, ""close"": 138.0, ""low"": 136.0, ""high"": 140.0, ""volume"": 7000}, {""date"": ""05-06"", ""open"": 138.5, ""close"": 137.5, ""low"": 135.5, ""high"": 138.5, ""volume"": 14000}, {""date"": ""05-07"", ""open"": 138.0, ""close"": 138.0, ""low"": 138.0, ""high"": 138.0, ""volume"": 4000}, {""date"": ""05-08"", ""open"": 138.5, ""close"": 138.5, ""low"": 138.5, ""high"": 138.5, ""volume"": 2000}, {""date"": ""05-11"", ""open"": 138.0, ""close"": 138.5, ""low"": 137.0, ""high"": 138.5, ""volume"": 6230}, {""date"": ""05-12"", ""open"": 139.5, ""close"": 138.0, ""low"": 136.5, ""high"": 139.5, ""volume"": 8000}, {""date"": ""05-13"", ""open"": 138.0, ""close"": 137.5, ""low"": 136.5, ""high"": 138.0, ""volume"": 9000}, {""date"": ""05-14"", ""open"": 137.0, ""close"": 136.0, ""low"": 136.0, ""high"": 137.0, ""volume"": 5000}, {""date"": ""05-15"", ""open"": 135.0, ""close"": 135.0, ""low"": 134.5, ""high"": 135.0, ""volume"": 5000}, {""date"": ""05-18"", ""open"": 137.5, ""close"": 133.0, ""low"": 132.5, ""high"": 137.5, ""volume"": 10000}, {""date"": ""05-19"", ""open"": 131.5, ""close"": 132.0, ""low"": 131.5, ""high"": 135.5, ""volume"": 16000}, {""date"": ""05-20"", ""open"": 133.0, ""close"": 133.0, ""low"": 133.0, ""high"": 133.0, ""volume"": 7000}, {""date"": ""05-21"", ""open"": 132.0, ""close"": 132.0, ""low"": 131.0, ""high"": 132.0, ""volume"": 8085}, {""date"": ""05-22"", ""open"": 130.0, ""close"": 132.5, ""low"": 130.0, ""high"": 132.5, ""volume"": 10000}, {""date"": ""05-25"", ""open"": 135.5, ""close"": 131.5, ""low"": 131.5, ""high"": 135.5, ""volume"": 12000}, {""date"": ""05-26"", ""open"": 131.5, ""close"": 131.0, ""low"": 130.0, ""high"": 134.5, ""volume"": 12000}, {""date"": ""05-27"", ""open"": 133.5, ""close"": 131.0, ""low"": 129.5, ""high"": 133.5, ""volume"": 15000}, {""date"": ""05-28"", ""open"": 131.0, ""close"": 131.0, ""low"": 131.0, ""high"": 131.0, ""volume"": 3949}]"
2026-05-28,金融保險,2886,兆豐金,39.95,43.0,186,1.27,-0.62,,7.09,39.64,39.83,39.65,"[{""date"": ""04-30"", ""open"": 39.35, ""close"": 39.1, ""low"": 39.1, ""high"": 39.95, ""volume"": 31844610}, {""date"": ""05-04"", ""open"": 39.6, ""close"": 39.0, ""low"": 39.0, ""high"": 39.6, ""volume"": 22014115}, {""date"": ""05-05"", ""open"": 39.0, ""close"": 39.1, ""low"": 38.7, ""high"": 39.3, ""volume"": 11185938}, {""date"": ""05-06"", ""open"": 39.4, ""close"": 39.55, ""low"": 39.15, ""high"": 39.7, ""volume"": 16493684}, {""date"": ""05-07"", ""open"": 39.4, ""close"": 39.65, ""low"": 39.4, ""high"": 40.0, ""volume"": 19825732}, {""date"": ""05-08"", ""open"": 40.0, ""close"": 40.2, ""low"": 39.65, ""high"": 40.2, ""volume"": 20973307}, {""date"": ""05-11"", ""open"": 40.2, ""close"": 40.1, ""low"": 40.0, ""high"": 40.5, ""volume"": 20184808}, {""date"": ""05-12"", ""open"": 40.1, ""close"": 39.2, ""low"": 39.2, ""high"": 40.1, ""volume"": 23118287}, {""date"": ""05-13"", ""open"": 39.35, ""close"": 39.55, ""low"": 39.1, ""high"": 39.8, ""volume"": 18165656}, {""date"": ""05-14"", ""open"": 39.25, ""close"": 39.3, ""low"": 39.25, ""high"": 39.65, ""volume"": 14253283}, {""date"": ""05-15"", ""open"": 39.6, ""close"": 39.4, ""low"": 39.35, ""high"": 40.0, ""volume"": 14453194}, {""date"": ""05-18"", ""open"": 39.8, ""close"": 39.55, ""low"": 39.4, ""high"": 39.85, ""volume"": 28083157}, {""date"": ""05-19"", ""open"": 39.65, ""close"": 40.65, ""low"": 39.65, ""high"": 41.4, ""volume"": 57031611}, {""date"": ""05-20"", ""open"": 41.0, ""close"": 40.3, ""low"": 40.1, ""high"": 41.0, ""volume"": 37022894}, {""date"": ""05-21"", ""open"": 40.3, ""close"": 40.2, ""low"": 40.05, ""high"": 40.5, ""volume"": 26180304}, {""date"": ""05-22"", ""open"": 40.1, ""close"": 39.9, ""low"": 39.9, ""high"": 40.3, ""volume"": 28754621}, {""date"": ""05-25"", ""open"": 39.9, ""close"": 39.5, ""low"": 39.5, ""high"": 39.9, ""volume"": 34120544}, {""date"": ""05-26"", ""open"": 39.5, ""close"": 39.4, ""low"": 39.4, ""high"": 40.05, ""volume"": 31406525}, {""date"": ""05-27"", ""open"": 39.6, ""close"": 39.45, ""low"": 39.4, ""high"": 39.95, ""volume"": 29099152}, {""date"": ""05-28"", ""open"": 39.8, ""close"": 39.95, ""low"": 39.5, ""high"": 40.25, ""volume"": 20919671}]"
2026-05-28,半導體業,2344,華邦電,144.0,155.0,1,-7.1,26.32,,7.1,138.7,130.05,120.45,"[{""date"": ""04-30"", ""open"": 94.2, ""close"": 89.8, ""low"": 88.8, ""high"": 94.6, ""volume"": 114844011}, {""date"": ""05-04"", ""open"": 91.9, ""close"": 95.4, ""low"": 91.1, ""high"": 98.4, ""volume"": 196983547}, {""date"": ""05-05"", ""open"": 96.8, ""close"": 98.8, ""low"": 96.6, ""high"": 100.5, ""volume"": 194835806}, {""date"": ""05-06"", ""open"": 108.5, ""close"": 108.5, ""low"": 104.0, ""high"": 108.5, ""volume"": 238452458}, {""date"": ""05-07"", ""open"": 113.0, ""close"": 114.0, ""low"": 106.5, ""high"": 117.0, ""volume"": 336211456}, {""date"": ""05-08"", ""open"": 111.0, ""close"": 107.0, ""low"": 103.5, ""high"": 115.0, ""volume"": 172404054}, {""date"": ""05-11"", ""open"": 115.0, ""close"": 117.5, ""low"": 113.0, ""high"": 117.5, ""volume"": 160199413}, {""date"": ""05-12"", ""open"": 118.5, ""close"": 121.5, ""low"": 116.0, ""high"": 123.5, ""volume"": 314987398}, {""date"": ""05-13"", ""open"": 117.0, ""close"": 122.0, ""low"": 115.0, ""high"": 122.0, ""volume"": 132008605}, {""date"": ""05-14"", ""open"": 127.0, ""close"": 134.0, ""low"": 124.5, ""high"": 134.0, ""volume"": 415035169}, {""date"": ""05-15"", ""open"": 132.5, ""close"": 129.5, ""low"": 127.5, ""high"": 136.5, ""volume"": 346042628}, {""date"": ""05-18"", ""open"": 126.0, ""close"": 130.5, ""low"": 119.0, ""high"": 134.0, ""volume"": 191092652}, {""date"": ""05-19"", ""open"": 125.0, ""close"": 117.5, ""low"": 117.5, ""high"": 127.0, ""volume"": 182547420}, {""date"": ""05-20"", ""open"": 117.5, ""close"": 115.5, ""low"": 112.0, ""high"": 119.0, ""volume"": 149555448}, {""date"": ""05-21"", ""open"": 120.0, ""close"": 114.0, ""low"": 113.5, ""high"": 122.5, ""volume"": 208024328}, {""date"": ""05-22"", ""open"": 116.5, ""close"": 125.0, ""low"": 115.5, ""high"": 125.0, ""volume"": 190947918}, {""date"": ""05-25"", ""open"": 120.5, ""close"": 128.5, ""low"": 119.0, ""high"": 133.0, ""volume"": 355151055}, {""date"": ""05-26"", ""open"": 133.5, ""close"": 141.0, ""low"": 133.0, ""high"": 141.0, ""volume"": 331776431}, {""date"": ""05-27"", ""open"": 155.0, ""close"": 155.0, ""low"": 146.0, ""high"": 155.0, ""volume"": 435175038}, {""date"": ""05-28"", ""open"": 151.0, ""close"": 144.0, ""low"": 143.0, ""high"": 156.5, ""volume"": 307302540}]"
2026-05-28,電腦及週邊設備業,2399,映泰,47.55,51.2,2,-0.94,10.07,,7.13,48.0,45.95,45.3,"[{""date"": ""04-30"", ""open"": 42.7, ""close"": 42.45, ""low"": 41.7, ""high"": 43.4, ""volume"": 20028692}, {""date"": ""05-04"", ""open"": 42.75, ""close"": 43.75, ""low"": 42.2, ""high"": 43.8, ""volume"": 24521757}, {""date"": ""05-05"", ""open"": 43.0, ""close"": 43.1, ""low"": 42.75, ""high"": 44.7, ""volume"": 13535611}, {""date"": ""05-06"", ""open"": 43.5, ""close"": 44.8, ""low"": 43.4, ""high"": 47.0, ""volume"": 39418064}, {""date"": ""05-07"", ""open"": 44.8, ""close"": 43.5, ""low"": 42.7, ""high"": 44.8, ""volume"": 19104777}, {""date"": ""05-08"", ""open"": 43.2, ""close"": 42.3, ""low"": 42.1, ""high"": 44.55, ""volume"": 14455965}, {""date"": ""05-11"", ""open"": 42.3, ""close"": 44.8, ""low"": 41.4, ""high"": 45.4, ""volume"": 25557705}, {""date"": ""05-12"", ""open"": 45.0, ""close"": 46.45, ""low"": 44.1, ""high"": 46.6, ""volume"": 26600769}, {""date"": ""05-13"", ""open"": 45.7, ""close"": 48.15, ""low"": 45.2, ""high"": 48.8, ""volume"": 25813936}, {""date"": ""05-14"", ""open"": 49.0, ""close"": 47.2, ""low"": 45.9, ""high"": 49.5, ""volume"": 26971666}, {""date"": ""05-15"", ""open"": 47.2, ""close"": 45.45, ""low"": 44.6, ""high"": 47.2, ""volume"": 13135322}, {""date"": ""05-18"", ""open"": 45.05, ""close"": 45.6, ""low"": 43.6, ""high"": 46.2, ""volume"": 8976571}, {""date"": ""05-19"", ""open"": 45.2, ""close"": 43.0, ""low"": 42.85, ""high"": 45.5, ""volume"": 10610382}, {""date"": ""05-20"", ""open"": 43.2, ""close"": 42.2, ""low"": 41.8, ""high"": 43.4, ""volume"": 6008157}, {""date"": ""05-21"", ""open"": 43.3, ""close"": 43.2, ""low"": 42.85, ""high"": 44.5, ""volume"": 6313206}, {""date"": ""05-22"", ""open"": 44.2, ""close"": 46.55, ""low"": 43.85, ""high"": 46.8, ""volume"": 16706958}, {""date"": ""05-25"", ""open"": 47.1, ""close"": 47.4, ""low"": 46.05, ""high"": 49.5, ""volume"": 14300658}, {""date"": ""05-26"", ""open"": 48.2, ""close"": 50.5, ""low"": 46.2, ""high"": 51.2, ""volume"": 28460291}, {""date"": ""05-27"", ""open"": 50.8, ""close"": 48.0, ""low"": 47.7, ""high"": 50.8, ""volume"": 16330621}, {""date"": ""05-28"", ""open"": 48.45, ""close"": 47.55, ""low"": 46.95, ""high"": 49.35, ""volume"": 7224196}]"
2026-05-28,半導體業,8081,致新,280.0,301.5,1,-2.78,2.19,,7.13,285.3,276.2,267.8,"[{""date"": ""04-30"", ""open"": 250.0, ""close"": 251.5, ""low"": 248.0, ""high"": 258.0, ""volume"": 785500}, {""date"": ""05-04"", ""open"": 256.5, ""close"": 259.0, ""low"": 252.5, ""high"": 259.5, ""volume"": 969041}, {""date"": ""05-05"", ""open"": 257.5, ""close"": 266.0, ""low"": 256.5, ""high"": 272.0, ""volume"": 1580622}, {""date"": ""05-06"", ""open"": 268.0, ""close"": 265.0, ""low"": 262.5, ""high"": 271.0, ""volume"": 1156216}, {""date"": ""05-07"", ""open"": 262.5, ""close"": 257.5, ""low"": 254.0, ""high"": 263.0, ""volume"": 1501428}, {""date"": ""05-08"", ""open"": 257.5, ""close"": 253.5, ""low"": 251.0, ""high"": 262.5, ""volume"": 1471416}, {""date"": ""05-11"", ""open"": 254.5, ""close"": 264.0, ""low"": 252.5, ""high"": 268.0, ""volume"": 1448399}, {""date"": ""05-12"", ""open"": 267.0, ""close"": 260.0, ""low"": 259.0, ""high"": 268.0, ""volume"": 1165063}, {""date"": ""05-13"", ""open"": 257.5, ""close"": 256.5, ""low"": 252.5, ""high"": 262.0, ""volume"": 1011092}, {""date"": ""05-14"", ""open"": 259.5, ""close"": 261.0, ""low"": 257.5, ""high"": 265.0, ""volume"": 1034250}, {""date"": ""05-15"", ""open"": 264.0, ""close"": 255.5, ""low"": 254.5, ""high"": 264.5, ""volume"": 849128}, {""date"": ""05-18"", ""open"": 253.0, ""close"": 270.0, ""low"": 251.0, ""high"": 272.5, ""volume"": 1875506}, {""date"": ""05-19"", ""open"": 274.0, ""close"": 264.0, ""low"": 262.5, ""high"": 277.0, ""volume"": 3929111}, {""date"": ""05-20"", ""open"": 262.5, ""close"": 272.0, ""low"": 262.5, ""high"": 283.5, ""volume"": 3145374}, {""date"": ""05-21"", ""open"": 276.5, ""close"": 274.0, ""low"": 272.0, ""high"": 283.0, ""volume"": 1889504}, {""date"": ""05-22"", ""open"": 275.5, ""close"": 279.5, ""low"": 272.0, ""high"": 281.0, ""volume"": 1470383}, {""date"": ""05-25"", ""open"": 285.0, ""close"": 288.0, ""low"": 283.0, ""high"": 293.0, ""volume"": 2153586}, {""date"": ""05-26"", ""open"": 292.5, ""close"": 291.0, ""low"": 288.0, ""high"": 297.0, ""volume"": 1857355}, {""date"": ""05-27"", ""open"": 295.0, ""close"": 288.0, ""low"": 284.0, ""high"": 301.5, ""volume"": 1947164}, {""date"": ""05-28"", ""open"": 289.0, ""close"": 280.0, ""low"": 278.5, ""high"": 290.0, ""volume"": 1057172}]"
2026-05-28,其他電子業,6192,巨路,126.0,136.0,10,-1.18,-3.82,,7.35,129.6,128.25,126.25,"[{""date"": ""04-30"", ""open"": 117.0, ""close"": 115.5, ""low"": 114.0, ""high"": 117.0, ""volume"": 231104}, {""date"": ""05-04"", ""open"": 115.5, ""close"": 117.0, ""low"": 115.5, ""high"": 118.0, ""volume"": 183010}, {""date"": ""05-05"", ""open"": 117.0, ""close"": 122.0, ""low"": 116.5, ""high"": 123.0, ""volume"": 542002}, {""date"": ""05-06"", ""open"": 122.0, ""close"": 120.5, ""low"": 118.0, ""high"": 122.0, ""volume"": 333040}, {""date"": ""05-07"", ""open"": 121.0, ""close"": 121.5, ""low"": 120.0, ""high"": 122.5, ""volume"": 267000}, {""date"": ""05-08"", ""open"": 121.5, ""close"": 124.0, ""low"": 121.5, ""high"": 126.5, ""volume"": 777400}, {""date"": ""05-11"", ""open"": 125.0, ""close"": 128.0, ""low"": 125.0, ""high"": 129.0, ""volume"": 782946}, {""date"": ""05-12"", ""open"": 129.0, ""close"": 132.0, ""low"": 127.5, ""high"": 133.0, ""volume"": 588391}, {""date"": ""05-13"", ""open"": 130.5, ""close"": 128.5, ""low"": 127.0, ""high"": 131.0, ""volume"": 358300}, {""date"": ""05-14"", ""open"": 129.5, ""close"": 133.5, ""low"": 126.5, ""high"": 136.0, ""volume"": 954361}, {""date"": ""05-15"", ""open"": 134.5, ""close"": 126.5, ""low"": 126.0, ""high"": 134.5, ""volume"": 586574}, {""date"": ""05-18"", ""open"": 126.0, ""close"": 127.0, ""low"": 125.5, ""high"": 129.5, ""volume"": 279456}, {""date"": ""05-19"", ""open"": 127.0, ""close"": 124.0, ""low"": 122.5, ""high"": 127.0, ""volume"": 284790}, {""date"": ""05-20"", ""open"": 124.0, ""close"": 126.0, ""low"": 124.0, ""high"": 126.5, ""volume"": 188040}, {""date"": ""05-21"", ""open"": 127.0, ""close"": 131.0, ""low"": 127.0, ""high"": 131.5, ""volume"": 594526}, {""date"": ""05-22"", ""open"": 130.5, ""close"": 132.0, ""low"": 128.5, ""high"": 132.0, ""volume"": 367117}, {""date"": ""05-25"", ""open"": 132.0, ""close"": 131.0, ""low"": 130.0, ""high"": 134.0, ""volume"": 413000}, {""date"": ""05-26"", ""open"": 131.0, ""close"": 131.5, ""low"": 129.5, ""high"": 132.5, ""volume"": 371899}, {""date"": ""05-27"", ""open"": 132.0, ""close"": 127.5, ""low"": 126.0, ""high"": 133.0, ""volume"": 600166}, {""date"": ""05-28"", ""open"": 128.0, ""close"": 126.0, ""low"": 125.5, ""high"": 129.5, ""volume"": 295796}]"
2026-05-28,鋼鐵工業,2027,大成鋼,41.45,44.75,2,-2.36,-2.13,,7.37,42.2,41.38,40.08,"[{""date"": ""04-30"", ""open"": 38.55, ""close"": 37.7, ""low"": 37.6, ""high"": 38.7, ""volume"": 19903052}, {""date"": ""05-04"", ""open"": 38.15, ""close"": 37.7, ""low"": 37.6, ""high"": 38.15, ""volume"": 10379009}, {""date"": ""05-05"", ""open"": 37.85, ""close"": 37.75, ""low"": 37.45, ""high"": 38.1, ""volume"": 10340366}, {""date"": ""05-06"", ""open"": 38.05, ""close"": 38.45, ""low"": 37.75, ""high"": 38.75, ""volume"": 30906499}, {""date"": ""05-07"", ""open"": 38.55, ""close"": 39.1, ""low"": 38.25, ""high"": 39.2, ""volume"": 30330065}, {""date"": ""05-08"", ""open"": 39.1, ""close"": 39.6, ""low"": 38.65, ""high"": 39.8, ""volume"": 33164603}, {""date"": ""05-11"", ""open"": 40.0, ""close"": 39.95, ""low"": 39.5, ""high"": 40.45, ""volume"": 29884931}, {""date"": ""05-12"", ""open"": 40.2, ""close"": 39.7, ""low"": 39.4, ""high"": 40.25, ""volume"": 23719219}, {""date"": ""05-13"", ""open"": 39.05, ""close"": 38.1, ""low"": 37.6, ""high"": 39.05, ""volume"": 40804025}, {""date"": ""05-14"", ""open"": 38.25, ""close"": 39.8, ""low"": 38.1, ""high"": 40.5, ""volume"": 57225469}, {""date"": ""05-15"", ""open"": 40.05, ""close"": 39.85, ""low"": 39.75, ""high"": 41.2, ""volume"": 47497471}, {""date"": ""05-18"", ""open"": 39.5, ""close"": 39.4, ""low"": 39.25, ""high"": 41.0, ""volume"": 37305172}, {""date"": ""05-19"", ""open"": 39.5, ""close"": 40.0, ""low"": 39.35, ""high"": 40.35, ""volume"": 25833520}, {""date"": ""05-20"", ""open"": 40.3, ""close"": 41.15, ""low"": 40.25, ""high"": 41.95, ""volume"": 46681907}, {""date"": ""05-21"", ""open"": 41.35, ""close"": 42.35, ""low"": 40.85, ""high"": 42.45, ""volume"": 34630176}, {""date"": ""05-22"", ""open"": 42.5, ""close"": 41.95, ""low"": 41.75, ""high"": 42.9, ""volume"": 24165631}, {""date"": ""05-25"", ""open"": 42.5, ""close"": 43.8, ""low"": 42.5, ""high"": 44.35, ""volume"": 37326274}, {""date"": ""05-26"", ""open"": 44.3, ""close"": 41.35, ""low"": 41.35, ""high"": 44.75, ""volume"": 36883410}, {""date"": ""05-27"", ""open"": 41.5, ""close"": 42.45, ""low"": 41.05, ""high"": 43.25, ""volume"": 27032596}, {""date"": ""05-28"", ""open"": 42.55, ""close"": 41.45, ""low"": 41.4, ""high"": 43.15, ""volume"": 14951197}]"
2026-05-28,電機機械,1537,廣隆,125.0,135.0,185,-0.4,-0.4,,7.41,125.4,125.4,124.62,"[{""date"": ""04-30"", ""open"": 122.5, ""close"": 123.0, ""low"": 122.0, ""high"": 123.5, ""volume"": 86089}, {""date"": ""05-04"", ""open"": 122.5, ""close"": 122.0, ""low"": 122.0, ""high"": 122.5, ""volume"": 110168}, {""date"": ""05-05"", ""open"": 122.0, ""close"": 122.0, ""low"": 121.5, ""high"": 123.0, ""volume"": 91025}, {""date"": ""05-06"", ""open"": 123.0, ""close"": 123.0, ""low"": 122.0, ""high"": 123.0, ""volume"": 55025}, {""date"": ""05-07"", ""open"": 122.5, ""close"": 123.0, ""low"": 122.0, ""high"": 123.0, ""volume"": 76100}, {""date"": ""05-08"", ""open"": 123.0, ""close"": 122.5, ""low"": 122.5, ""high"": 123.0, ""volume"": 93000}, {""date"": ""05-11"", ""open"": 123.0, ""close"": 125.5, ""low"": 123.0, ""high"": 126.0, ""volume"": 362155}, {""date"": ""05-12"", ""open"": 125.5, ""close"": 125.0, ""low"": 124.5, ""high"": 125.5, ""volume"": 103000}, {""date"": ""05-13"", ""open"": 124.0, ""close"": 126.5, ""low"": 123.5, ""high"": 126.5, ""volume"": 138050}, {""date"": ""05-14"", ""open"": 126.5, ""close"": 126.0, ""low"": 126.0, ""high"": 126.5, ""volume"": 104000}, {""date"": ""05-15"", ""open"": 125.0, ""close"": 125.5, ""low"": 125.0, ""high"": 126.5, ""volume"": 110000}, {""date"": ""05-18"", ""open"": 125.5, ""close"": 125.5, ""low"": 124.5, ""high"": 126.0, ""volume"": 77040}, {""date"": ""05-19"", ""open"": 125.5, ""close"": 126.0, ""low"": 125.0, ""high"": 126.0, ""volume"": 43010}, {""date"": ""05-20"", ""open"": 126.0, ""close"": 124.5, ""low"": 124.5, ""high"": 126.0, ""volume"": 48109}, {""date"": ""05-21"", ""open"": 124.5, ""close"": 125.5, ""low"": 124.5, ""high"": 125.5, ""volume"": 42252}, {""date"": ""05-22"", ""open"": 125.0, ""close"": 125.5, ""low"": 124.5, ""high"": 125.5, ""volume"": 62018}, {""date"": ""05-25"", ""open"": 125.5, ""close"": 125.5, ""low"": 124.5, ""high"": 126.0, ""volume"": 112053}, {""date"": ""05-26"", ""open"": 125.5, ""close"": 125.5, ""low"": 125.0, ""high"": 126.0, ""volume"": 84000}, {""date"": ""05-27"", ""open"": 125.5, ""close"": 125.5, ""low"": 124.0, ""high"": 126.0, ""volume"": 116001}, {""date"": ""05-28"", ""open"": 125.5, ""close"": 125.0, ""low"": 124.5, ""high"": 126.0, ""volume"": 62253}]"
2026-05-28,半導體業,3711,日月光投控,619.0,669.0,1,-3.58,21.37,,7.47,610.0,556.5,542.8,"[{""date"": ""04-30"", ""open"": 490.5, ""close"": 478.0, ""low"": 478.0, ""high"": 512.0, ""volume"": 35678381}, {""date"": ""05-04"", ""open"": 497.0, ""close"": 525.0, ""low"": 497.0, ""high"": 525.0, ""volume"": 26384377}, {""date"": ""05-05"", ""open"": 525.0, ""close"": 520.0, ""low"": 519.0, ""high"": 544.0, ""volume"": 36440062}, {""date"": ""05-06"", ""open"": 541.0, ""close"": 524.0, ""low"": 514.0, ""high"": 544.0, ""volume"": 30251038}, {""date"": ""05-07"", ""open"": 548.0, ""close"": 540.0, ""low"": 534.0, ""high"": 558.0, ""volume"": 24011832}, {""date"": ""05-08"", ""open"": 524.0, ""close"": 516.0, ""low"": 511.0, ""high"": 529.0, ""volume"": 22065126}, {""date"": ""05-11"", ""open"": 526.0, ""close"": 537.0, ""low"": 513.0, ""high"": 546.0, ""volume"": 20929873}, {""date"": ""05-12"", ""open"": 537.0, ""close"": 555.0, ""low"": 533.0, ""high"": 579.0, ""volume"": 30004153}, {""date"": ""05-13"", ""open"": 535.0, ""close"": 548.0, ""low"": 534.0, ""high"": 557.0, ""volume"": 20739465}, {""date"": ""05-14"", ""open"": 555.0, ""close"": 548.0, ""low"": 548.0, ""high"": 564.0, ""volume"": 13869448}, {""date"": ""05-15"", ""open"": 555.0, ""close"": 547.0, ""low"": 537.0, ""high"": 564.0, ""volume"": 18235215}, {""date"": ""05-18"", ""open"": 529.0, ""close"": 510.0, ""low"": 500.0, ""high"": 529.0, ""volume"": 24692257}, {""date"": ""05-19"", ""open"": 490.0, ""close"": 472.0, ""low"": 472.0, ""high"": 495.5, ""volume"": 34699090}, {""date"": ""05-20"", ""open"": 465.0, ""close"": 476.0, ""low"": 465.0, ""high"": 481.5, ""volume"": 25163348}, {""date"": ""05-21"", ""open"": 499.0, ""close"": 510.0, ""low"": 496.5, ""high"": 511.0, ""volume"": 17919143}, {""date"": ""05-22"", ""open"": 535.0, ""close"": 561.0, ""low"": 524.0, ""high"": 561.0, ""volume"": 29731074}, {""date"": ""05-25"", ""open"": 598.0, ""close"": 617.0, ""low"": 584.0, ""high"": 617.0, ""volume"": 25678273}, {""date"": ""05-26"", ""open"": 636.0, ""close"": 611.0, ""low"": 590.0, ""high"": 636.0, ""volume"": 37776122}, {""date"": ""05-27"", ""open"": 641.0, ""close"": 642.0, ""low"": 626.0, ""high"": 669.0, ""volume"": 28399018}, {""date"": ""05-28"", ""open"": 626.0, ""close"": 619.0, ""low"": 618.0, ""high"": 668.0, ""volume"": 26571381}]"
2026-05-28,建材營造,2548,華固,122.5,132.5,23,0.82,-0.81,,7.55,122.1,123.45,124.08,"[{""date"": ""04-30"", ""open"": 128.0, ""close"": 126.0, ""low"": 125.0, ""high"": 128.0, ""volume"": 1497184}, {""date"": ""05-04"", ""open"": 126.0, ""close"": 123.0, ""low"": 121.0, ""high"": 126.0, ""volume"": 2565839}, {""date"": ""05-05"", ""open"": 123.0, ""close"": 121.0, ""low"": 120.5, ""high"": 123.0, ""volume"": 1957546}, {""date"": ""05-06"", ""open"": 122.0, ""close"": 125.0, ""low"": 122.0, ""high"": 125.0, ""volume"": 2436198}, {""date"": ""05-07"", ""open"": 125.5, ""close"": 124.5, ""low"": 124.0, ""high"": 127.0, ""volume"": 2486465}, {""date"": ""05-08"", ""open"": 125.0, ""close"": 123.5, ""low"": 122.0, ""high"": 125.5, ""volume"": 2323287}, {""date"": ""05-11"", ""open"": 123.5, ""close"": 129.5, ""low"": 123.5, ""high"": 129.5, ""volume"": 2761885}, {""date"": ""05-12"", ""open"": 130.0, ""close"": 123.5, ""low"": 123.0, ""high"": 130.0, ""volume"": 2551153}, {""date"": ""05-13"", ""open"": 124.5, ""close"": 124.5, ""low"": 123.5, ""high"": 125.5, ""volume"": 1166913}, {""date"": ""05-14"", ""open"": 125.0, ""close"": 126.5, ""low"": 124.5, ""high"": 128.0, ""volume"": 1408631}, {""date"": ""05-15"", ""open"": 126.5, ""close"": 126.5, ""low"": 126.0, ""high"": 127.5, ""volume"": 1279766}, {""date"": ""05-18"", ""open"": 126.5, ""close"": 126.0, ""low"": 125.5, ""high"": 128.0, ""volume"": 2720496}, {""date"": ""05-19"", ""open"": 125.5, ""close"": 124.5, ""low"": 124.5, ""high"": 126.5, ""volume"": 1398269}, {""date"": ""05-20"", ""open"": 124.5, ""close"": 123.5, ""low"": 123.0, ""high"": 125.0, ""volume"": 1486124}, {""date"": ""05-21"", ""open"": 124.0, ""close"": 123.5, ""low"": 123.5, ""high"": 125.0, ""volume"": 1212817}, {""date"": ""05-22"", ""open"": 123.5, ""close"": 123.5, ""low"": 122.5, ""high"": 123.5, ""volume"": 1746360}, {""date"": ""05-25"", ""open"": 123.5, ""close"": 122.0, ""low"": 121.0, ""high"": 123.5, ""volume"": 2548966}, {""date"": ""05-26"", ""open"": 122.0, ""close"": 121.0, ""low"": 119.5, ""high"": 122.0, ""volume"": 3216821}, {""date"": ""05-27"", ""open"": 121.0, ""close"": 121.5, ""low"": 120.5, ""high"": 123.5, ""volume"": 2275442}, {""date"": ""05-28"", ""open"": 121.5, ""close"": 122.5, ""low"": 120.0, ""high"": 123.0, ""volume"": 2071353}]"
2026-05-28,電腦及週邊設備業,2395,研華,490.0,530.0,1,-3.73,5.72,,7.55,495.3,478.35,458.35,"[{""date"": ""04-30"", ""open"": 367.0, ""close"": 359.5, ""low"": 357.5, ""high"": 369.5, ""volume"": 3000131}, {""date"": ""05-04"", ""open"": 369.0, ""close"": 395.0, ""low"": 364.5, ""high"": 395.0, ""volume"": 8213039}, {""date"": ""05-05"", ""open"": 391.0, ""close"": 396.5, ""low"": 388.0, ""high"": 403.5, ""volume"": 5125857}, {""date"": ""05-06"", ""open"": 400.5, ""close"": 409.5, ""low"": 399.0, ""high"": 415.0, ""volume"": 6028364}, {""date"": ""05-07"", ""open"": 445.0, ""close"": 444.0, ""low"": 423.5, ""high"": 450.0, ""volume"": 8937078}, {""date"": ""05-08"", ""open"": 450.0, ""close"": 476.5, ""low"": 449.5, ""high"": 488.0, ""volume"": 10182805}, {""date"": ""05-11"", ""open"": 483.0, ""close"": 478.5, ""low"": 463.0, ""high"": 486.0, ""volume"": 4711853}, {""date"": ""05-12"", ""open"": 487.0, ""close"": 494.5, ""low"": 484.0, ""high"": 500.0, ""volume"": 6022324}, {""date"": ""05-13"", ""open"": 477.5, ""close"": 464.5, ""low"": 459.5, ""high"": 480.5, ""volume"": 4735378}, {""date"": ""05-14"", ""open"": 461.0, ""close"": 465.0, ""low"": 456.5, ""high"": 471.0, ""volume"": 4785099}, {""date"": ""05-15"", ""open"": 480.5, ""close"": 459.5, ""low"": 458.5, ""high"": 494.5, ""volume"": 4787813}, {""date"": ""05-18"", ""open"": 451.0, ""close"": 457.5, ""low"": 439.0, ""high"": 462.0, ""volume"": 4058406}, {""date"": ""05-19"", ""open"": 463.0, ""close"": 461.5, ""low"": 457.5, ""high"": 477.0, ""volume"": 4076492}, {""date"": ""05-20"", ""open"": 462.0, ""close"": 465.0, ""low"": 457.5, ""high"": 471.0, ""volume"": 3170536}, {""date"": ""05-21"", ""open"": 475.0, ""close"": 463.5, ""low"": 462.0, ""high"": 479.5, ""volume"": 3830651}, {""date"": ""05-22"", ""open"": 467.0, ""close"": 469.0, ""low"": 458.5, ""high"": 472.5, ""volume"": 4918895}, {""date"": ""05-25"", ""open"": 499.0, ""close"": 498.5, ""low"": 490.5, ""high"": 510.0, ""volume"": 4904573}, {""date"": ""05-26"", ""open"": 498.5, ""close"": 510.0, ""low"": 485.5, ""high"": 511.0, ""volume"": 3966779}, {""date"": ""05-27"", ""open"": 507.0, ""close"": 509.0, ""low"": 503.0, ""high"": 530.0, ""volume"": 4387171}, {""date"": ""05-28"", ""open"": 509.0, ""close"": 490.0, ""low"": 489.5, ""high"": 523.0, ""volume"": 3194021}]"
2026-05-28,半導體業,3532,台勝科,292.5,316.5,1,0.69,29.42,,7.58,280.9,248.1,245.08,"[{""date"": ""04-30"", ""open"": 190.5, ""close"": 189.0, ""low"": 188.0, ""high"": 199.5, ""volume"": 8046792}, {""date"": ""05-04"", ""open"": 192.5, ""close"": 207.5, ""low"": 191.5, ""high"": 207.5, ""volume"": 4776449}, {""date"": ""05-05"", ""open"": 209.5, ""close"": 228.0, ""low"": 207.0, ""high"": 228.0, ""volume"": 7873361}, {""date"": ""05-06"", ""open"": 242.0, ""close"": 250.5, ""low"": 214.0, ""high"": 250.5, ""volume"": 16448878}, {""date"": ""05-07"", ""open"": 250.5, ""close"": 263.0, ""low"": 246.0, ""high"": 273.0, ""volume"": 16822115}, {""date"": ""05-08"", ""open"": 260.0, ""close"": 257.5, ""low"": 250.0, ""high"": 271.0, ""volume"": 13728149}, {""date"": ""05-11"", ""open"": 255.0, ""close"": 268.0, ""low"": 255.0, ""high"": 269.5, ""volume"": 941562}, {""date"": ""05-12"", ""open"": 269.0, ""close"": 264.5, ""low"": 260.0, ""high"": 269.0, ""volume"": 665217}, {""date"": ""05-13"", ""open"": 259.0, ""close"": 246.5, ""low"": 240.5, ""high"": 259.0, ""volume"": 813603}, {""date"": ""05-14"", ""open"": 248.0, ""close"": 246.0, ""low"": 245.0, ""high"": 250.0, ""volume"": 691624}, {""date"": ""05-15"", ""open"": 236.5, ""close"": 221.5, ""low"": 221.5, ""high"": 236.5, ""volume"": 1124600}, {""date"": ""05-18"", ""open"": 212.0, ""close"": 221.5, ""low"": 199.5, ""high"": 221.5, ""volume"": 1057789}, {""date"": ""05-19"", ""open"": 218.0, ""close"": 202.0, ""low"": 202.0, ""high"": 218.5, ""volume"": 936402}, {""date"": ""05-20"", ""open"": 210.0, ""close"": 205.5, ""low"": 202.5, ""high"": 210.0, ""volume"": 671061}, {""date"": ""05-21"", ""open"": 226.0, ""close"": 226.0, ""low"": 222.0, ""high"": 226.0, ""volume"": 921136}, {""date"": ""05-22"", ""open"": 235.0, ""close"": 248.5, ""low"": 235.0, ""high"": 248.5, ""volume"": 1312715}, {""date"": ""05-25"", ""open"": 273.0, ""close"": 273.0, ""low"": 265.0, ""high"": 273.0, ""volume"": 4393429}, {""date"": ""05-26"", ""open"": 297.0, ""close"": 300.0, ""low"": 293.5, ""high"": 300.0, ""volume"": 3532343}, {""date"": ""05-27"", ""open"": 299.5, ""close"": 290.5, ""low"": 280.0, ""high"": 316.5, ""volume"": 10523148}, {""date"": ""05-28"", ""open"": 290.5, ""close"": 292.5, ""low"": 281.0, ""high"": 316.5, ""volume"": 9402247}]"
2026-05-28,電子通路業,3028,增你強,81.6,88.3,6,0.25,-2.04,,7.59,81.64,81.76,77.98,"[{""date"": ""04-30"", ""open"": 70.6, ""close"": 68.3, ""low"": 68.1, ""high"": 71.6, ""volume"": 5686092}, {""date"": ""05-04"", ""open"": 68.3, ""close"": 69.4, ""low"": 66.3, ""high"": 69.5, ""volume"": 4083101}, {""date"": ""05-05"", ""open"": 69.4, ""close"": 69.6, ""low"": 69.0, ""high"": 71.3, ""volume"": 2757952}, {""date"": ""05-06"", ""open"": 72.2, ""close"": 76.5, ""low"": 72.0, ""high"": 76.5, ""volume"": 6595443}, {""date"": ""05-07"", ""open"": 81.1, ""close"": 76.0, ""low"": 74.6, ""high"": 81.5, ""volume"": 13134363}, {""date"": ""05-08"", ""open"": 76.2, ""close"": 79.8, ""low"": 75.0, ""high"": 81.5, ""volume"": 9208510}, {""date"": ""05-11"", ""open"": 81.5, ""close"": 75.5, ""low"": 75.3, ""high"": 84.4, ""volume"": 14075898}, {""date"": ""05-12"", ""open"": 76.5, ""close"": 74.8, ""low"": 73.6, ""high"": 76.8, ""volume"": 6048900}, {""date"": ""05-13"", ""open"": 74.0, ""close"": 73.3, ""low"": 72.3, ""high"": 74.7, ""volume"": 3121383}, {""date"": ""05-14"", ""open"": 75.8, ""close"": 78.8, ""low"": 75.8, ""high"": 79.4, ""volume"": 7825496}, {""date"": ""05-15"", ""open"": 79.0, ""close"": 78.7, ""low"": 75.4, ""high"": 79.4, ""volume"": 6409882}, {""date"": ""05-18"", ""open"": 79.2, ""close"": 81.2, ""low"": 78.4, ""high"": 83.8, ""volume"": 9758453}, {""date"": ""05-19"", ""open"": 81.2, ""close"": 81.8, ""low"": 80.2, ""high"": 83.0, ""volume"": 4879217}, {""date"": ""05-20"", ""open"": 82.9, ""close"": 84.4, ""low"": 82.6, ""high"": 88.3, ""volume"": 10855859}, {""date"": ""05-21"", ""open"": 86.0, ""close"": 83.3, ""low"": 83.2, ""high"": 86.5, ""volume"": 5411382}, {""date"": ""05-22"", ""open"": 84.2, ""close"": 82.3, ""low"": 81.9, ""high"": 86.2, ""volume"": 5570358}, {""date"": ""05-25"", ""open"": 83.0, ""close"": 81.3, ""low"": 79.7, ""high"": 83.4, ""volume"": 5343584}, {""date"": ""05-26"", ""open"": 81.5, ""close"": 81.6, ""low"": 80.9, ""high"": 83.3, ""volume"": 3072551}, {""date"": ""05-27"", ""open"": 84.2, ""close"": 81.4, ""low"": 80.3, ""high"": 85.4, ""volume"": 4806850}, {""date"": ""05-28"", ""open"": 82.1, ""close"": 81.6, ""low"": 81.0, ""high"": 84.1, ""volume"": 3489183}]"
2026-05-28,電腦及週邊設備業,2324,仁寶,33.7,36.48,158,0.9,11.04,,7.62,33.37,30.95,30.38,"[{""date"": ""04-30"", ""open"": 29.45, ""close"": 29.0, ""low"": 29.0, ""high"": 29.55, ""volume"": 24317085}, {""date"": ""05-04"", ""open"": 29.3, ""close"": 29.2, ""low"": 28.85, ""high"": 29.45, ""volume"": 15527943}, {""date"": ""05-05"", ""open"": 29.25, ""close"": 29.3, ""low"": 29.1, ""high"": 29.45, ""volume"": 15687168}, {""date"": ""05-06"", ""open"": 29.5, ""close"": 29.2, ""low"": 28.75, ""high"": 29.5, ""volume"": 42414588}, {""date"": ""05-07"", ""open"": 29.3, ""close"": 29.45, ""low"": 29.0, ""high"": 29.5, ""volume"": 49123041}, {""date"": ""05-08"", ""open"": 29.9, ""close"": 29.65, ""low"": 29.15, ""high"": 30.25, ""volume"": 59716546}, {""date"": ""05-11"", ""open"": 29.9, ""close"": 30.8, ""low"": 29.25, ""high"": 31.1, ""volume"": 81113316}, {""date"": ""05-12"", ""open"": 30.7, ""close"": 29.9, ""low"": 29.3, ""high"": 30.75, ""volume"": 50775104}, {""date"": ""05-13"", ""open"": 29.4, ""close"": 31.3, ""low"": 29.4, ""high"": 31.75, ""volume"": 116067165}, {""date"": ""05-14"", ""open"": 31.6, ""close"": 30.25, ""low"": 30.15, ""high"": 31.8, ""volume"": 52517601}, {""date"": ""05-15"", ""open"": 29.8, ""close"": 28.65, ""low"": 28.4, ""high"": 29.9, ""volume"": 118733148}, {""date"": ""05-18"", ""open"": 28.5, ""close"": 28.25, ""low"": 27.8, ""high"": 28.5, ""volume"": 55912721}, {""date"": ""05-19"", ""open"": 28.5, ""close"": 27.8, ""low"": 27.7, ""high"": 28.85, ""volume"": 65690015}, {""date"": ""05-20"", ""open"": 27.6, ""close"": 27.6, ""low"": 27.5, ""high"": 27.9, ""volume"": 39470514}, {""date"": ""05-21"", ""open"": 27.9, ""close"": 30.35, ""low"": 27.9, ""high"": 30.35, ""volume"": 113500515}, {""date"": ""05-22"", ""open"": 30.95, ""close"": 31.5, ""low"": 30.5, ""high"": 32.2, ""volume"": 199122130}, {""date"": ""05-25"", ""open"": 33.5, ""close"": 34.65, ""low"": 33.3, ""high"": 34.65, ""volume"": 278743696}, {""date"": ""05-26"", ""open"": 35.95, ""close"": 33.6, ""low"": 32.8, ""high"": 35.95, ""volume"": 237637844}, {""date"": ""05-27"", ""open"": 33.9, ""close"": 33.4, ""low"": 32.55, ""high"": 34.15, ""volume"": 115926525}, {""date"": ""05-28"", ""open"": 33.5, ""close"": 33.7, ""low"": 33.05, ""high"": 35.4, ""volume"": 107395283}]"
2026-05-28,電腦及週邊設備業,2356,英業達,64.2,69.5,2,3.55,18.67,,7.63,62.74,57.5,53.4,"[{""date"": ""04-30"", ""open"": 46.45, ""close"": 45.9, ""low"": 45.8, ""high"": 46.65, ""volume"": 15057849}, {""date"": ""05-04"", ""open"": 46.65, ""close"": 46.5, ""low"": 45.85, ""high"": 46.7, ""volume"": 14141348}, {""date"": ""05-05"", ""open"": 46.7, ""close"": 46.95, ""low"": 46.3, ""high"": 47.0, ""volume"": 12614127}, {""date"": ""05-06"", ""open"": 47.3, ""close"": 49.2, ""low"": 47.15, ""high"": 49.45, ""volume"": 44433354}, {""date"": ""05-07"", ""open"": 49.55, ""close"": 49.95, ""low"": 48.5, ""high"": 50.6, ""volume"": 41843012}, {""date"": ""05-08"", ""open"": 50.0, ""close"": 49.55, ""low"": 48.85, ""high"": 51.0, ""volume"": 37076607}, {""date"": ""05-11"", ""open"": 50.3, ""close"": 50.2, ""low"": 49.1, ""high"": 50.5, ""volume"": 30272298}, {""date"": ""05-12"", ""open"": 50.4, ""close"": 48.7, ""low"": 47.75, ""high"": 50.4, ""volume"": 28789079}, {""date"": ""05-13"", ""open"": 48.65, ""close"": 52.8, ""low"": 48.4, ""high"": 53.5, ""volume"": 138561016}, {""date"": ""05-14"", ""open"": 53.5, ""close"": 53.2, ""low"": 51.6, ""high"": 53.9, ""volume"": 79798602}, {""date"": ""05-15"", ""open"": 54.4, ""close"": 52.2, ""low"": 51.9, ""high"": 55.3, ""volume"": 50902933}, {""date"": ""05-18"", ""open"": 52.5, ""close"": 51.9, ""low"": 50.1, ""high"": 52.5, ""volume"": 27643523}, {""date"": ""05-19"", ""open"": 51.7, ""close"": 51.7, ""low"": 51.2, ""high"": 53.3, ""volume"": 31795658}, {""date"": ""05-20"", ""open"": 52.6, ""close"": 51.4, ""low"": 50.4, ""high"": 52.7, ""volume"": 35016689}, {""date"": ""05-21"", ""open"": 52.4, ""close"": 54.1, ""low"": 51.9, ""high"": 54.2, ""volume"": 52394910}, {""date"": ""05-22"", ""open"": 56.8, ""close"": 59.5, ""low"": 54.8, ""high"": 59.5, ""volume"": 122076259}, {""date"": ""05-25"", ""open"": 65.4, ""close"": 65.4, ""low"": 62.9, ""high"": 65.4, ""volume"": 134294148}, {""date"": ""05-26"", ""open"": 69.0, ""close"": 62.6, ""low"": 61.5, ""high"": 69.5, ""volume"": 190179518}, {""date"": ""05-27"", ""open"": 63.7, ""close"": 62.0, ""low"": 60.8, ""high"": 63.7, ""volume"": 78780447}, {""date"": ""05-28"", ""open"": 62.0, ""close"": 64.2, ""low"": 61.3, ""high"": 67.3, ""volume"": 115675294}]"
2026-05-28,電器電纜,1604,聲寶,23.2,25.12,236,-0.64,0.0,,7.64,23.26,23.17,22.99,"[{""date"": ""04-30"", ""open"": 23.1, ""close"": 22.9, ""low"": 22.9, ""high"": 23.1, ""volume"": 144712}, {""date"": ""05-04"", ""open"": 22.9, ""close"": 22.8, ""low"": 22.75, ""high"": 22.9, ""volume"": 376468}, {""date"": ""05-05"", ""open"": 22.8, ""close"": 22.8, ""low"": 22.75, ""high"": 22.85, ""volume"": 284079}, {""date"": ""05-06"", ""open"": 22.85, ""close"": 22.8, ""low"": 22.7, ""high"": 22.85, ""volume"": 358569}, {""date"": ""05-07"", ""open"": 22.75, ""close"": 22.85, ""low"": 22.7, ""high"": 22.85, ""volume"": 330061}, {""date"": ""05-08"", ""open"": 22.9, ""close"": 22.75, ""low"": 22.7, ""high"": 22.9, ""volume"": 300148}, {""date"": ""05-11"", ""open"": 22.75, ""close"": 22.8, ""low"": 22.7, ""high"": 22.8, ""volume"": 395197}, {""date"": ""05-12"", ""open"": 22.9, ""close"": 22.8, ""low"": 22.7, ""high"": 23.0, ""volume"": 453478}, {""date"": ""05-13"", ""open"": 22.8, ""close"": 22.9, ""low"": 22.7, ""high"": 22.95, ""volume"": 439647}, {""date"": ""05-14"", ""open"": 22.9, ""close"": 22.85, ""low"": 22.8, ""high"": 23.15, ""volume"": 312157}, {""date"": ""05-15"", ""open"": 23.0, ""close"": 22.8, ""low"": 22.75, ""high"": 23.0, ""volume"": 318286}, {""date"": ""05-18"", ""open"": 22.8, ""close"": 23.1, ""low"": 22.7, ""high"": 23.1, ""volume"": 282962}, {""date"": ""05-19"", ""open"": 23.1, ""close"": 23.15, ""low"": 22.95, ""high"": 23.15, ""volume"": 241325}, {""date"": ""05-20"", ""open"": 23.15, ""close"": 23.1, ""low"": 22.95, ""high"": 23.15, ""volume"": 246983}, {""date"": ""05-21"", ""open"": 23.05, ""close"": 23.2, ""low"": 23.0, ""high"": 23.2, ""volume"": 380001}, {""date"": ""05-22"", ""open"": 23.1, ""close"": 23.2, ""low"": 22.9, ""high"": 23.3, ""volume"": 356272}, {""date"": ""05-25"", ""open"": 23.2, ""close"": 23.2, ""low"": 22.9, ""high"": 23.2, ""volume"": 549136}, {""date"": ""05-26"", ""open"": 23.2, ""close"": 23.35, ""low"": 23.0, ""high"": 23.35, ""volume"": 366426}, {""date"": ""05-27"", ""open"": 23.3, ""close"": 23.35, ""low"": 23.05, ""high"": 23.35, ""volume"": 435648}, {""date"": ""05-28"", ""open"": 23.4, ""close"": 23.2, ""low"": 23.1, ""high"": 23.5, ""volume"": 280409}]"
2026-05-28,光電業,2426,鼎元,82.0,88.8,3,5.4,8.45,,7.66,79.88,73.41,70.6,"[{""date"": ""04-30"", ""open"": 62.52, ""close"": 57.23, ""low"": 55.93, ""high"": 64.62, ""volume"": 63455167}, {""date"": ""05-04"", ""open"": 58.83, ""close"": 62.92, ""low"": 55.13, ""high"": 62.92, ""volume"": 25118658}, {""date"": ""05-05"", ""open"": 69.22, ""close"": 69.22, ""low"": 68.72, ""high"": 69.22, ""volume"": 5951069}, {""date"": ""05-06"", ""open"": 76.11, ""close"": 76.11, ""low"": 66.52, ""high"": 76.11, ""volume"": 58520980}, {""date"": ""05-07"", ""open"": 74.71, ""close"": 73.91, ""low"": 72.91, ""high"": 78.51, ""volume"": 48566081}, {""date"": ""05-08"", ""open"": 70.12, ""close"": 67.42, ""low"": 66.82, ""high"": 72.51, ""volume"": 6091487}, {""date"": ""05-11"", ""open"": 62.03, ""close"": 66.62, ""low"": 62.03, ""high"": 67.92, ""volume"": 3939904}, {""date"": ""05-12"", ""open"": 69.92, ""close"": 69.82, ""low"": 66.72, ""high"": 70.12, ""volume"": 2972868}, {""date"": ""05-13"", ""open"": 69.22, ""close"": 67.92, ""low"": 67.92, ""high"": 69.22, ""volume"": 1684537}, {""date"": ""05-14"", ""open"": 68.32, ""close"": 66.72, ""low"": 66.72, ""high"": 70.12, ""volume"": 1209394}, {""date"": ""05-15"", ""open"": 60.93, ""close"": 61.83, ""low"": 60.93, ""high"": 64.92, ""volume"": 2599780}, {""date"": ""05-18"", ""open"": 60.13, ""close"": 63.72, ""low"": 57.83, ""high"": 64.12, ""volume"": 3891884}, {""date"": ""05-19"", ""open"": 64.92, ""close"": 64.72, ""low"": 64.12, ""high"": 65.72, ""volume"": 1582187}, {""date"": ""05-20"", ""open"": 66.92, ""close"": 68.82, ""low"": 66.92, ""high"": 68.92, ""volume"": 1816175}, {""date"": ""05-21"", ""open"": 69.92, ""close"": 75.61, ""low"": 69.92, ""high"": 75.61, ""volume"": 4077465}, {""date"": ""05-22"", ""open"": 78.51, ""close"": 83.1, ""low"": 75.61, ""high"": 83.1, ""volume"": 18877520}, {""date"": ""05-25"", ""open"": 83.2, ""close"": 78.2, ""low"": 78.0, ""high"": 88.8, ""volume"": 38150982}, {""date"": ""05-26"", ""open"": 80.6, ""close"": 78.3, ""low"": 77.1, ""high"": 82.3, ""volume"": 15481420}, {""date"": ""05-27"", ""open"": 79.9, ""close"": 77.8, ""low"": 73.5, ""high"": 81.4, ""volume"": 19247405}, {""date"": ""05-28"", ""open"": 78.9, ""close"": 82.0, ""low"": 78.9, ""high"": 85.5, ""volume"": 31261253}]"
2026-05-28,半導體業,3006,晶豪科,241.0,261.0,9,0.0,8.56,,7.66,236.0,236.35,219.15,"[{""date"": ""04-30"", ""open"": 179.5, ""close"": 169.5, ""low"": 168.5, ""high"": 186.0, ""volume"": 26511550}, {""date"": ""05-04"", ""open"": 176.0, ""close"": 173.0, ""low"": 166.5, ""high"": 177.5, ""volume"": 25577652}, {""date"": ""05-05"", ""open"": 174.0, ""close"": 182.0, ""low"": 172.5, ""high"": 185.0, ""volume"": 24695498}, {""date"": ""05-06"", ""open"": 200.0, ""close"": 200.0, ""low"": 193.0, ""high"": 200.0, ""volume"": 33053095}, {""date"": ""05-07"", ""open"": 205.0, ""close"": 196.5, ""low"": 192.0, ""high"": 210.0, ""volume"": 49288301}, {""date"": ""05-08"", ""open"": 196.5, ""close"": 202.0, ""low"": 194.5, ""high"": 215.0, ""volume"": 43014517}, {""date"": ""05-11"", ""open"": 214.0, ""close"": 222.0, ""low"": 211.5, ""high"": 222.0, ""volume"": 26333476}, {""date"": ""05-12"", ""open"": 227.0, ""close"": 220.0, ""low"": 210.0, ""high"": 227.5, ""volume"": 40504924}, {""date"": ""05-13"", ""open"": 217.5, ""close"": 216.5, ""low"": 211.5, ""high"": 221.0, ""volume"": 13785075}, {""date"": ""05-14"", ""open"": 230.0, ""close"": 238.0, ""low"": 229.5, ""high"": 238.0, ""volume"": 20062090}, {""date"": ""05-15"", ""open"": 238.0, ""close"": 251.0, ""low"": 233.5, ""high"": 261.0, ""volume"": 41698675}, {""date"": ""05-18"", ""open"": 243.0, ""close"": 252.0, ""low"": 228.5, ""high"": 252.5, ""volume"": 24472546}, {""date"": ""05-19"", ""open"": 261.0, ""close"": 236.0, ""low"": 233.0, ""high"": 261.0, ""volume"": 35962427}, {""date"": ""05-20"", ""open"": 236.5, ""close"": 222.5, ""low"": 216.0, ""high"": 241.0, ""volume"": 32599397}, {""date"": ""05-21"", ""open"": 232.0, ""close"": 222.0, ""low"": 219.0, ""high"": 237.0, ""volume"": 27633841}, {""date"": ""05-22"", ""open"": 225.0, ""close"": 237.5, ""low"": 224.0, ""high"": 244.0, ""volume"": 29371062}, {""date"": ""05-25"", ""open"": 237.5, ""close"": 229.0, ""low"": 221.0, ""high"": 237.5, ""volume"": 29366880}, {""date"": ""05-26"", ""open"": 231.0, ""close"": 231.5, ""low"": 226.0, ""high"": 240.0, ""volume"": 22838944}, {""date"": ""05-27"", ""open"": 252.0, ""close"": 241.0, ""low"": 238.0, ""high"": 254.5, ""volume"": 30259179}, {""date"": ""05-28"", ""open"": 243.0, ""close"": 241.0, ""low"": 236.0, ""high"": 253.0, ""volume"": 25256675}]"
2026-05-28,半導體業,2481,強茂,149.0,161.5,1,1.02,12.45,,7.74,142.2,135.8,121.31,"[{""date"": ""04-30"", ""open"": 102.0, ""close"": 101.0, ""low"": 100.0, ""high"": 105.5, ""volume"": 17382703}, {""date"": ""05-04"", ""open"": 102.5, ""close"": 99.7, ""low"": 99.6, ""high"": 103.0, ""volume"": 10332391}, {""date"": ""05-05"", ""open"": 100.0, ""close"": 102.0, ""low"": 99.3, ""high"": 102.5, ""volume"": 12029217}, {""date"": ""05-06"", ""open"": 103.5, ""close"": 101.5, ""low"": 101.0, ""high"": 107.0, ""volume"": 22933908}, {""date"": ""05-07"", ""open"": 102.5, ""close"": 103.5, ""low"": 101.5, ""high"": 105.5, ""volume"": 18183854}, {""date"": ""05-08"", ""open"": 103.0, ""close"": 99.5, ""low"": 98.5, ""high"": 104.5, ""volume"": 14896009}, {""date"": ""05-11"", ""open"": 101.5, ""close"": 109.0, ""low"": 101.5, ""high"": 109.0, ""volume"": 32321878}, {""date"": ""05-12"", ""open"": 113.0, ""close"": 115.5, ""low"": 112.0, ""high"": 118.5, ""volume"": 61227925}, {""date"": ""05-13"", ""open"": 115.0, ""close"": 121.0, ""low"": 113.0, ""high"": 122.0, ""volume"": 66975067}, {""date"": ""05-14"", ""open"": 130.5, ""close"": 115.5, ""low"": 114.5, ""high"": 133.0, ""volume"": 73160218}, {""date"": ""05-15"", ""open"": 118.0, ""close"": 117.5, ""low"": 114.0, ""high"": 124.5, ""volume"": 46650491}, {""date"": ""05-18"", ""open"": 115.5, ""close"": 129.0, ""low"": 111.5, ""high"": 129.0, ""volume"": 42512093}, {""date"": ""05-19"", ""open"": 130.0, ""close"": 135.0, ""low"": 126.5, ""high"": 140.5, ""volume"": 98043656}, {""date"": ""05-20"", ""open"": 137.0, ""close"": 133.0, ""low"": 128.5, ""high"": 138.0, ""volume"": 59319197}, {""date"": ""05-21"", ""open"": 136.5, ""close"": 132.5, ""low"": 129.5, ""high"": 140.5, ""volume"": 65846790}, {""date"": ""05-22"", ""open"": 134.0, ""close"": 133.5, ""low"": 130.5, ""high"": 141.0, ""volume"": 49787008}, {""date"": ""05-25"", ""open"": 135.5, ""close"": 134.0, ""low"": 133.0, ""high"": 142.5, ""volume"": 50883370}, {""date"": ""05-26"", ""open"": 137.0, ""close"": 147.0, ""low"": 135.5, ""high"": 147.0, ""volume"": 51979144}, {""date"": ""05-27"", ""open"": 157.5, ""close"": 147.5, ""low"": 143.0, ""high"": 161.5, ""volume"": 71392724}, {""date"": ""05-28"", ""open"": 146.5, ""close"": 149.0, ""low"": 143.0, ""high"": 160.5, ""volume"": 78254438}]"
2026-05-28,半導體業,2338,光罩,55.6,60.3,2,-1.07,5.3,,7.79,55.74,52.76,51.26,"[{""date"": ""04-30"", ""open"": 47.8, ""close"": 47.0, ""low"": 46.6, ""high"": 48.75, ""volume"": 2961195}, {""date"": ""05-04"", ""open"": 48.05, ""close"": 47.75, ""low"": 47.1, ""high"": 48.4, ""volume"": 2172970}, {""date"": ""05-05"", ""open"": 48.1, ""close"": 50.5, ""low"": 47.85, ""high"": 51.5, ""volume"": 7709404}, {""date"": ""05-06"", ""open"": 50.8, ""close"": 49.4, ""low"": 48.5, ""high"": 51.0, ""volume"": 5356283}, {""date"": ""05-07"", ""open"": 50.9, ""close"": 54.3, ""low"": 50.8, ""high"": 54.3, ""volume"": 17721169}, {""date"": ""05-08"", ""open"": 54.0, ""close"": 51.5, ""low"": 50.2, ""high"": 57.0, ""volume"": 22804042}, {""date"": ""05-11"", ""open"": 51.5, ""close"": 50.0, ""low"": 49.65, ""high"": 51.8, ""volume"": 7577768}, {""date"": ""05-12"", ""open"": 50.6, ""close"": 50.5, ""low"": 50.0, ""high"": 51.9, ""volume"": 6561589}, {""date"": ""05-13"", ""open"": 50.0, ""close"": 48.6, ""low"": 48.05, ""high"": 50.0, ""volume"": 4672808}, {""date"": ""05-14"", ""open"": 49.0, ""close"": 48.15, ""low"": 47.8, ""high"": 49.55, ""volume"": 3999588}, {""date"": ""05-15"", ""open"": 48.35, ""close"": 47.9, ""low"": 47.15, ""high"": 49.2, ""volume"": 4409657}, {""date"": ""05-18"", ""open"": 47.65, ""close"": 49.65, ""low"": 45.45, ""high"": 49.85, ""volume"": 4321917}, {""date"": ""05-19"", ""open"": 49.5, ""close"": 48.65, ""low"": 48.5, ""high"": 50.4, ""volume"": 3556834}, {""date"": ""05-20"", ""open"": 49.5, ""close"": 49.85, ""low"": 48.2, ""high"": 50.6, ""volume"": 3876474}, {""date"": ""05-21"", ""open"": 50.6, ""close"": 52.8, ""low"": 50.5, ""high"": 53.8, ""volume"": 10600453}, {""date"": ""05-22"", ""open"": 53.0, ""close"": 54.4, ""low"": 52.6, ""high"": 54.8, ""volume"": 9214268}, {""date"": ""05-25"", ""open"": 55.2, ""close"": 57.1, ""low"": 53.5, ""high"": 58.5, ""volume"": 16361944}, {""date"": ""05-26"", ""open"": 59.1, ""close"": 55.4, ""low"": 55.1, ""high"": 60.3, ""volume"": 15585285}, {""date"": ""05-27"", ""open"": 56.9, ""close"": 56.2, ""low"": 54.8, ""high"": 57.4, ""volume"": 8438739}, {""date"": ""05-28"", ""open"": 56.9, ""close"": 55.6, ""low"": 55.3, ""high"": 61.4, ""volume"": 13422847}]"
2026-05-28,光電業,3356,奇偶,62.3,67.6,3,-3.26,1.63,,7.84,64.12,62.47,60.0,"[{""date"": ""04-30"", ""open"": 52.7, ""close"": 54.0, ""low"": 52.6, ""high"": 54.2, ""volume"": 1011485}, {""date"": ""05-04"", ""open"": 55.3, ""close"": 54.2, ""low"": 54.0, ""high"": 55.9, ""volume"": 1412992}, {""date"": ""05-05"", ""open"": 54.3, ""close"": 57.2, ""low"": 54.2, ""high"": 57.6, ""volume"": 1812966}, {""date"": ""05-06"", ""open"": 57.5, ""close"": 55.1, ""low"": 55.0, ""high"": 57.6, ""volume"": 1635941}, {""date"": ""05-07"", ""open"": 55.5, ""close"": 56.1, ""low"": 55.2, ""high"": 56.8, ""volume"": 925974}, {""date"": ""05-08"", ""open"": 56.1, ""close"": 55.1, ""low"": 54.2, ""high"": 56.6, ""volume"": 690016}, {""date"": ""05-11"", ""open"": 54.8, ""close"": 59.7, ""low"": 54.3, ""high"": 59.9, ""volume"": 3120411}, {""date"": ""05-12"", ""open"": 61.5, ""close"": 60.9, ""low"": 60.1, ""high"": 62.3, ""volume"": 3401837}, {""date"": ""05-13"", ""open"": 61.0, ""close"": 60.3, ""low"": 59.6, ""high"": 61.5, ""volume"": 1362861}, {""date"": ""05-14"", ""open"": 60.3, ""close"": 62.7, ""low"": 60.3, ""high"": 63.2, ""volume"": 2409466}, {""date"": ""05-15"", ""open"": 62.7, ""close"": 60.9, ""low"": 60.6, ""high"": 63.5, ""volume"": 1687502}, {""date"": ""05-18"", ""open"": 61.7, ""close"": 61.5, ""low"": 60.3, ""high"": 62.5, ""volume"": 1124570}, {""date"": ""05-19"", ""open"": 61.5, ""close"": 60.3, ""low"": 59.9, ""high"": 61.5, ""volume"": 1019150}, {""date"": ""05-20"", ""open"": 59.8, ""close"": 60.1, ""low"": 59.8, ""high"": 60.8, ""volume"": 572144}, {""date"": ""05-21"", ""open"": 60.9, ""close"": 61.3, ""low"": 60.2, ""high"": 61.3, ""volume"": 832384}, {""date"": ""05-22"", ""open"": 62.9, ""close"": 63.3, ""low"": 62.6, ""high"": 64.6, ""volume"": 2061797}, {""date"": ""05-25"", ""open"": 65.8, ""close"": 65.3, ""low"": 64.0, ""high"": 67.6, ""volume"": 2333646}, {""date"": ""05-26"", ""open"": 65.5, ""close"": 65.3, ""low"": 64.2, ""high"": 66.3, ""volume"": 1336920}, {""date"": ""05-27"", ""open"": 65.9, ""close"": 64.4, ""low"": 64.0, ""high"": 65.9, ""volume"": 956343}, {""date"": ""05-28"", ""open"": 64.5, ""close"": 62.3, ""low"": 62.2, ""high"": 65.6, ""volume"": 1034850}]"
2026-05-28,電腦及週邊設備業,5215,科嘉-KY,46.9,50.9,10,-0.42,4.8,,7.86,46.66,45.64,42.8,"[{""date"": ""04-30"", ""open"": 38.0, ""close"": 37.4, ""low"": 37.05, ""high"": 38.0, ""volume"": 59000}, {""date"": ""05-04"", ""open"": 37.5, ""close"": 37.4, ""low"": 37.35, ""high"": 37.6, ""volume"": 64000}, {""date"": ""05-05"", ""open"": 37.4, ""close"": 37.6, ""low"": 37.4, ""high"": 37.95, ""volume"": 21000}, {""date"": ""05-06"", ""open"": 37.6, ""close"": 37.95, ""low"": 37.5, ""high"": 38.2, ""volume"": 73501}, {""date"": ""05-07"", ""open"": 37.95, ""close"": 39.15, ""low"": 37.95, ""high"": 39.95, ""volume"": 128000}, {""date"": ""05-08"", ""open"": 39.15, ""close"": 38.35, ""low"": 38.0, ""high"": 39.6, ""volume"": 146000}, {""date"": ""05-11"", ""open"": 38.35, ""close"": 38.3, ""low"": 37.5, ""high"": 38.9, ""volume"": 67000}, {""date"": ""05-12"", ""open"": 41.95, ""close"": 42.1, ""low"": 41.05, ""high"": 42.1, ""volume"": 458000}, {""date"": ""05-13"", ""open"": 45.35, ""close"": 46.3, ""low"": 44.05, ""high"": 46.3, ""volume"": 1488060}, {""date"": ""05-14"", ""open"": 50.9, ""close"": 45.0, ""low"": 43.8, ""high"": 50.9, ""volume"": 3474177}, {""date"": ""05-15"", ""open"": 45.05, ""close"": 43.3, ""low"": 43.0, ""high"": 45.95, ""volume"": 858077}, {""date"": ""05-18"", ""open"": 43.3, ""close"": 45.5, ""low"": 42.7, ""high"": 47.4, ""volume"": 765004}, {""date"": ""05-19"", ""open"": 45.4, ""close"": 45.0, ""low"": 44.3, ""high"": 46.0, ""volume"": 372030}, {""date"": ""05-20"", ""open"": 44.85, ""close"": 44.6, ""low"": 43.6, ""high"": 44.95, ""volume"": 218000}, {""date"": ""05-21"", ""open"": 45.0, ""close"": 44.75, ""low"": 44.6, ""high"": 45.0, ""volume"": 185200}, {""date"": ""05-22"", ""open"": 45.0, ""close"": 45.55, ""low"": 44.75, ""high"": 46.0, ""volume"": 263018}, {""date"": ""05-25"", ""open"": 45.55, ""close"": 46.5, ""low"": 44.75, ""high"": 46.5, ""volume"": 412723}, {""date"": ""05-26"", ""open"": 47.7, ""close"": 47.25, ""low"": 45.9, ""high"": 48.5, ""volume"": 420100}, {""date"": ""05-27"", ""open"": 48.0, ""close"": 47.1, ""low"": 46.35, ""high"": 48.05, ""volume"": 306200}, {""date"": ""05-28"", ""open"": 47.7, ""close"": 46.9, ""low"": 46.75, ""high"": 48.35, ""volume"": 245992}]"
2026-05-28,電子零組件業,2308,台達電,2380.0,2585.0,1,-5.56,17.24,,7.93,2327.0,2159.0,2179.5,"[{""date"": ""04-30"", ""open"": 2220.0, ""close"": 2165.0, ""low"": 2150.0, ""high"": 2280.0, ""volume"": 13424815}, {""date"": ""05-04"", ""open"": 2250.0, ""close"": 2220.0, ""low"": 2150.0, ""high"": 2260.0, ""volume"": 11783423}, {""date"": ""05-05"", ""open"": 2185.0, ""close"": 2165.0, ""low"": 2145.0, ""high"": 2195.0, ""volume"": 9420938}, {""date"": ""05-06"", ""open"": 2215.0, ""close"": 2210.0, ""low"": 2150.0, ""high"": 2270.0, ""volume"": 14353798}, {""date"": ""05-07"", ""open"": 2275.0, ""close"": 2280.0, ""low"": 2250.0, ""high"": 2370.0, ""volume"": 14784421}, {""date"": ""05-08"", ""open"": 2230.0, ""close"": 2200.0, ""low"": 2170.0, ""high"": 2250.0, ""volume"": 10393004}, {""date"": ""05-11"", ""open"": 2215.0, ""close"": 2245.0, ""low"": 2205.0, ""high"": 2270.0, ""volume"": 8790271}, {""date"": ""05-12"", ""open"": 2225.0, ""close"": 2195.0, ""low"": 2190.0, ""high"": 2260.0, ""volume"": 11944561}, {""date"": ""05-13"", ""open"": 2160.0, ""close"": 2165.0, ""low"": 2140.0, ""high"": 2185.0, ""volume"": 6913371}, {""date"": ""05-14"", ""open"": 2210.0, ""close"": 2155.0, ""low"": 2155.0, ""high"": 2250.0, ""volume"": 6872103}, {""date"": ""05-15"", ""open"": 2185.0, ""close"": 2075.0, ""low"": 2075.0, ""high"": 2195.0, ""volume"": 10469059}, {""date"": ""05-18"", ""open"": 1985.0, ""close"": 2020.0, ""low"": 1985.0, ""high"": 2040.0, ""volume"": 8419378}, {""date"": ""05-19"", ""open"": 2020.0, ""close"": 1915.0, ""low"": 1910.0, ""high"": 2025.0, ""volume"": 13603182}, {""date"": ""05-20"", ""open"": 1880.0, ""close"": 1915.0, ""low"": 1880.0, ""high"": 1960.0, ""volume"": 9789768}, {""date"": ""05-21"", ""open"": 2015.0, ""close"": 2030.0, ""low"": 1990.0, ""high"": 2060.0, ""volume"": 10651255}, {""date"": ""05-22"", ""open"": 2125.0, ""close"": 2095.0, ""low"": 2050.0, ""high"": 2125.0, ""volume"": 7818792}, {""date"": ""05-25"", ""open"": 2205.0, ""close"": 2290.0, ""low"": 2185.0, ""high"": 2300.0, ""volume"": 10142736}, {""date"": ""05-26"", ""open"": 2350.0, ""close"": 2350.0, ""low"": 2290.0, ""high"": 2410.0, ""volume"": 10816822}, {""date"": ""05-27"", ""open"": 2490.0, ""close"": 2520.0, ""low"": 2490.0, ""high"": 2585.0, ""volume"": 12553894}, {""date"": ""05-28"", ""open"": 2485.0, ""close"": 2380.0, ""low"": 2380.0, ""high"": 2520.0, ""volume"": 8607076}]"
2026-05-28,電子通路業,3312,弘憶股,49.6,53.9,2,-0.6,5.87,,7.98,50.07,48.17,45.89,"[{""date"": ""04-30"", ""open"": 41.9, ""close"": 40.8, ""low"": 40.4, ""high"": 42.3, ""volume"": 1733043}, {""date"": ""05-04"", ""open"": 41.2, ""close"": 41.4, ""low"": 40.95, ""high"": 42.9, ""volume"": 1756592}, {""date"": ""05-05"", ""open"": 41.5, ""close"": 42.05, ""low"": 41.5, ""high"": 43.3, ""volume"": 2230109}, {""date"": ""05-06"", ""open"": 42.7, ""close"": 41.65, ""low"": 41.3, ""high"": 42.8, ""volume"": 1673661}, {""date"": ""05-07"", ""open"": 42.0, ""close"": 42.45, ""low"": 41.65, ""high"": 43.0, ""volume"": 1503768}, {""date"": ""05-08"", ""open"": 42.6, ""close"": 41.75, ""low"": 41.05, ""high"": 43.3, ""volume"": 1961200}, {""date"": ""05-11"", ""open"": 42.9, ""close"": 44.5, ""low"": 42.7, ""high"": 45.5, ""volume"": 4699530}, {""date"": ""05-12"", ""open"": 44.3, ""close"": 45.6, ""low"": 43.5, ""high"": 45.85, ""volume"": 4091909}, {""date"": ""05-13"", ""open"": 47.6, ""close"": 47.15, ""low"": 46.5, ""high"": 48.2, ""volume"": 10533619}, {""date"": ""05-14"", ""open"": 48.2, ""close"": 48.7, ""low"": 46.2, ""high"": 49.15, ""volume"": 8887229}, {""date"": ""05-15"", ""open"": 48.95, ""close"": 47.15, ""low"": 46.5, ""high"": 49.35, ""volume"": 5698015}, {""date"": ""05-18"", ""open"": 47.0, ""close"": 46.3, ""low"": 45.75, ""high"": 47.8, ""volume"": 2846105}, {""date"": ""05-19"", ""open"": 45.9, ""close"": 45.3, ""low"": 44.9, ""high"": 46.7, ""volume"": 1950065}, {""date"": ""05-20"", ""open"": 45.35, ""close"": 45.75, ""low"": 45.1, ""high"": 47.95, ""volume"": 3246858}, {""date"": ""05-21"", ""open"": 46.65, ""close"": 46.85, ""low"": 46.05, ""high"": 47.2, ""volume"": 2089537}, {""date"": ""05-22"", ""open"": 47.0, ""close"": 47.65, ""low"": 46.35, ""high"": 47.7, ""volume"": 2812797}, {""date"": ""05-25"", ""open"": 48.2, ""close"": 50.4, ""low"": 47.7, ""high"": 52.4, ""volume"": 8879401}, {""date"": ""05-26"", ""open"": 51.1, ""close"": 52.8, ""low"": 50.3, ""high"": 53.9, ""volume"": 8593344}, {""date"": ""05-27"", ""open"": 53.0, ""close"": 49.9, ""low"": 49.2, ""high"": 53.0, ""volume"": 5963941}, {""date"": ""05-28"", ""open"": 50.2, ""close"": 49.6, ""low"": 48.35, ""high"": 51.7, ""volume"": 3002252}]"
2026-05-28,鋼鐵工業,2015,豐興,61.8,67.18,48,-0.32,-0.96,,8.01,61.96,62.12,62.24,"[{""date"": ""04-30"", ""open"": 61.5, ""close"": 60.9, ""low"": 60.9, ""high"": 61.7, ""volume"": 564250}, {""date"": ""05-04"", ""open"": 61.0, ""close"": 60.6, ""low"": 60.5, ""high"": 61.2, ""volume"": 265840}, {""date"": ""05-05"", ""open"": 60.6, ""close"": 60.7, ""low"": 60.5, ""high"": 61.3, ""volume"": 290000}, {""date"": ""05-06"", ""open"": 61.4, ""close"": 62.5, ""low"": 61.1, ""high"": 62.5, ""volume"": 415050}, {""date"": ""05-07"", ""open"": 61.6, ""close"": 62.5, ""low"": 61.6, ""high"": 62.6, ""volume"": 283033}, {""date"": ""05-08"", ""open"": 62.5, ""close"": 62.5, ""low"": 61.8, ""high"": 62.8, ""volume"": 473038}, {""date"": ""05-11"", ""open"": 62.5, ""close"": 64.3, ""low"": 62.5, ""high"": 64.3, ""volume"": 602050}, {""date"": ""05-12"", ""open"": 64.2, ""close"": 63.9, ""low"": 63.3, ""high"": 64.2, ""volume"": 279000}, {""date"": ""05-13"", ""open"": 63.9, ""close"": 62.6, ""low"": 62.5, ""high"": 63.9, ""volume"": 180226}, {""date"": ""05-14"", ""open"": 62.1, ""close"": 63.1, ""low"": 62.1, ""high"": 63.3, ""volume"": 238110}, {""date"": ""05-15"", ""open"": 63.1, ""close"": 62.6, ""low"": 62.4, ""high"": 63.2, ""volume"": 211060}, {""date"": ""05-18"", ""open"": 62.1, ""close"": 61.8, ""low"": 61.4, ""high"": 62.2, ""volume"": 403014}, {""date"": ""05-19"", ""open"": 61.8, ""close"": 62.8, ""low"": 61.8, ""high"": 62.8, ""volume"": 254030}, {""date"": ""05-20"", ""open"": 62.2, ""close"": 61.8, ""low"": 61.5, ""high"": 62.4, ""volume"": 213008}, {""date"": ""05-21"", ""open"": 61.9, ""close"": 62.4, ""low"": 61.8, ""high"": 62.4, ""volume"": 155000}, {""date"": ""05-22"", ""open"": 62.5, ""close"": 61.6, ""low"": 61.5, ""high"": 62.5, ""volume"": 223927}, {""date"": ""05-25"", ""open"": 62.0, ""close"": 62.8, ""low"": 62.0, ""high"": 62.9, ""volume"": 555001}, {""date"": ""05-26"", ""open"": 62.7, ""close"": 61.6, ""low"": 61.5, ""high"": 62.9, ""volume"": 348001}, {""date"": ""05-27"", ""open"": 61.6, ""close"": 62.0, ""low"": 61.4, ""high"": 62.2, ""volume"": 285001}, {""date"": ""05-28"", ""open"": 62.4, ""close"": 61.8, ""low"": 61.7, ""high"": 62.5, ""volume"": 340530}]"
2026-05-28,半導體業,6271,同欣電,247.0,268.5,1,-2.95,19.9,,8.01,246.4,216.85,198.6,"[{""date"": ""04-30"", ""open"": 174.5, ""close"": 173.0, ""low"": 171.5, ""high"": 178.0, ""volume"": 4200307}, {""date"": ""05-04"", ""open"": 174.5, ""close"": 178.0, ""low"": 173.0, ""high"": 181.5, ""volume"": 4761302}, {""date"": ""05-05"", ""open"": 178.0, ""close"": 177.5, ""low"": 176.0, ""high"": 180.5, ""volume"": 6647720}, {""date"": ""05-06"", ""open"": 179.0, ""close"": 179.5, ""low"": 175.5, ""high"": 182.0, ""volume"": 7579886}, {""date"": ""05-07"", ""open"": 181.5, ""close"": 180.0, ""low"": 178.0, ""high"": 182.5, ""volume"": 6365967}, {""date"": ""05-08"", ""open"": 181.5, ""close"": 181.5, ""low"": 178.0, ""high"": 185.5, ""volume"": 7681880}, {""date"": ""05-11"", ""open"": 183.0, ""close"": 185.5, ""low"": 178.5, ""high"": 185.5, ""volume"": 5337953}, {""date"": ""05-12"", ""open"": 186.5, ""close"": 183.0, ""low"": 182.5, ""high"": 186.5, ""volume"": 4148683}, {""date"": ""05-13"", ""open"": 182.0, ""close"": 182.0, ""low"": 178.5, ""high"": 182.5, ""volume"": 3545238}, {""date"": ""05-14"", ""open"": 184.5, ""close"": 183.5, ""low"": 183.0, ""high"": 188.5, ""volume"": 4846620}, {""date"": ""05-15"", ""open"": 185.5, ""close"": 177.0, ""low"": 176.5, ""high"": 186.5, ""volume"": 5602420}, {""date"": ""05-18"", ""open"": 176.0, ""close"": 185.0, ""low"": 174.5, ""high"": 185.0, ""volume"": 5663328}, {""date"": ""05-19"", ""open"": 185.0, ""close"": 181.0, ""low"": 180.5, ""high"": 188.5, ""volume"": 3967616}, {""date"": ""05-20"", ""open"": 182.0, ""close"": 187.5, ""low"": 181.0, ""high"": 188.5, ""volume"": 6398593}, {""date"": ""05-21"", ""open"": 193.0, ""close"": 206.0, ""low"": 188.5, ""high"": 206.0, ""volume"": 20983123}, {""date"": ""05-22"", ""open"": 217.0, ""close"": 226.5, ""low"": 217.0, ""high"": 226.5, ""volume"": 8259783}, {""date"": ""05-25"", ""open"": 234.0, ""close"": 243.5, ""low"": 227.5, ""high"": 249.0, ""volume"": 30546953}, {""date"": ""05-26"", ""open"": 247.5, ""close"": 260.5, ""low"": 242.5, ""high"": 260.5, ""volume"": 24377963}, {""date"": ""05-27"", ""open"": 262.0, ""close"": 254.5, ""low"": 247.5, ""high"": 268.5, ""volume"": 17521395}, {""date"": ""05-28"", ""open"": 252.5, ""close"": 247.0, ""low"": 247.0, ""high"": 256.0, ""volume"": 3989067}]"
2026-05-28,航運業,8367,建新國際,40.7,44.28,56,0.37,-1.69,,8.08,40.71,41.18,41.65,"[{""date"": ""04-30"", ""open"": 42.45, ""close"": 42.2, ""low"": 42.2, ""high"": 42.45, ""volume"": 44000}, {""date"": ""05-04"", ""open"": 42.25, ""close"": 42.7, ""low"": 42.2, ""high"": 42.7, ""volume"": 51130}, {""date"": ""05-05"", ""open"": 42.7, ""close"": 42.7, ""low"": 42.55, ""high"": 42.95, ""volume"": 53000}, {""date"": ""05-06"", ""open"": 41.9, ""close"": 42.05, ""low"": 41.9, ""high"": 42.8, ""volume"": 122005}, {""date"": ""05-07"", ""open"": 42.1, ""close"": 41.9, ""low"": 41.85, ""high"": 42.15, ""volume"": 111000}, {""date"": ""05-08"", ""open"": 42.5, ""close"": 42.05, ""low"": 41.85, ""high"": 42.5, ""volume"": 128000}, {""date"": ""05-11"", ""open"": 42.1, ""close"": 41.95, ""low"": 41.9, ""high"": 42.15, ""volume"": 66517}, {""date"": ""05-12"", ""open"": 42.0, ""close"": 41.95, ""low"": 41.8, ""high"": 42.0, ""volume"": 62000}, {""date"": ""05-13"", ""open"": 41.95, ""close"": 41.8, ""low"": 41.6, ""high"": 41.95, ""volume"": 44000}, {""date"": ""05-14"", ""open"": 41.85, ""close"": 41.9, ""low"": 41.8, ""high"": 42.0, ""volume"": 47001}, {""date"": ""05-15"", ""open"": 42.0, ""close"": 41.75, ""low"": 40.8, ""high"": 42.0, ""volume"": 52000}, {""date"": ""05-18"", ""open"": 41.2, ""close"": 41.75, ""low"": 41.1, ""high"": 41.75, ""volume"": 53000}, {""date"": ""05-19"", ""open"": 41.5, ""close"": 41.8, ""low"": 41.5, ""high"": 41.8, ""volume"": 33000}, {""date"": ""05-20"", ""open"": 41.5, ""close"": 41.55, ""low"": 41.35, ""high"": 41.75, ""volume"": 21000}, {""date"": ""05-21"", ""open"": 41.55, ""close"": 41.4, ""low"": 41.2, ""high"": 41.55, ""volume"": 38000}, {""date"": ""05-22"", ""open"": 41.4, ""close"": 41.1, ""low"": 40.95, ""high"": 41.4, ""volume"": 212000}, {""date"": ""05-25"", ""open"": 40.85, ""close"": 40.6, ""low"": 40.25, ""high"": 40.85, ""volume"": 84000}, {""date"": ""05-26"", ""open"": 40.6, ""close"": 40.6, ""low"": 40.25, ""high"": 40.8, ""volume"": 19000}, {""date"": ""05-27"", ""open"": 40.6, ""close"": 40.55, ""low"": 40.5, ""high"": 41.45, ""volume"": 33000}, {""date"": ""05-28"", ""open"": 40.8, ""close"": 40.7, ""low"": 40.45, ""high"": 40.8, ""volume"": 4782}]"
2026-05-28,電子零組件業,6224,聚鼎,88.7,96.5,15,9.91,6.35,,8.08,84.44,80.29,79.26,"[{""date"": ""04-30"", ""open"": 73.0, ""close"": 73.3, ""low"": 69.9, ""high"": 73.3, ""volume"": 1401069}, {""date"": ""05-04"", ""open"": 75.1, ""close"": 73.0, ""low"": 70.9, ""high"": 75.1, ""volume"": 978109}, {""date"": ""05-05"", ""open"": 76.6, ""close"": 80.3, ""low"": 76.6, ""high"": 80.3, ""volume"": 1778158}, {""date"": ""05-06"", ""open"": 88.3, ""close"": 88.3, ""low"": 80.0, ""high"": 88.3, ""volume"": 4621148}, {""date"": ""05-07"", ""open"": 86.7, ""close"": 87.0, ""low"": 84.5, ""high"": 96.5, ""volume"": 4494212}, {""date"": ""05-08"", ""open"": 86.5, ""close"": 78.7, ""low"": 78.3, ""high"": 87.9, ""volume"": 2997014}, {""date"": ""05-11"", ""open"": 78.7, ""close"": 75.7, ""low"": 73.9, ""high"": 78.7, ""volume"": 1630580}, {""date"": ""05-12"", ""open"": 79.0, ""close"": 77.5, ""low"": 76.5, ""high"": 81.0, ""volume"": 1827002}, {""date"": ""05-13"", ""open"": 77.0, ""close"": 75.0, ""low"": 74.6, ""high"": 80.3, ""volume"": 1415040}, {""date"": ""05-14"", ""open"": 75.6, ""close"": 73.6, ""low"": 71.8, ""high"": 78.9, ""volume"": 1931010}, {""date"": ""05-15"", ""open"": 73.7, ""close"": 71.7, ""low"": 70.5, ""high"": 76.6, ""volume"": 1240536}, {""date"": ""05-18"", ""open"": 71.7, ""close"": 73.4, ""low"": 68.2, ""high"": 74.1, ""volume"": 1171081}, {""date"": ""05-19"", ""open"": 73.9, ""close"": 72.5, ""low"": 71.8, ""high"": 74.9, ""volume"": 767051}, {""date"": ""05-20"", ""open"": 73.1, ""close"": 79.7, ""low"": 72.3, ""high"": 79.7, ""volume"": 3719020}, {""date"": ""05-21"", ""open"": 85.7, ""close"": 83.4, ""low"": 80.6, ""high"": 86.6, ""volume"": 7462420}, {""date"": ""05-22"", ""open"": 83.0, ""close"": 86.1, ""low"": 83.0, ""high"": 91.0, ""volume"": 4732259}, {""date"": ""05-25"", ""open"": 88.1, ""close"": 84.6, ""low"": 84.5, ""high"": 90.0, ""volume"": 3816739}, {""date"": ""05-26"", ""open"": 83.4, ""close"": 82.1, ""low"": 80.2, ""high"": 83.4, ""volume"": 1847329}, {""date"": ""05-27"", ""open"": 82.7, ""close"": 80.7, ""low"": 80.1, ""high"": 82.7, ""volume"": 1039326}, {""date"": ""05-28"", ""open"": 85.1, ""close"": 88.7, ""low"": 85.1, ""high"": 88.7, ""volume"": 3756349}]"
2026-05-28,光電業,6706,惠特,199.0,216.5,1,-8.08,18.1,,8.08,195.4,181.15,174.62,"[{""date"": ""04-30"", ""open"": 151.5, ""close"": 151.5, ""low"": 150.5, ""high"": 160.0, ""volume"": 21074839}, {""date"": ""05-04"", ""open"": 166.0, ""close"": 166.5, ""low"": 165.5, ""high"": 166.5, ""volume"": 2807900}, {""date"": ""05-05"", ""open"": 173.5, ""close"": 183.0, ""low"": 172.5, ""high"": 183.0, ""volume"": 6098147}, {""date"": ""05-06"", ""open"": 186.0, ""close"": 168.0, ""low"": 165.0, ""high"": 187.5, ""volume"": 15675359}, {""date"": ""05-07"", ""open"": 165.0, ""close"": 174.5, ""low"": 162.0, ""high"": 180.0, ""volume"": 15161489}, {""date"": ""05-08"", ""open"": 172.0, ""close"": 172.5, ""low"": 170.0, ""high"": 182.5, ""volume"": 12327759}, {""date"": ""05-11"", ""open"": 173.5, ""close"": 168.5, ""low"": 167.0, ""high"": 174.5, ""volume"": 6126718}, {""date"": ""05-12"", ""open"": 168.5, ""close"": 168.5, ""low"": 161.0, ""high"": 171.5, ""volume"": 8219740}, {""date"": ""05-13"", ""open"": 165.5, ""close"": 164.0, ""low"": 160.0, ""high"": 168.0, ""volume"": 4638527}, {""date"": ""05-14"", ""open"": 165.0, ""close"": 164.0, ""low"": 160.0, ""high"": 166.5, ""volume"": 4687411}, {""date"": ""05-15"", ""open"": 165.0, ""close"": 158.5, ""low"": 155.0, ""high"": 165.5, ""volume"": 4982117}, {""date"": ""05-18"", ""open"": 154.5, ""close"": 174.0, ""low"": 150.0, ""high"": 174.0, ""volume"": 7021978}, {""date"": ""05-19"", ""open"": 174.5, ""close"": 173.0, ""low"": 171.5, ""high"": 182.0, ""volume"": 16457886}, {""date"": ""05-20"", ""open"": 174.5, ""close"": 160.5, ""low"": 160.5, ""high"": 175.0, ""volume"": 7939420}, {""date"": ""05-21"", ""open"": 165.0, ""close"": 168.5, ""low"": 163.5, ""high"": 176.5, ""volume"": 9896086}, {""date"": ""05-22"", ""open"": 174.0, ""close"": 185.0, ""low"": 173.0, ""high"": 185.0, ""volume"": 9250595}, {""date"": ""05-25"", ""open"": 189.0, ""close"": 179.5, ""low"": 178.0, ""high"": 195.5, ""volume"": 12974827}, {""date"": ""05-26"", ""open"": 182.0, ""close"": 197.0, ""low"": 179.5, ""high"": 197.0, ""volume"": 14404875}, {""date"": ""05-27"", ""open"": 204.5, ""close"": 216.5, ""low"": 204.5, ""high"": 216.5, ""volume"": 12700649}, {""date"": ""05-28"", ""open"": 215.0, ""close"": 199.0, ""low"": 197.0, ""high"": 222.0, ""volume"": 12161832}]"
2026-05-28,化學工業,1717,長興,82.6,89.9,1,-2.25,3.64,,8.12,83.06,79.47,79.63,"[{""date"": ""04-30"", ""open"": 82.0, ""close"": 78.9, ""low"": 78.1, ""high"": 83.0, ""volume"": 52225458}, {""date"": ""05-04"", ""open"": 79.4, ""close"": 79.6, ""low"": 78.0, ""high"": 81.0, ""volume"": 29085513}, {""date"": ""05-05"", ""open"": 79.9, ""close"": 79.0, ""low"": 78.1, ""high"": 81.4, ""volume"": 30607872}, {""date"": ""05-06"", ""open"": 79.7, ""close"": 79.4, ""low"": 76.9, ""high"": 81.2, ""volume"": 42156330}, {""date"": ""05-07"", ""open"": 80.7, ""close"": 79.7, ""low"": 79.5, ""high"": 83.3, ""volume"": 47937315}, {""date"": ""05-08"", ""open"": 80.1, ""close"": 77.9, ""low"": 74.7, ""high"": 80.6, ""volume"": 38234462}, {""date"": ""05-11"", ""open"": 79.4, ""close"": 80.8, ""low"": 79.4, ""high"": 83.6, ""volume"": 83785938}, {""date"": ""05-12"", ""open"": 82.2, ""close"": 82.7, ""low"": 79.8, ""high"": 85.0, ""volume"": 76517611}, {""date"": ""05-13"", ""open"": 82.0, ""close"": 80.4, ""low"": 79.7, ""high"": 82.5, ""volume"": 31892154}, {""date"": ""05-14"", ""open"": 81.1, ""close"": 79.6, ""low"": 78.0, ""high"": 81.4, ""volume"": 32004938}, {""date"": ""05-15"", ""open"": 80.9, ""close"": 78.7, ""low"": 77.0, ""high"": 82.3, ""volume"": 54938873}, {""date"": ""05-18"", ""open"": 77.9, ""close"": 73.8, ""low"": 72.8, ""high"": 77.9, ""volume"": 33090604}, {""date"": ""05-19"", ""open"": 72.9, ""close"": 74.5, ""low"": 72.7, ""high"": 75.5, ""volume"": 23204313}, {""date"": ""05-20"", ""open"": 74.4, ""close"": 72.7, ""low"": 70.8, ""high"": 74.4, ""volume"": 27620591}, {""date"": ""05-21"", ""open"": 73.5, ""close"": 79.7, ""low"": 73.5, ""high"": 79.9, ""volume"": 58099334}, {""date"": ""05-22"", ""open"": 80.6, ""close"": 83.0, ""low"": 80.1, ""high"": 84.4, ""volume"": 67430429}, {""date"": ""05-25"", ""open"": 85.0, ""close"": 82.2, ""low"": 82.1, ""high"": 86.0, ""volume"": 48511791}, {""date"": ""05-26"", ""open"": 83.5, ""close"": 83.0, ""low"": 81.4, ""high"": 85.3, ""volume"": 32544143}, {""date"": ""05-27"", ""open"": 84.7, ""close"": 84.5, ""low"": 83.5, ""high"": 89.9, ""volume"": 86355298}, {""date"": ""05-28"", ""open"": 85.6, ""close"": 82.6, ""low"": 81.7, ""high"": 86.7, ""volume"": 38702822}]"
2026-05-28,半導體業,3034,聯詠,480.5,523.06,219,-0.93,-0.83,,8.14,486.3,479.65,469.82,"[{""date"": ""04-30"", ""open"": 409.5, ""close"": 409.0, ""low"": 407.0, ""high"": 413.0, ""volume"": 2518301}, {""date"": ""05-04"", ""open"": 418.0, ""close"": 415.5, ""low"": 413.0, ""high"": 423.0, ""volume"": 3402103}, {""date"": ""05-05"", ""open"": 415.0, ""close"": 420.0, ""low"": 412.5, ""high"": 422.5, ""volume"": 3135326}, {""date"": ""05-06"", ""open"": 426.0, ""close"": 441.5, ""low"": 425.0, ""high"": 441.5, ""volume"": 8430818}, {""date"": ""05-07"", ""open"": 448.0, ""close"": 453.0, ""low"": 440.0, ""high"": 453.0, ""volume"": 6237195}, {""date"": ""05-08"", ""open"": 464.0, ""close"": 498.0, ""low"": 455.5, ""high"": 498.0, ""volume"": 19363834}, {""date"": ""05-11"", ""open"": 500.0, ""close"": 496.5, ""low"": 486.0, ""high"": 503.0, ""volume"": 14348265}, {""date"": ""05-12"", ""open"": 497.5, ""close"": 487.0, ""low"": 476.0, ""high"": 500.0, ""volume"": 9236261}, {""date"": ""05-13"", ""open"": 490.0, ""close"": 486.5, ""low"": 481.5, ""high"": 494.5, ""volume"": 5433502}, {""date"": ""05-14"", ""open"": 487.5, ""close"": 493.0, ""low"": 484.0, ""high"": 499.5, ""volume"": 7436947}, {""date"": ""05-15"", ""open"": 498.0, ""close"": 466.5, ""low"": 463.0, ""high"": 499.5, ""volume"": 8239688}, {""date"": ""05-18"", ""open"": 469.0, ""close"": 475.5, ""low"": 458.5, ""high"": 475.5, ""volume"": 5100713}, {""date"": ""05-19"", ""open"": 471.5, ""close"": 466.0, ""low"": 463.0, ""high"": 479.5, ""volume"": 5602456}, {""date"": ""05-20"", ""open"": 475.0, ""close"": 472.5, ""low"": 466.0, ""high"": 481.5, ""volume"": 5304717}, {""date"": ""05-21"", ""open"": 478.0, ""close"": 484.5, ""low"": 475.0, ""high"": 487.5, ""volume"": 5915507}, {""date"": ""05-22"", ""open"": 482.0, ""close"": 485.5, ""low"": 476.0, ""high"": 490.0, ""volume"": 8120345}, {""date"": ""05-25"", ""open"": 489.5, ""close"": 489.0, ""low"": 487.5, ""high"": 498.0, ""volume"": 4666747}, {""date"": ""05-26"", ""open"": 491.5, ""close"": 491.5, ""low"": 486.0, ""high"": 496.5, ""volume"": 4246903}, {""date"": ""05-27"", ""open"": 491.0, ""close"": 485.0, ""low"": 484.0, ""high"": 495.5, ""volume"": 6794240}, {""date"": ""05-28"", ""open"": 487.5, ""close"": 480.5, ""low"": 477.5, ""high"": 496.0, ""volume"": 4072309}]"
2026-05-28,觀光餐旅,2704,國賓,42.15,45.9,170,0.0,0.24,,8.17,42.05,41.91,42.11,"[{""date"": ""04-30"", ""open"": 42.9, ""close"": 41.7, ""low"": 41.65, ""high"": 42.9, ""volume"": 259390}, {""date"": ""05-04"", ""open"": 42.0, ""close"": 41.85, ""low"": 41.8, ""high"": 42.3, ""volume"": 183421}, {""date"": ""05-05"", ""open"": 41.85, ""close"": 41.75, ""low"": 41.75, ""high"": 42.0, ""volume"": 36553}, {""date"": ""05-06"", ""open"": 42.8, ""close"": 42.05, ""low"": 41.8, ""high"": 42.8, ""volume"": 109253}, {""date"": ""05-07"", ""open"": 41.9, ""close"": 42.0, ""low"": 41.8, ""high"": 42.2, ""volume"": 152417}, {""date"": ""05-08"", ""open"": 42.7, ""close"": 42.5, ""low"": 42.0, ""high"": 42.7, ""volume"": 108338}, {""date"": ""05-11"", ""open"": 42.5, ""close"": 42.8, ""low"": 42.5, ""high"": 43.4, ""volume"": 152113}, {""date"": ""05-12"", ""open"": 43.05, ""close"": 42.8, ""low"": 42.8, ""high"": 43.8, ""volume"": 171001}, {""date"": ""05-13"", ""open"": 43.25, ""close"": 43.35, ""low"": 42.8, ""high"": 43.4, ""volume"": 92537}, {""date"": ""05-14"", ""open"": 43.25, ""close"": 42.2, ""low"": 42.15, ""high"": 43.3, ""volume"": 99001}, {""date"": ""05-15"", ""open"": 42.35, ""close"": 41.6, ""low"": 41.55, ""high"": 42.35, ""volume"": 169001}, {""date"": ""05-18"", ""open"": 41.95, ""close"": 41.6, ""low"": 41.6, ""high"": 41.95, ""volume"": 107643}, {""date"": ""05-19"", ""open"": 41.65, ""close"": 41.9, ""low"": 41.65, ""high"": 42.2, ""volume"": 68500}, {""date"": ""05-20"", ""open"": 42.05, ""close"": 41.75, ""low"": 41.75, ""high"": 42.05, ""volume"": 59184}, {""date"": ""05-21"", ""open"": 41.85, ""close"": 42.05, ""low"": 41.75, ""high"": 42.2, ""volume"": 65435}, {""date"": ""05-22"", ""open"": 41.75, ""close"": 41.85, ""low"": 41.75, ""high"": 42.05, ""volume"": 85067}, {""date"": ""05-25"", ""open"": 41.95, ""close"": 42.05, ""low"": 41.75, ""high"": 42.05, ""volume"": 140050}, {""date"": ""05-26"", ""open"": 42.0, ""close"": 42.05, ""low"": 42.0, ""high"": 42.2, ""volume"": 70331}, {""date"": ""05-27"", ""open"": 42.1, ""close"": 42.15, ""low"": 42.1, ""high"": 42.85, ""volume"": 225720}, {""date"": ""05-28"", ""open"": 42.7, ""close"": 42.15, ""low"": 42.15, ""high"": 42.75, ""volume"": 39478}]"
2026-05-28,金融保險,2801,彰銀,20.15,21.95,63,0.0,-0.74,,8.2,20.19,20.25,20.52,"[{""date"": ""04-30"", ""open"": 21.3, ""close"": 21.15, ""low"": 21.15, ""high"": 21.45, ""volume"": 16085355}, {""date"": ""05-04"", ""open"": 21.25, ""close"": 20.8, ""low"": 20.8, ""high"": 21.25, ""volume"": 37998430}, {""date"": ""05-05"", ""open"": 20.85, ""close"": 20.8, ""low"": 20.8, ""high"": 20.9, ""volume"": 10795553}, {""date"": ""05-06"", ""open"": 20.8, ""close"": 20.9, ""low"": 20.8, ""high"": 20.95, ""volume"": 13465952}, {""date"": ""05-07"", ""open"": 20.95, ""close"": 20.9, ""low"": 20.9, ""high"": 21.15, ""volume"": 18905484}, {""date"": ""05-08"", ""open"": 21.05, ""close"": 20.95, ""low"": 20.8, ""high"": 21.1, ""volume"": 18735123}, {""date"": ""05-11"", ""open"": 21.05, ""close"": 20.9, ""low"": 20.9, ""high"": 21.05, ""volume"": 13274399}, {""date"": ""05-12"", ""open"": 20.9, ""close"": 20.6, ""low"": 20.6, ""high"": 20.95, ""volume"": 32515836}, {""date"": ""05-13"", ""open"": 20.55, ""close"": 20.5, ""low"": 20.45, ""high"": 20.65, ""volume"": 24935627}, {""date"": ""05-14"", ""open"": 20.5, ""close"": 20.4, ""low"": 20.4, ""high"": 20.6, ""volume"": 24966827}, {""date"": ""05-15"", ""open"": 20.45, ""close"": 20.25, ""low"": 20.25, ""high"": 20.55, ""volume"": 31876910}, {""date"": ""05-18"", ""open"": 20.25, ""close"": 20.2, ""low"": 20.15, ""high"": 20.3, ""volume"": 16457593}, {""date"": ""05-19"", ""open"": 20.3, ""close"": 20.5, ""low"": 20.2, ""high"": 20.65, ""volume"": 20777531}, {""date"": ""05-20"", ""open"": 20.6, ""close"": 20.35, ""low"": 20.35, ""high"": 20.6, ""volume"": 15106079}, {""date"": ""05-21"", ""open"": 20.35, ""close"": 20.3, ""low"": 20.3, ""high"": 20.5, ""volume"": 17126831}, {""date"": ""05-22"", ""open"": 20.3, ""close"": 20.3, ""low"": 20.25, ""high"": 20.45, ""volume"": 25585066}, {""date"": ""05-25"", ""open"": 20.35, ""close"": 20.2, ""low"": 20.15, ""high"": 20.35, ""volume"": 28886789}, {""date"": ""05-26"", ""open"": 20.25, ""close"": 20.15, ""low"": 20.15, ""high"": 20.3, ""volume"": 19776235}, {""date"": ""05-27"", ""open"": 20.3, ""close"": 20.15, ""low"": 20.15, ""high"": 20.3, ""volume"": 25239912}, {""date"": ""05-28"", ""open"": 20.15, ""close"": 20.15, ""low"": 20.1, ""high"": 20.3, ""volume"": 21173017}]"
2026-05-28,其他,9905,大華,20.7,22.55,28,0.24,0.0,,8.2,20.7,20.74,20.99,"[{""date"": ""04-30"", ""open"": 21.4, ""close"": 21.35, ""low"": 21.3, ""high"": 21.4, ""volume"": 80188}, {""date"": ""05-04"", ""open"": 21.35, ""close"": 21.25, ""low"": 21.25, ""high"": 21.5, ""volume"": 141200}, {""date"": ""05-05"", ""open"": 21.25, ""close"": 21.4, ""low"": 21.25, ""high"": 21.4, ""volume"": 71000}, {""date"": ""05-06"", ""open"": 21.3, ""close"": 21.45, ""low"": 21.3, ""high"": 21.5, ""volume"": 71113}, {""date"": ""05-07"", ""open"": 21.45, ""close"": 21.2, ""low"": 21.2, ""high"": 21.45, ""volume"": 109100}, {""date"": ""05-08"", ""open"": 21.45, ""close"": 21.3, ""low"": 21.2, ""high"": 21.5, ""volume"": 95010}, {""date"": ""05-11"", ""open"": 21.4, ""close"": 21.3, ""low"": 21.0, ""high"": 21.4, ""volume"": 120000}, {""date"": ""05-12"", ""open"": 21.3, ""close"": 21.1, ""low"": 21.1, ""high"": 21.55, ""volume"": 147100}, {""date"": ""05-13"", ""open"": 21.1, ""close"": 21.05, ""low"": 21.0, ""high"": 21.1, ""volume"": 125905}, {""date"": ""05-14"", ""open"": 21.05, ""close"": 21.0, ""low"": 21.0, ""high"": 21.3, ""volume"": 75000}, {""date"": ""05-15"", ""open"": 21.0, ""close"": 20.8, ""low"": 20.8, ""high"": 21.05, ""volume"": 158001}, {""date"": ""05-18"", ""open"": 20.8, ""close"": 20.75, ""low"": 20.7, ""high"": 20.85, ""volume"": 109500}, {""date"": ""05-19"", ""open"": 20.65, ""close"": 20.85, ""low"": 20.65, ""high"": 20.9, ""volume"": 81000}, {""date"": ""05-20"", ""open"": 20.8, ""close"": 20.8, ""low"": 20.75, ""high"": 20.9, ""volume"": 28000}, {""date"": ""05-21"", ""open"": 20.8, ""close"": 20.7, ""low"": 20.45, ""high"": 20.9, ""volume"": 506000}, {""date"": ""05-22"", ""open"": 20.7, ""close"": 20.7, ""low"": 20.65, ""high"": 20.8, ""volume"": 95000}, {""date"": ""05-25"", ""open"": 20.7, ""close"": 20.75, ""low"": 20.55, ""high"": 20.75, ""volume"": 127490}, {""date"": ""05-26"", ""open"": 20.7, ""close"": 20.7, ""low"": 20.65, ""high"": 20.75, ""volume"": 92056}, {""date"": ""05-27"", ""open"": 20.7, ""close"": 20.65, ""low"": 20.55, ""high"": 20.75, ""volume"": 98333}, {""date"": ""05-28"", ""open"": 20.8, ""close"": 20.7, ""low"": 20.65, ""high"": 20.8, ""volume"": 41413}]"
2026-05-28,塑膠工業,4306,炎洲,13.75,14.99,238,-0.36,-0.36,,8.3,13.86,13.76,13.46,"[{""date"": ""04-30"", ""open"": 13.3, ""close"": 13.2, ""low"": 13.15, ""high"": 13.3, ""volume"": 655517}, {""date"": ""05-04"", ""open"": 13.3, ""close"": 13.2, ""low"": 13.15, ""high"": 13.3, ""volume"": 829871}, {""date"": ""05-05"", ""open"": 13.2, ""close"": 13.15, ""low"": 13.1, ""high"": 13.2, ""volume"": 823406}, {""date"": ""05-06"", ""open"": 13.15, ""close"": 13.1, ""low"": 13.1, ""high"": 13.25, ""volume"": 1219506}, {""date"": ""05-07"", ""open"": 13.15, ""close"": 13.15, ""low"": 13.05, ""high"": 13.25, ""volume"": 1625420}, {""date"": ""05-08"", ""open"": 13.25, ""close"": 13.15, ""low"": 13.1, ""high"": 13.3, ""volume"": 870114}, {""date"": ""05-11"", ""open"": 13.3, ""close"": 13.35, ""low"": 13.15, ""high"": 13.35, ""volume"": 1514337}, {""date"": ""05-12"", ""open"": 13.35, ""close"": 13.15, ""low"": 13.15, ""high"": 13.35, ""volume"": 756114}, {""date"": ""05-13"", ""open"": 13.15, ""close"": 13.1, ""low"": 13.1, ""high"": 13.2, ""volume"": 663734}, {""date"": ""05-14"", ""open"": 13.1, ""close"": 13.05, ""low"": 13.05, ""high"": 13.15, ""volume"": 976891}, {""date"": ""05-15"", ""open"": 13.15, ""close"": 13.3, ""low"": 13.1, ""high"": 13.3, ""volume"": 1410398}, {""date"": ""05-18"", ""open"": 13.35, ""close"": 13.6, ""low"": 13.15, ""high"": 13.65, ""volume"": 2601376}, {""date"": ""05-19"", ""open"": 13.6, ""close"": 13.8, ""low"": 13.6, ""high"": 13.95, ""volume"": 2308100}, {""date"": ""05-20"", ""open"": 13.85, ""close"": 13.8, ""low"": 13.65, ""high"": 13.85, ""volume"": 1093822}, {""date"": ""05-21"", ""open"": 13.8, ""close"": 13.8, ""low"": 13.75, ""high"": 13.9, ""volume"": 1655661}, {""date"": ""05-22"", ""open"": 13.8, ""close"": 14.05, ""low"": 13.8, ""high"": 14.1, ""volume"": 2820089}, {""date"": ""05-25"", ""open"": 14.15, ""close"": 14.05, ""low"": 13.65, ""high"": 14.15, ""volume"": 2434853}, {""date"": ""05-26"", ""open"": 14.0, ""close"": 13.65, ""low"": 13.65, ""high"": 14.0, ""volume"": 1572660}, {""date"": ""05-27"", ""open"": 13.7, ""close"": 13.8, ""low"": 13.65, ""high"": 13.85, ""volume"": 1287951}, {""date"": ""05-28"", ""open"": 13.85, ""close"": 13.75, ""low"": 13.65, ""high"": 13.85, ""volume"": 877752}]"
2026-05-28,半導體業,2454,聯發科,4300.0,4690.0,1,-7.33,21.13,,8.32,4262.0,3790.5,3575.0,"[{""date"": ""04-30"", ""open"": 2665.0, ""close"": 2610.0, ""low"": 2565.0, ""high"": 2685.0, ""volume"": 16785387}, {""date"": ""05-04"", ""open"": 2870.0, ""close"": 2870.0, ""low"": 2870.0, ""high"": 2870.0, ""volume"": 3450749}, {""date"": ""05-05"", ""open"": 3155.0, ""close"": 3155.0, ""low"": 3155.0, ""high"": 3155.0, ""volume"": 8515330}, {""date"": ""05-06"", ""open"": 3470.0, ""close"": 3430.0, ""low"": 3155.0, ""high"": 3470.0, ""volume"": 36338977}, {""date"": ""05-07"", ""open"": 3430.0, ""close"": 3420.0, ""low"": 3295.0, ""high"": 3430.0, ""volume"": 7619708}, {""date"": ""05-08"", ""open"": 3320.0, ""close"": 3630.0, ""low"": 3320.0, ""high"": 3670.0, ""volume"": 8599780}, {""date"": ""05-11"", ""open"": 3575.0, ""close"": 3880.0, ""low"": 3565.0, ""high"": 3985.0, ""volume"": 7943859}, {""date"": ""05-12"", ""open"": 3835.0, ""close"": 3700.0, ""low"": 3700.0, ""high"": 3910.0, ""volume"": 9538278}, {""date"": ""05-13"", ""open"": 3625.0, ""close"": 3495.0, ""low"": 3400.0, ""high"": 3680.0, ""volume"": 8651831}, {""date"": ""05-14"", ""open"": 3585.0, ""close"": 3405.0, ""low"": 3385.0, ""high"": 3590.0, ""volume"": 6305692}, {""date"": ""05-15"", ""open"": 3425.0, ""close"": 3260.0, ""low"": 3200.0, ""high"": 3555.0, ""volume"": 6680609}, {""date"": ""05-18"", ""open"": 3240.0, ""close"": 3400.0, ""low"": 3150.0, ""high"": 3550.0, ""volume"": 6249186}, {""date"": ""05-19"", ""open"": 3475.0, ""close"": 3155.0, ""low"": 3100.0, ""high"": 3495.0, ""volume"": 8398806}, {""date"": ""05-20"", ""open"": 3195.0, ""close"": 3230.0, ""low"": 3155.0, ""high"": 3350.0, ""volume"": 8111772}, {""date"": ""05-21"", ""open"": 3415.0, ""close"": 3550.0, ""low"": 3405.0, ""high"": 3550.0, ""volume"": 5636155}, {""date"": ""05-22"", ""open"": 3765.0, ""close"": 3860.0, ""low"": 3675.0, ""high"": 3880.0, ""volume"": 19537258}, {""date"": ""05-25"", ""open"": 4245.0, ""close"": 4245.0, ""low"": 4245.0, ""high"": 4245.0, ""volume"": 4181502}, {""date"": ""05-26"", ""open"": 4375.0, ""close"": 4265.0, ""low"": 4180.0, ""high"": 4440.0, ""volume"": 18199859}, {""date"": ""05-27"", ""open"": 4475.0, ""close"": 4640.0, ""low"": 4450.0, ""high"": 4690.0, ""volume"": 16927911}, {""date"": ""05-28"", ""open"": 4620.0, ""close"": 4300.0, ""low"": 4270.0, ""high"": 4685.0, ""volume"": 12882505}]"
2026-05-28,貿易百貨,2910,統領,21.45,23.4,14,-0.46,1.18,,8.33,21.38,21.37,21.71,"[{""date"": ""04-30"", ""open"": 21.8, ""close"": 21.6, ""low"": 21.55, ""high"": 22.0, ""volume"": 15641}, {""date"": ""05-04"", ""open"": 21.65, ""close"": 21.6, ""low"": 21.6, ""high"": 21.65, ""volume"": 5002}, {""date"": ""05-05"", ""open"": 22.25, ""close"": 21.55, ""low"": 21.2, ""high"": 22.25, ""volume"": 4000}, {""date"": ""05-06"", ""open"": 22.3, ""close"": 22.2, ""low"": 22.1, ""high"": 22.3, ""volume"": 17140}, {""date"": ""05-07"", ""open"": 21.9, ""close"": 22.85, ""low"": 21.9, ""high"": 23.15, ""volume"": 28010}, {""date"": ""05-08"", ""open"": 23.4, ""close"": 22.85, ""low"": 22.85, ""high"": 23.4, ""volume"": 12461}, {""date"": ""05-11"", ""open"": 22.85, ""close"": 22.3, ""low"": 22.25, ""high"": 22.85, ""volume"": 9010}, {""date"": ""05-12"", ""open"": 22.9, ""close"": 21.8, ""low"": 21.75, ""high"": 22.9, ""volume"": 16000}, {""date"": ""05-13"", ""open"": 22.15, ""close"": 22.2, ""low"": 21.9, ""high"": 22.2, ""volume"": 3000}, {""date"": ""05-14"", ""open"": 21.7, ""close"": 21.45, ""low"": 21.45, ""high"": 22.3, ""volume"": 26000}, {""date"": ""05-15"", ""open"": 21.4, ""close"": 21.6, ""low"": 21.4, ""high"": 21.6, ""volume"": 2000}, {""date"": ""05-18"", ""open"": 21.4, ""close"": 21.4, ""low"": 21.15, ""high"": 21.85, ""volume"": 16000}, {""date"": ""05-19"", ""open"": 21.8, ""close"": 21.25, ""low"": 21.2, ""high"": 21.8, ""volume"": 8446}, {""date"": ""05-20"", ""open"": 21.25, ""close"": 21.35, ""low"": 21.0, ""high"": 21.35, ""volume"": 13000}, {""date"": ""05-21"", ""open"": 21.3, ""close"": 21.2, ""low"": 21.2, ""high"": 21.3, ""volume"": 7011}, {""date"": ""05-22"", ""open"": 21.2, ""close"": 21.15, ""low"": 21.15, ""high"": 21.25, ""volume"": 6087}, {""date"": ""05-25"", ""open"": 21.15, ""close"": 21.15, ""low"": 21.15, ""high"": 21.15, ""volume"": 7000}, {""date"": ""05-26"", ""open"": 21.15, ""close"": 21.6, ""low"": 21.15, ""high"": 21.6, ""volume"": 7000}, {""date"": ""05-27"", ""open"": 21.65, ""close"": 21.55, ""low"": 20.75, ""high"": 21.65, ""volume"": 18000}, {""date"": ""05-28"", ""open"": 21.45, ""close"": 21.45, ""low"": 20.65, ""high"": 21.45, ""volume"": 17089}]"
2026-05-28,半導體業,2401,凌陽,30.25,33.0,1,-2.58,2.37,,8.33,30.32,28.24,26.71,"[{""date"": ""04-30"", ""open"": 23.5, ""close"": 24.1, ""low"": 23.35, ""high"": 24.5, ""volume"": 5892353}, {""date"": ""05-04"", ""open"": 24.6, ""close"": 25.3, ""low"": 24.5, ""high"": 25.95, ""volume"": 15171301}, {""date"": ""05-05"", ""open"": 24.8, ""close"": 25.15, ""low"": 24.6, ""high"": 25.7, ""volume"": 7197195}, {""date"": ""05-06"", ""open"": 25.65, ""close"": 25.1, ""low"": 24.75, ""high"": 25.75, ""volume"": 6668280}, {""date"": ""05-07"", ""open"": 25.5, ""close"": 25.4, ""low"": 25.05, ""high"": 25.75, ""volume"": 6313368}, {""date"": ""05-08"", ""open"": 25.55, ""close"": 25.3, ""low"": 24.65, ""high"": 26.35, ""volume"": 11479462}, {""date"": ""05-11"", ""open"": 25.55, ""close"": 25.65, ""low"": 25.25, ""high"": 26.25, ""volume"": 8314324}, {""date"": ""05-12"", ""open"": 25.85, ""close"": 25.95, ""low"": 25.05, ""high"": 26.35, ""volume"": 7509533}, {""date"": ""05-13"", ""open"": 25.4, ""close"": 24.95, ""low"": 24.2, ""high"": 25.4, ""volume"": 6372322}, {""date"": ""05-14"", ""open"": 25.05, ""close"": 24.85, ""low"": 24.25, ""high"": 25.2, ""volume"": 5509255}, {""date"": ""05-15"", ""open"": 25.05, ""close"": 24.65, ""low"": 24.4, ""high"": 25.3, ""volume"": 4537444}, {""date"": ""05-18"", ""open"": 24.8, ""close"": 24.8, ""low"": 23.45, ""high"": 24.9, ""volume"": 4350112}, {""date"": ""05-19"", ""open"": 24.95, ""close"": 24.95, ""low"": 24.35, ""high"": 25.6, ""volume"": 4926167}, {""date"": ""05-20"", ""open"": 25.15, ""close"": 26.9, ""low"": 25.0, ""high"": 27.4, ""volume"": 34694691}, {""date"": ""05-21"", ""open"": 27.3, ""close"": 29.55, ""low"": 26.75, ""high"": 29.55, ""volume"": 47636807}, {""date"": ""05-22"", ""open"": 30.45, ""close"": 30.75, ""low"": 29.2, ""high"": 31.75, ""volume"": 57307513}, {""date"": ""05-25"", ""open"": 30.75, ""close"": 29.45, ""low"": 29.35, ""high"": 31.0, ""volume"": 26886904}, {""date"": ""05-26"", ""open"": 29.5, ""close"": 30.1, ""low"": 28.45, ""high"": 30.25, ""volume"": 22525245}, {""date"": ""05-27"", ""open"": 30.35, ""close"": 31.05, ""low"": 30.35, ""high"": 33.0, ""volume"": 30511675}, {""date"": ""05-28"", ""open"": 30.9, ""close"": 30.25, ""low"": 30.05, ""high"": 31.65, ""volume"": 14251980}]"
2026-05-28,貿易百貨,4807,日成-KY,25.25,27.55,10,0.8,10.26,,8.35,24.09,23.61,23.23,"[{""date"": ""04-30"", ""open"": 19.1, ""close"": 20.75, ""low"": 18.8, ""high"": 20.75, ""volume"": 858530}, {""date"": ""05-04"", ""open"": 20.95, ""close"": 22.8, ""low"": 20.9, ""high"": 22.8, ""volume"": 957328}, {""date"": ""05-05"", ""open"": 23.0, ""close"": 21.45, ""low"": 21.45, ""high"": 23.8, ""volume"": 781583}, {""date"": ""05-06"", ""open"": 21.55, ""close"": 21.35, ""low"": 20.6, ""high"": 23.1, ""volume"": 444541}, {""date"": ""05-07"", ""open"": 21.5, ""close"": 21.1, ""low"": 20.6, ""high"": 21.5, ""volume"": 185237}, {""date"": ""05-08"", ""open"": 20.6, ""close"": 21.55, ""low"": 20.55, ""high"": 21.65, ""volume"": 145219}, {""date"": ""05-11"", ""open"": 21.3, ""close"": 23.7, ""low"": 21.25, ""high"": 23.7, ""volume"": 493401}, {""date"": ""05-12"", ""open"": 23.7, ""close"": 25.6, ""low"": 23.4, ""high"": 25.75, ""volume"": 536179}, {""date"": ""05-13"", ""open"": 24.45, ""close"": 25.05, ""low"": 24.2, ""high"": 25.6, ""volume"": 168215}, {""date"": ""05-14"", ""open"": 27.5, ""close"": 25.2, ""low"": 25.2, ""high"": 27.55, ""volume"": 753340}, {""date"": ""05-15"", ""open"": 26.05, ""close"": 24.1, ""low"": 24.0, ""high"": 26.05, ""volume"": 393051}, {""date"": ""05-18"", ""open"": 23.1, ""close"": 23.35, ""low"": 22.8, ""high"": 23.9, ""volume"": 236035}, {""date"": ""05-19"", ""open"": 23.7, ""close"": 22.6, ""low"": 22.6, ""high"": 23.95, ""volume"": 270000}, {""date"": ""05-20"", ""open"": 23.3, ""close"": 22.7, ""low"": 22.7, ""high"": 24.35, ""volume"": 235430}, {""date"": ""05-21"", ""open"": 22.4, ""close"": 22.9, ""low"": 22.4, ""high"": 24.5, ""volume"": 265100}, {""date"": ""05-22"", ""open"": 22.95, ""close"": 22.95, ""low"": 22.85, ""high"": 23.7, ""volume"": 159216}, {""date"": ""05-25"", ""open"": 23.7, ""close"": 23.85, ""low"": 22.95, ""high"": 24.0, ""volume"": 212001}, {""date"": ""05-26"", ""open"": 24.45, ""close"": 23.35, ""low"": 23.05, ""high"": 25.65, ""volume"": 606000}, {""date"": ""05-27"", ""open"": 24.0, ""close"": 25.05, ""low"": 23.35, ""high"": 25.65, ""volume"": 709146}, {""date"": ""05-28"", ""open"": 25.7, ""close"": 25.25, ""low"": 24.5, ""high"": 26.25, ""volume"": 676380}]"
2026-05-28,資訊服務業,2453,凌群,60.1,65.6,1,-3.84,7.9,,8.38,59.78,57.33,55.89,"[{""date"": ""04-30"", ""open"": 53.8, ""close"": 53.5, ""low"": 53.1, ""high"": 55.0, ""volume"": 355006}, {""date"": ""05-04"", ""open"": 54.0, ""close"": 53.7, ""low"": 53.6, ""high"": 54.5, ""volume"": 307500}, {""date"": ""05-05"", ""open"": 53.7, ""close"": 55.1, ""low"": 53.0, ""high"": 55.5, ""volume"": 605120}, {""date"": ""05-06"", ""open"": 56.0, ""close"": 54.6, ""low"": 54.4, ""high"": 56.0, ""volume"": 411030}, {""date"": ""05-07"", ""open"": 55.0, ""close"": 55.0, ""low"": 54.5, ""high"": 55.2, ""volume"": 285219}, {""date"": ""05-08"", ""open"": 55.0, ""close"": 54.6, ""low"": 54.2, ""high"": 55.5, ""volume"": 330101}, {""date"": ""05-11"", ""open"": 54.6, ""close"": 54.8, ""low"": 54.3, ""high"": 55.2, ""volume"": 373100}, {""date"": ""05-12"", ""open"": 54.9, ""close"": 54.6, ""low"": 54.0, ""high"": 55.1, ""volume"": 264026}, {""date"": ""05-13"", ""open"": 54.5, ""close"": 53.9, ""low"": 53.9, ""high"": 54.9, ""volume"": 394170}, {""date"": ""05-14"", ""open"": 54.1, ""close"": 54.8, ""low"": 54.1, ""high"": 55.2, ""volume"": 380015}, {""date"": ""05-15"", ""open"": 55.2, ""close"": 54.2, ""low"": 54.1, ""high"": 55.8, ""volume"": 706201}, {""date"": ""05-18"", ""open"": 54.2, ""close"": 55.3, ""low"": 54.0, ""high"": 55.8, ""volume"": 623100}, {""date"": ""05-19"", ""open"": 55.7, ""close"": 54.5, ""low"": 54.4, ""high"": 56.1, ""volume"": 594018}, {""date"": ""05-20"", ""open"": 54.9, ""close"": 54.7, ""low"": 54.5, ""high"": 55.2, ""volume"": 205148}, {""date"": ""05-21"", ""open"": 55.5, ""close"": 55.7, ""low"": 55.1, ""high"": 56.2, ""volume"": 597400}, {""date"": ""05-22"", ""open"": 56.2, ""close"": 57.2, ""low"": 55.9, ""high"": 57.2, ""volume"": 1165924}, {""date"": ""05-25"", ""open"": 58.4, ""close"": 57.5, ""low"": 56.8, ""high"": 58.4, ""volume"": 1039580}, {""date"": ""05-26"", ""open"": 58.2, ""close"": 61.6, ""low"": 58.2, ""high"": 62.2, ""volume"": 5374435}, {""date"": ""05-27"", ""open"": 65.6, ""close"": 62.5, ""low"": 61.6, ""high"": 65.6, ""volume"": 8893640}, {""date"": ""05-28"", ""open"": 62.0, ""close"": 60.1, ""low"": 59.9, ""high"": 62.0, ""volume"": 2191548}]"
2026-05-28,生技醫療業,1720,生達,61.0,66.6,60,-0.33,-2.24,,8.41,61.46,61.62,61.39,"[{""date"": ""04-30"", ""open"": 61.4, ""close"": 61.0, ""low"": 61.0, ""high"": 62.0, ""volume"": 167013}, {""date"": ""05-04"", ""open"": 61.0, ""close"": 60.7, ""low"": 60.5, ""high"": 61.4, ""volume"": 394451}, {""date"": ""05-05"", ""open"": 60.9, ""close"": 61.0, ""low"": 60.5, ""high"": 61.2, ""volume"": 136014}, {""date"": ""05-06"", ""open"": 61.5, ""close"": 61.3, ""low"": 60.9, ""high"": 61.5, ""volume"": 181033}, {""date"": ""05-07"", ""open"": 61.0, ""close"": 61.2, ""low"": 60.9, ""high"": 61.4, ""volume"": 233000}, {""date"": ""05-08"", ""open"": 61.0, ""close"": 61.1, ""low"": 60.8, ""high"": 61.5, ""volume"": 239000}, {""date"": ""05-11"", ""open"": 61.2, ""close"": 61.1, ""low"": 60.9, ""high"": 61.4, ""volume"": 209511}, {""date"": ""05-12"", ""open"": 61.2, ""close"": 60.8, ""low"": 60.8, ""high"": 61.2, ""volume"": 218750}, {""date"": ""05-13"", ""open"": 61.8, ""close"": 61.6, ""low"": 61.3, ""high"": 62.1, ""volume"": 404538}, {""date"": ""05-14"", ""open"": 61.6, ""close"": 61.8, ""low"": 61.4, ""high"": 62.5, ""volume"": 386530}, {""date"": ""05-15"", ""open"": 62.1, ""close"": 61.6, ""low"": 61.2, ""high"": 62.1, ""volume"": 242433}, {""date"": ""05-18"", ""open"": 61.6, ""close"": 61.3, ""low"": 61.0, ""high"": 61.6, ""volume"": 263200}, {""date"": ""05-19"", ""open"": 61.7, ""close"": 61.8, ""low"": 61.7, ""high"": 62.7, ""volume"": 290060}, {""date"": ""05-20"", ""open"": 61.8, ""close"": 61.8, ""low"": 61.6, ""high"": 62.0, ""volume"": 143010}, {""date"": ""05-21"", ""open"": 62.2, ""close"": 62.4, ""low"": 62.0, ""high"": 62.4, ""volume"": 177500}, {""date"": ""05-22"", ""open"": 62.2, ""close"": 62.1, ""low"": 61.8, ""high"": 62.2, ""volume"": 193011}, {""date"": ""05-25"", ""open"": 62.1, ""close"": 61.4, ""low"": 61.2, ""high"": 62.1, ""volume"": 398341}, {""date"": ""05-26"", ""open"": 61.4, ""close"": 61.6, ""low"": 61.0, ""high"": 61.6, ""volume"": 226031}, {""date"": ""05-27"", ""open"": 61.2, ""close"": 61.2, ""low"": 60.8, ""high"": 61.3, ""volume"": 393001}, {""date"": ""05-28"", ""open"": 61.2, ""close"": 61.0, ""low"": 60.8, ""high"": 61.3, ""volume"": 253388}]"
2026-05-28,紡織纖維,1465,偉全,12.3,13.45,155,0.0,2.07,,8.55,12.18,12.09,12.13,"[{""date"": ""04-30"", ""open"": 12.1, ""close"": 12.1, ""low"": 12.0, ""high"": 12.15, ""volume"": 44200}, {""date"": ""05-04"", ""open"": 12.0, ""close"": 12.15, ""low"": 12.0, ""high"": 12.15, ""volume"": 43154}, {""date"": ""05-05"", ""open"": 12.05, ""close"": 12.2, ""low"": 12.05, ""high"": 12.2, ""volume"": 50002}, {""date"": ""05-06"", ""open"": 12.2, ""close"": 12.35, ""low"": 12.2, ""high"": 12.45, ""volume"": 104000}, {""date"": ""05-07"", ""open"": 12.25, ""close"": 12.3, ""low"": 12.25, ""high"": 12.45, ""volume"": 65000}, {""date"": ""05-08"", ""open"": 12.45, ""close"": 12.3, ""low"": 12.15, ""high"": 12.45, ""volume"": 50080}, {""date"": ""05-11"", ""open"": 12.3, ""close"": 12.15, ""low"": 12.1, ""high"": 12.3, ""volume"": 59086}, {""date"": ""05-12"", ""open"": 12.1, ""close"": 12.05, ""low"": 12.0, ""high"": 12.2, ""volume"": 91000}, {""date"": ""05-13"", ""open"": 12.05, ""close"": 12.1, ""low"": 11.95, ""high"": 12.15, ""volume"": 35223}, {""date"": ""05-14"", ""open"": 12.0, ""close"": 11.95, ""low"": 11.95, ""high"": 12.1, ""volume"": 68125}, {""date"": ""05-15"", ""open"": 11.95, ""close"": 11.95, ""low"": 11.95, ""high"": 12.05, ""volume"": 38000}, {""date"": ""05-18"", ""open"": 11.9, ""close"": 11.95, ""low"": 11.85, ""high"": 12.05, ""volume"": 41000}, {""date"": ""05-19"", ""open"": 11.95, ""close"": 12.0, ""low"": 11.9, ""high"": 12.0, ""volume"": 43000}, {""date"": ""05-20"", ""open"": 11.9, ""close"": 12.0, ""low"": 11.9, ""high"": 12.0, ""volume"": 47000}, {""date"": ""05-21"", ""open"": 12.05, ""close"": 12.05, ""low"": 12.0, ""high"": 12.1, ""volume"": 35501}, {""date"": ""05-22"", ""open"": 12.0, ""close"": 12.05, ""low"": 12.0, ""high"": 12.05, ""volume"": 13000}, {""date"": ""05-25"", ""open"": 11.9, ""close"": 12.0, ""low"": 11.8, ""high"": 12.05, ""volume"": 144744}, {""date"": ""05-26"", ""open"": 12.0, ""close"": 12.25, ""low"": 11.9, ""high"": 12.65, ""volume"": 143041}, {""date"": ""05-27"", ""open"": 12.2, ""close"": 12.3, ""low"": 12.05, ""high"": 12.45, ""volume"": 84000}, {""date"": ""05-28"", ""open"": 12.3, ""close"": 12.3, ""low"": 12.2, ""high"": 12.4, ""volume"": 59532}]"
2026-05-28,電子零組件業,2478,大毅,122.5,134.0,3,2.08,5.6,,8.58,121.8,110.21,93.74,"[{""date"": ""04-30"", ""open"": 70.4, ""close"": 68.4, ""low"": 68.2, ""high"": 71.9, ""volume"": 2170580}, {""date"": ""05-04"", ""open"": 70.4, ""close"": 71.4, ""low"": 68.8, ""high"": 71.8, ""volume"": 1623914}, {""date"": ""05-05"", ""open"": 71.4, ""close"": 77.1, ""low"": 71.1, ""high"": 77.6, ""volume"": 9600926}, {""date"": ""05-06"", ""open"": 77.0, ""close"": 76.7, ""low"": 75.4, ""high"": 79.0, ""volume"": 8021113}, {""date"": ""05-07"", ""open"": 78.0, ""close"": 80.1, ""low"": 76.0, ""high"": 83.0, ""volume"": 13207362}, {""date"": ""05-08"", ""open"": 80.3, ""close"": 78.1, ""low"": 77.9, ""high"": 83.8, ""volume"": 11551283}, {""date"": ""05-11"", ""open"": 78.2, ""close"": 77.9, ""low"": 74.5, ""high"": 79.0, ""volume"": 3400496}, {""date"": ""05-12"", ""open"": 77.8, ""close"": 80.0, ""low"": 76.6, ""high"": 81.9, ""volume"": 5759630}, {""date"": ""05-13"", ""open"": 78.6, ""close"": 80.9, ""low"": 77.3, ""high"": 82.0, ""volume"": 4300424}, {""date"": ""05-14"", ""open"": 85.2, ""close"": 82.1, ""low"": 81.5, ""high"": 88.7, ""volume"": 9373312}, {""date"": ""05-15"", ""open"": 83.5, ""close"": 83.5, ""low"": 82.5, ""high"": 89.4, ""volume"": 9613842}, {""date"": ""05-18"", ""open"": 83.7, ""close"": 91.8, ""low"": 82.5, ""high"": 91.8, ""volume"": 11750279}, {""date"": ""05-19"", ""open"": 89.0, ""close"": 96.3, ""low"": 88.1, ""high"": 98.4, ""volume"": 23800890}, {""date"": ""05-20"", ""open"": 96.2, ""close"": 105.5, ""low"": 96.0, ""high"": 105.5, ""volume"": 9166077}, {""date"": ""05-21"", ""open"": 112.5, ""close"": 116.0, ""low"": 112.0, ""high"": 116.0, ""volume"": 4591674}, {""date"": ""05-22"", ""open"": 125.5, ""close"": 127.5, ""low"": 125.5, ""high"": 127.5, ""volume"": 3645302}, {""date"": ""05-25"", ""open"": 134.0, ""close"": 120.0, ""low"": 119.0, ""high"": 134.0, ""volume"": 25594417}, {""date"": ""05-26"", ""open"": 120.0, ""close"": 119.0, ""low"": 112.0, ""high"": 121.5, ""volume"": 3809652}, {""date"": ""05-27"", ""open"": 121.0, ""close"": 120.0, ""low"": 113.5, ""high"": 123.5, ""volume"": 3651413}, {""date"": ""05-28"", ""open"": 118.5, ""close"": 122.5, ""low"": 118.5, ""high"": 129.5, ""volume"": 4762824}]"
2026-05-28,汽車工業,2241,艾姆勒,38.3,41.9,112,5.36,3.79,,8.59,37.5,35.9,33.6,"[{""date"": ""04-30"", ""open"": 30.05, ""close"": 29.8, ""low"": 29.7, ""high"": 30.35, ""volume"": 624033}, {""date"": ""05-04"", ""open"": 29.9, ""close"": 29.8, ""low"": 29.7, ""high"": 31.5, ""volume"": 920085}, {""date"": ""05-05"", ""open"": 30.9, ""close"": 31.2, ""low"": 30.3, ""high"": 31.4, ""volume"": 785400}, {""date"": ""05-06"", ""open"": 31.5, ""close"": 30.25, ""low"": 30.0, ""high"": 31.5, ""volume"": 602001}, {""date"": ""05-07"", ""open"": 30.3, ""close"": 30.7, ""low"": 29.7, ""high"": 30.7, ""volume"": 755502}, {""date"": ""05-08"", ""open"": 30.9, ""close"": 29.65, ""low"": 29.5, ""high"": 30.9, ""volume"": 575022}, {""date"": ""05-11"", ""open"": 30.0, ""close"": 31.15, ""low"": 29.8, ""high"": 31.65, ""volume"": 1156411}, {""date"": ""05-12"", ""open"": 32.1, ""close"": 34.25, ""low"": 31.85, ""high"": 34.25, ""volume"": 3148583}, {""date"": ""05-13"", ""open"": 33.9, ""close"": 33.3, ""low"": 33.05, ""high"": 37.65, ""volume"": 4610000}, {""date"": ""05-14"", ""open"": 32.8, ""close"": 32.85, ""low"": 31.75, ""high"": 33.2, ""volume"": 1166009}, {""date"": ""05-15"", ""open"": 32.55, ""close"": 34.3, ""low"": 32.4, ""high"": 36.1, ""volume"": 3579046}, {""date"": ""05-18"", ""open"": 33.6, ""close"": 33.45, ""low"": 32.6, ""high"": 34.1, ""volume"": 1128000}, {""date"": ""05-19"", ""open"": 33.15, ""close"": 33.35, ""low"": 32.7, ""high"": 34.7, ""volume"": 940090}, {""date"": ""05-20"", ""open"": 33.45, ""close"": 33.55, ""low"": 32.85, ""high"": 34.05, ""volume"": 625070}, {""date"": ""05-21"", ""open"": 34.2, ""close"": 36.9, ""low"": 33.9, ""high"": 36.9, ""volume"": 3769617}, {""date"": ""05-22"", ""open"": 38.5, ""close"": 37.85, ""low"": 37.25, ""high"": 39.05, ""volume"": 5296184}, {""date"": ""05-25"", ""open"": 38.55, ""close"": 38.05, ""low"": 37.0, ""high"": 39.9, ""volume"": 3113526}, {""date"": ""05-26"", ""open"": 38.8, ""close"": 36.95, ""low"": 36.1, ""high"": 38.8, ""volume"": 2489200}, {""date"": ""05-27"", ""open"": 37.7, ""close"": 36.35, ""low"": 36.2, ""high"": 38.8, ""volume"": 1700257}, {""date"": ""05-28"", ""open"": 37.05, ""close"": 38.3, ""low"": 37.0, ""high"": 39.95, ""volume"": 10219686}]"
2026-05-28,其他,9944,新麗,17.0,18.6,76,0.89,0.0,,8.6,16.97,16.98,16.83,"[{""date"": ""04-30"", ""open"": 16.3, ""close"": 16.4, ""low"": 16.2, ""high"": 16.4, ""volume"": 42090}, {""date"": ""05-04"", ""open"": 16.3, ""close"": 16.35, ""low"": 16.25, ""high"": 16.4, ""volume"": 22151}, {""date"": ""05-05"", ""open"": 16.2, ""close"": 16.35, ""low"": 16.2, ""high"": 16.35, ""volume"": 34821}, {""date"": ""05-06"", ""open"": 16.25, ""close"": 16.45, ""low"": 16.2, ""high"": 16.45, ""volume"": 65000}, {""date"": ""05-07"", ""open"": 16.35, ""close"": 16.45, ""low"": 16.25, ""high"": 16.45, ""volume"": 120115}, {""date"": ""05-08"", ""open"": 16.35, ""close"": 16.5, ""low"": 16.3, ""high"": 16.5, ""volume"": 123032}, {""date"": ""05-11"", ""open"": 16.8, ""close"": 17.1, ""low"": 16.7, ""high"": 17.1, ""volume"": 239000}, {""date"": ""05-12"", ""open"": 17.05, ""close"": 17.1, ""low"": 16.95, ""high"": 17.35, ""volume"": 251100}, {""date"": ""05-13"", ""open"": 17.1, ""close"": 17.05, ""low"": 16.9, ""high"": 17.3, ""volume"": 196120}, {""date"": ""05-14"", ""open"": 17.2, ""close"": 17.1, ""low"": 17.0, ""high"": 17.2, ""volume"": 179115}, {""date"": ""05-15"", ""open"": 17.15, ""close"": 17.0, ""low"": 16.95, ""high"": 17.15, ""volume"": 226078}, {""date"": ""05-18"", ""open"": 17.0, ""close"": 17.0, ""low"": 16.95, ""high"": 17.05, ""volume"": 176000}, {""date"": ""05-19"", ""open"": 17.1, ""close"": 16.9, ""low"": 16.9, ""high"": 17.25, ""volume"": 177763}, {""date"": ""05-20"", ""open"": 16.9, ""close"": 17.0, ""low"": 16.75, ""high"": 17.0, ""volume"": 96035}, {""date"": ""05-21"", ""open"": 17.3, ""close"": 17.0, ""low"": 16.85, ""high"": 17.3, ""volume"": 146362}, {""date"": ""05-22"", ""open"": 16.95, ""close"": 17.0, ""low"": 16.85, ""high"": 17.0, ""volume"": 159180}, {""date"": ""05-25"", ""open"": 17.0, ""close"": 17.05, ""low"": 16.75, ""high"": 17.05, ""volume"": 208091}, {""date"": ""05-26"", ""open"": 17.0, ""close"": 16.95, ""low"": 16.65, ""high"": 17.1, ""volume"": 160000}, {""date"": ""05-27"", ""open"": 16.95, ""close"": 16.85, ""low"": 16.75, ""high"": 17.0, ""volume"": 117081}, {""date"": ""05-28"", ""open"": 16.85, ""close"": 17.0, ""low"": 16.85, ""high"": 17.0, ""volume"": 89679}]"
2026-05-28,電子通路業,5434,崇越,451.5,494.0,3,-4.65,7.76,,8.6,468.1,435.4,426.7,"[{""date"": ""04-30"", ""open"": 410.0, ""close"": 406.0, ""low"": 404.0, ""high"": 411.0, ""volume"": 776168}, {""date"": ""05-04"", ""open"": 410.0, ""close"": 416.0, ""low"": 410.0, ""high"": 418.0, ""volume"": 347200}, {""date"": ""05-05"", ""open"": 415.5, ""close"": 411.5, ""low"": 408.5, ""high"": 415.5, ""volume"": 338345}, {""date"": ""05-06"", ""open"": 416.5, ""close"": 425.0, ""low"": 415.5, ""high"": 426.0, ""volume"": 709406}, {""date"": ""05-07"", ""open"": 430.0, ""close"": 418.5, ""low"": 416.5, ""high"": 430.0, ""volume"": 751338}, {""date"": ""05-08"", ""open"": 428.0, ""close"": 423.0, ""low"": 420.5, ""high"": 434.0, ""volume"": 1216804}, {""date"": ""05-11"", ""open"": 429.0, ""close"": 431.0, ""low"": 418.5, ""high"": 438.0, ""volume"": 877632}, {""date"": ""05-12"", ""open"": 430.0, ""close"": 423.5, ""low"": 420.0, ""high"": 430.0, ""volume"": 1037156}, {""date"": ""05-13"", ""open"": 420.0, ""close"": 412.5, ""low"": 410.0, ""high"": 420.0, ""volume"": 551492}, {""date"": ""05-14"", ""open"": 415.0, ""close"": 413.0, ""low"": 412.5, ""high"": 421.5, ""volume"": 453363}, {""date"": ""05-15"", ""open"": 413.0, ""close"": 403.0, ""low"": 403.0, ""high"": 414.5, ""volume"": 638880}, {""date"": ""05-18"", ""open"": 400.0, ""close"": 400.5, ""low"": 390.5, ""high"": 401.0, ""volume"": 796500}, {""date"": ""05-19"", ""open"": 402.0, ""close"": 394.0, ""low"": 391.5, ""high"": 405.5, ""volume"": 613382}, {""date"": ""05-20"", ""open"": 401.0, ""close"": 397.0, ""low"": 396.0, ""high"": 403.0, ""volume"": 655017}, {""date"": ""05-21"", ""open"": 402.0, ""close"": 419.0, ""low"": 402.0, ""high"": 419.5, ""volume"": 746878}, {""date"": ""05-22"", ""open"": 424.0, ""close"": 449.5, ""low"": 422.0, ""high"": 454.5, ""volume"": 1954935}, {""date"": ""05-25"", ""open"": 479.5, ""close"": 485.0, ""low"": 470.5, ""high"": 494.0, ""volume"": 1243365}, {""date"": ""05-26"", ""open"": 485.0, ""close"": 481.0, ""low"": 475.0, ""high"": 485.0, ""volume"": 1173560}, {""date"": ""05-27"", ""open"": 481.0, ""close"": 473.5, ""low"": 468.0, ""high"": 481.0, ""volume"": 1068115}, {""date"": ""05-28"", ""open"": 472.5, ""close"": 451.5, ""low"": 451.0, ""high"": 472.5, ""volume"": 810359}]"
2026-05-28,電子通路業,3010,華立,138.0,151.0,24,-0.72,2.22,,8.61,139.2,133.65,134.07,"[{""date"": ""04-30"", ""open"": 135.0, ""close"": 132.5, ""low"": 131.5, ""high"": 135.0, ""volume"": 885222}, {""date"": ""05-04"", ""open"": 135.5, ""close"": 135.5, ""low"": 134.0, ""high"": 137.5, ""volume"": 1085364}, {""date"": ""05-05"", ""open"": 136.5, ""close"": 136.5, ""low"": 135.5, ""high"": 137.5, ""volume"": 803654}, {""date"": ""05-06"", ""open"": 138.0, ""close"": 136.0, ""low"": 134.0, ""high"": 138.0, ""volume"": 1222161}, {""date"": ""05-07"", ""open"": 135.0, ""close"": 132.0, ""low"": 132.0, ""high"": 136.0, ""volume"": 1480652}, {""date"": ""05-08"", ""open"": 134.0, ""close"": 133.5, ""low"": 131.5, ""high"": 135.5, ""volume"": 1519021}, {""date"": ""05-11"", ""open"": 136.0, ""close"": 136.0, ""low"": 134.0, ""high"": 137.5, ""volume"": 1488938}, {""date"": ""05-12"", ""open"": 137.0, ""close"": 141.0, ""low"": 135.5, ""high"": 141.0, ""volume"": 2689176}, {""date"": ""05-13"", ""open"": 132.0, ""close"": 132.0, ""low"": 129.0, ""high"": 133.0, ""volume"": 4131149}, {""date"": ""05-14"", ""open"": 133.0, ""close"": 130.0, ""low"": 130.0, ""high"": 134.0, ""volume"": 1750334}, {""date"": ""05-15"", ""open"": 131.0, ""close"": 128.5, ""low"": 127.0, ""high"": 132.5, ""volume"": 1298079}, {""date"": ""05-18"", ""open"": 126.0, ""close"": 125.0, ""low"": 122.0, ""high"": 126.0, ""volume"": 1513003}, {""date"": ""05-19"", ""open"": 125.0, ""close"": 123.0, ""low"": 122.0, ""high"": 128.0, ""volume"": 1627043}, {""date"": ""05-20"", ""open"": 124.0, ""close"": 129.0, ""low"": 123.0, ""high"": 130.5, ""volume"": 1527255}, {""date"": ""05-21"", ""open"": 131.0, ""close"": 135.0, ""low"": 130.0, ""high"": 135.5, ""volume"": 1975803}, {""date"": ""05-22"", ""open"": 135.0, ""close"": 138.0, ""low"": 134.0, ""high"": 138.0, ""volume"": 1433045}, {""date"": ""05-25"", ""open"": 140.5, ""close"": 140.0, ""low"": 137.5, ""high"": 141.5, ""volume"": 1735590}, {""date"": ""05-26"", ""open"": 142.0, ""close"": 141.0, ""low"": 139.0, ""high"": 142.0, ""volume"": 1280351}, {""date"": ""05-27"", ""open"": 142.0, ""close"": 139.0, ""low"": 138.5, ""high"": 142.0, ""volume"": 1373634}, {""date"": ""05-28"", ""open"": 141.5, ""close"": 138.0, ""low"": 136.5, ""high"": 144.0, ""volume"": 1358929}]"
2026-05-28,電子零組件業,4912,聯德控股-KY,106.0,116.0,3,-5.78,4.43,,8.62,108.2,105.9,98.55,"[{""date"": ""04-30"", ""open"": 80.2, ""close"": 81.7, ""low"": 80.2, ""high"": 82.2, ""volume"": 296918}, {""date"": ""05-04"", ""open"": 82.5, ""close"": 80.7, ""low"": 80.3, ""high"": 82.8, ""volume"": 433403}, {""date"": ""05-05"", ""open"": 80.7, ""close"": 81.7, ""low"": 80.2, ""high"": 81.9, ""volume"": 159275}, {""date"": ""05-06"", ""open"": 83.2, ""close"": 83.1, ""low"": 80.2, ""high"": 83.6, ""volume"": 465221}, {""date"": ""05-07"", ""open"": 91.4, ""close"": 91.4, ""low"": 91.4, ""high"": 91.4, ""volume"": 1111202}, {""date"": ""05-08"", ""open"": 91.4, ""close"": 94.3, ""low"": 90.4, ""high"": 97.2, ""volume"": 2040805}, {""date"": ""05-11"", ""open"": 95.0, ""close"": 95.1, ""low"": 94.0, ""high"": 98.0, ""volume"": 1301450}, {""date"": ""05-12"", ""open"": 96.1, ""close"": 95.0, ""low"": 93.0, ""high"": 96.1, ""volume"": 616328}, {""date"": ""05-13"", ""open"": 94.0, ""close"": 104.5, ""low"": 93.0, ""high"": 104.5, ""volume"": 2651085}, {""date"": ""05-14"", ""open"": 102.0, ""close"": 104.5, ""low"": 99.2, ""high"": 109.0, ""volume"": 3534751}, {""date"": ""05-15"", ""open"": 106.5, ""close"": 105.5, ""low"": 103.5, ""high"": 109.0, ""volume"": 2084771}, {""date"": ""05-18"", ""open"": 104.0, ""close"": 106.0, ""low"": 101.5, ""high"": 108.5, ""volume"": 1815050}, {""date"": ""05-19"", ""open"": 105.5, ""close"": 102.0, ""low"": 100.0, ""high"": 106.0, ""volume"": 1680125}, {""date"": ""05-20"", ""open"": 101.0, ""close"": 103.0, ""low"": 101.0, ""high"": 104.5, ""volume"": 813466}, {""date"": ""05-21"", ""open"": 103.5, ""close"": 101.5, ""low"": 101.0, ""high"": 104.5, ""volume"": 562010}, {""date"": ""05-22"", ""open"": 102.0, ""close"": 106.0, ""low"": 101.0, ""high"": 106.5, ""volume"": 1110560}, {""date"": ""05-25"", ""open"": 107.0, ""close"": 110.0, ""low"": 107.0, ""high"": 116.0, ""volume"": 1983638}, {""date"": ""05-26"", ""open"": 111.0, ""close"": 106.5, ""low"": 106.0, ""high"": 111.5, ""volume"": 825167}, {""date"": ""05-27"", ""open"": 108.0, ""close"": 112.5, ""low"": 104.5, ""high"": 116.0, ""volume"": 2248993}, {""date"": ""05-28"", ""open"": 112.5, ""close"": 106.0, ""low"": 103.5, ""high"": 113.5, ""volume"": 1204609}]"
2026-05-28,化學工業,4722,國精化,269.5,295.0,3,-0.37,3.45,,8.64,277.2,264.8,242.88,"[{""date"": ""04-30"", ""open"": 186.5, ""close"": 185.0, ""low"": 182.5, ""high"": 193.0, ""volume"": 1426100}, {""date"": ""05-04"", ""open"": 185.0, ""close"": 183.5, ""low"": 182.5, ""high"": 188.0, ""volume"": 1192230}, {""date"": ""05-05"", ""open"": 183.5, ""close"": 187.5, ""low"": 182.5, ""high"": 189.0, ""volume"": 1086124}, {""date"": ""05-06"", ""open"": 193.0, ""close"": 202.5, ""low"": 179.0, ""high"": 206.0, ""volume"": 7267279}, {""date"": ""05-07"", ""open"": 208.5, ""close"": 215.0, ""low"": 199.0, ""high"": 220.0, ""volume"": 7001424}, {""date"": ""05-08"", ""open"": 216.0, ""close"": 236.5, ""low"": 213.0, ""high"": 236.5, ""volume"": 10559330}, {""date"": ""05-11"", ""open"": 242.5, ""close"": 235.0, ""low"": 232.5, ""high"": 245.0, ""volume"": 8954040}, {""date"": ""05-12"", ""open"": 235.0, ""close"": 258.5, ""low"": 230.0, ""high"": 258.5, ""volume"": 7158116}, {""date"": ""05-13"", ""open"": 255.0, ""close"": 248.0, ""low"": 240.5, ""high"": 270.0, ""volume"": 9863440}, {""date"": ""05-14"", ""open"": 255.0, ""close"": 258.0, ""low"": 248.0, ""high"": 265.0, ""volume"": 4557494}, {""date"": ""05-15"", ""open"": 260.0, ""close"": 264.5, ""low"": 258.5, ""high"": 273.0, ""volume"": 6129817}, {""date"": ""05-18"", ""open"": 261.0, ""close"": 255.5, ""low"": 241.0, ""high"": 270.0, ""volume"": 5681893}, {""date"": ""05-19"", ""open"": 253.5, ""close"": 244.5, ""low"": 240.0, ""high"": 262.0, ""volume"": 4005562}, {""date"": ""05-20"", ""open"": 245.5, ""close"": 237.0, ""low"": 227.5, ""high"": 247.5, ""volume"": 4191184}, {""date"": ""05-21"", ""open"": 244.0, ""close"": 260.5, ""low"": 244.0, ""high"": 260.5, ""volume"": 2585155}, {""date"": ""05-22"", ""open"": 272.5, ""close"": 286.5, ""low"": 269.0, ""high"": 286.5, ""volume"": 6830433}, {""date"": ""05-25"", ""open"": 287.5, ""close"": 284.0, ""low"": 279.5, ""high"": 295.0, ""volume"": 5215384}, {""date"": ""05-26"", ""open"": 284.5, ""close"": 275.5, ""low"": 272.0, ""high"": 284.5, ""volume"": 1244121}, {""date"": ""05-27"", ""open"": 275.5, ""close"": 270.5, ""low"": 270.5, ""high"": 275.5, ""volume"": 962383}, {""date"": ""05-28"", ""open"": 270.5, ""close"": 269.5, ""low"": 268.0, ""high"": 281.0, ""volume"": 722419}]"
2026-05-28,觀光餐旅,2727,王品,232.0,254.0,210,-0.85,-1.07,,8.66,231.4,232.95,232.7,"[{""date"": ""04-30"", ""open"": 226.0, ""close"": 226.5, ""low"": 225.5, ""high"": 228.0, ""volume"": 220144}, {""date"": ""05-04"", ""open"": 228.0, ""close"": 229.0, ""low"": 226.0, ""high"": 229.0, ""volume"": 265463}, {""date"": ""05-05"", ""open"": 229.0, ""close"": 228.0, ""low"": 227.5, ""high"": 229.5, ""volume"": 300731}, {""date"": ""05-06"", ""open"": 228.0, ""close"": 232.0, ""low"": 227.5, ""high"": 232.0, ""volume"": 455645}, {""date"": ""05-07"", ""open"": 232.0, ""close"": 231.0, ""low"": 230.5, ""high"": 234.0, ""volume"": 596950}, {""date"": ""05-08"", ""open"": 234.0, ""close"": 234.5, ""low"": 231.0, ""high"": 238.5, ""volume"": 1527762}, {""date"": ""05-11"", ""open"": 234.5, ""close"": 235.0, ""low"": 234.0, ""high"": 236.5, ""volume"": 386946}, {""date"": ""05-12"", ""open"": 236.5, ""close"": 235.5, ""low"": 233.0, ""high"": 236.5, ""volume"": 311235}, {""date"": ""05-13"", ""open"": 233.0, ""close"": 236.0, ""low"": 233.0, ""high"": 237.0, ""volume"": 374333}, {""date"": ""05-14"", ""open"": 235.0, ""close"": 237.0, ""low"": 235.0, ""high"": 238.5, ""volume"": 478825}, {""date"": ""05-15"", ""open"": 237.5, ""close"": 236.5, ""low"": 236.5, ""high"": 238.5, ""volume"": 533182}, {""date"": ""05-18"", ""open"": 235.5, ""close"": 233.0, ""low"": 233.0, ""high"": 235.5, ""volume"": 339886}, {""date"": ""05-19"", ""open"": 234.0, ""close"": 234.0, ""low"": 233.0, ""high"": 236.0, ""volume"": 278217}, {""date"": ""05-20"", ""open"": 234.0, ""close"": 234.5, ""low"": 233.0, ""high"": 236.5, ""volume"": 364169}, {""date"": ""05-21"", ""open"": 235.0, ""close"": 234.5, ""low"": 232.5, ""high"": 235.0, ""volume"": 257462}, {""date"": ""05-22"", ""open"": 234.5, ""close"": 232.0, ""low"": 231.0, ""high"": 234.5, ""volume"": 339516}, {""date"": ""05-25"", ""open"": 233.0, ""close"": 229.5, ""low"": 229.5, ""high"": 233.0, ""volume"": 457821}, {""date"": ""05-26"", ""open"": 229.5, ""close"": 229.5, ""low"": 229.0, ""high"": 230.5, ""volume"": 217584}, {""date"": ""05-27"", ""open"": 230.0, ""close"": 234.0, ""low"": 228.0, ""high"": 234.5, ""volume"": 738895}, {""date"": ""05-28"", ""open"": 233.0, ""close"": 232.0, ""low"": 231.5, ""high"": 234.0, ""volume"": 260454}]"
2026-05-28,半導體業,3094,聯傑,34.2,37.45,5,-3.8,-4.87,,8.68,35.33,34.95,32.58,"[{""date"": ""04-30"", ""open"": 27.05, ""close"": 26.2, ""low"": 26.2, ""high"": 27.9, ""volume"": 1395172}, {""date"": ""05-04"", ""open"": 26.55, ""close"": 28.0, ""low"": 26.55, ""high"": 28.3, ""volume"": 3092725}, {""date"": ""05-05"", ""open"": 27.65, ""close"": 27.6, ""low"": 27.45, ""high"": 28.2, ""volume"": 1060500}, {""date"": ""05-06"", ""open"": 28.3, ""close"": 30.35, ""low"": 28.15, ""high"": 30.35, ""volume"": 7080744}, {""date"": ""05-07"", ""open"": 32.85, ""close"": 33.35, ""low"": 32.0, ""high"": 33.35, ""volume"": 7096032}, {""date"": ""05-08"", ""open"": 34.05, ""close"": 30.9, ""low"": 30.1, ""high"": 34.2, ""volume"": 9948802}, {""date"": ""05-11"", ""open"": 31.15, ""close"": 30.9, ""low"": 30.5, ""high"": 32.5, ""volume"": 2754162}, {""date"": ""05-12"", ""open"": 30.65, ""close"": 31.4, ""low"": 29.3, ""high"": 32.3, ""volume"": 3143502}, {""date"": ""05-13"", ""open"": 30.4, ""close"": 30.6, ""low"": 29.6, ""high"": 30.75, ""volume"": 1141089}, {""date"": ""05-14"", ""open"": 30.65, ""close"": 32.8, ""low"": 30.05, ""high"": 33.65, ""volume"": 6789185}, {""date"": ""05-15"", ""open"": 33.2, ""close"": 32.65, ""low"": 32.1, ""high"": 33.5, ""volume"": 4662500}, {""date"": ""05-18"", ""open"": 32.05, ""close"": 33.7, ""low"": 30.8, ""high"": 33.95, ""volume"": 2928390}, {""date"": ""05-19"", ""open"": 33.4, ""close"": 34.25, ""low"": 33.2, ""high"": 35.9, ""volume"": 4324205}, {""date"": ""05-20"", ""open"": 34.25, ""close"": 36.3, ""low"": 33.85, ""high"": 37.0, ""volume"": 8348153}, {""date"": ""05-21"", ""open"": 37.4, ""close"": 35.95, ""low"": 35.55, ""high"": 37.45, ""volume"": 6344222}, {""date"": ""05-22"", ""open"": 35.95, ""close"": 35.35, ""low"": 35.2, ""high"": 36.6, ""volume"": 3186236}, {""date"": ""05-25"", ""open"": 35.7, ""close"": 36.6, ""low"": 35.7, ""high"": 37.0, ""volume"": 4546545}, {""date"": ""05-26"", ""open"": 37.0, ""close"": 34.95, ""low"": 34.5, ""high"": 37.0, ""volume"": 2745820}, {""date"": ""05-27"", ""open"": 34.95, ""close"": 35.55, ""low"": 34.9, ""high"": 36.4, ""volume"": 4038375}, {""date"": ""05-28"", ""open"": 35.6, ""close"": 34.2, ""low"": 34.15, ""high"": 36.3, ""volume"": 2129834}]"
2026-05-28,建材營造,5515,建國,40.45,44.3,29,-0.37,0.87,,8.69,40.44,40.19,39.88,"[{""date"": ""04-30"", ""open"": 40.35, ""close"": 40.7, ""low"": 40.15, ""high"": 40.9, ""volume"": 227532}, {""date"": ""05-04"", ""open"": 40.75, ""close"": 39.6, ""low"": 39.5, ""high"": 40.75, ""volume"": 998391}, {""date"": ""05-05"", ""open"": 39.65, ""close"": 39.5, ""low"": 39.5, ""high"": 40.05, ""volume"": 468677}, {""date"": ""05-06"", ""open"": 39.85, ""close"": 39.8, ""low"": 39.3, ""high"": 40.1, ""volume"": 339939}, {""date"": ""05-07"", ""open"": 39.25, ""close"": 39.6, ""low"": 39.25, ""high"": 39.95, ""volume"": 484532}, {""date"": ""05-08"", ""open"": 39.6, ""close"": 39.95, ""low"": 39.55, ""high"": 40.05, ""volume"": 316005}, {""date"": ""05-11"", ""open"": 39.9, ""close"": 38.6, ""low"": 37.8, ""high"": 39.9, ""volume"": 1135382}, {""date"": ""05-12"", ""open"": 38.1, ""close"": 38.05, ""low"": 37.6, ""high"": 38.25, ""volume"": 829310}, {""date"": ""05-13"", ""open"": 38.0, ""close"": 39.0, ""low"": 38.0, ""high"": 39.05, ""volume"": 387258}, {""date"": ""05-14"", ""open"": 40.5, ""close"": 40.95, ""low"": 40.5, ""high"": 42.9, ""volume"": 2906533}, {""date"": ""05-15"", ""open"": 41.4, ""close"": 40.35, ""low"": 40.3, ""high"": 42.1, ""volume"": 1018793}, {""date"": ""05-18"", ""open"": 40.1, ""close"": 39.8, ""low"": 39.45, ""high"": 40.7, ""volume"": 713390}, {""date"": ""05-19"", ""open"": 39.75, ""close"": 39.8, ""low"": 39.55, ""high"": 40.55, ""volume"": 691624}, {""date"": ""05-20"", ""open"": 40.1, ""close"": 39.65, ""low"": 38.8, ""high"": 40.3, ""volume"": 1328000}, {""date"": ""05-21"", ""open"": 39.95, ""close"": 40.1, ""low"": 39.75, ""high"": 40.6, ""volume"": 1241010}, {""date"": ""05-22"", ""open"": 40.2, ""close"": 40.2, ""low"": 39.65, ""high"": 40.35, ""volume"": 526272}, {""date"": ""05-25"", ""open"": 40.0, ""close"": 40.7, ""low"": 39.9, ""high"": 40.75, ""volume"": 542120}, {""date"": ""05-26"", ""open"": 40.45, ""close"": 40.25, ""low"": 40.2, ""high"": 40.9, ""volume"": 291400}, {""date"": ""05-27"", ""open"": 40.6, ""close"": 40.6, ""low"": 40.3, ""high"": 41.05, ""volume"": 502828}, {""date"": ""05-28"", ""open"": 41.2, ""close"": 40.45, ""low"": 40.15, ""high"": 41.2, ""volume"": 335919}]"
2026-05-28,半導體業,4952,凌通,53.3,58.4,1,-4.48,1.52,,8.73,54.54,52.3,50.68,"[{""date"": ""04-30"", ""open"": 46.55, ""close"": 46.55, ""low"": 46.25, ""high"": 47.55, ""volume"": 474200}, {""date"": ""05-04"", ""open"": 46.6, ""close"": 46.8, ""low"": 46.6, ""high"": 47.9, ""volume"": 373000}, {""date"": ""05-05"", ""open"": 45.7, ""close"": 47.3, ""low"": 45.7, ""high"": 48.65, ""volume"": 761110}, {""date"": ""05-06"", ""open"": 47.9, ""close"": 47.1, ""low"": 46.75, ""high"": 48.3, ""volume"": 653009}, {""date"": ""05-07"", ""open"": 48.0, ""close"": 48.9, ""low"": 47.3, ""high"": 49.75, ""volume"": 1174274}, {""date"": ""05-08"", ""open"": 49.75, ""close"": 48.9, ""low"": 48.25, ""high"": 51.4, ""volume"": 1055130}, {""date"": ""05-11"", ""open"": 48.9, ""close"": 51.6, ""low"": 48.9, ""high"": 51.9, ""volume"": 1683120}, {""date"": ""05-12"", ""open"": 51.5, ""close"": 51.0, ""low"": 50.5, ""high"": 52.5, ""volume"": 1885154}, {""date"": ""05-13"", ""open"": 51.1, ""close"": 50.6, ""low"": 49.8, ""high"": 51.8, ""volume"": 1136042}, {""date"": ""05-14"", ""open"": 53.5, ""close"": 52.0, ""low"": 51.5, ""high"": 54.2, ""volume"": 2573304}, {""date"": ""05-15"", ""open"": 52.3, ""close"": 50.3, ""low"": 50.0, ""high"": 53.1, ""volume"": 1113005}, {""date"": ""05-18"", ""open"": 50.2, ""close"": 49.75, ""low"": 49.0, ""high"": 50.2, ""volume"": 431109}, {""date"": ""05-19"", ""open"": 49.75, ""close"": 48.0, ""low"": 47.6, ""high"": 49.8, ""volume"": 625201}, {""date"": ""05-20"", ""open"": 47.9, ""close"": 49.7, ""low"": 47.5, ""high"": 51.1, ""volume"": 698100}, {""date"": ""05-21"", ""open"": 50.5, ""close"": 52.5, ""low"": 49.95, ""high"": 53.5, ""volume"": 2603070}, {""date"": ""05-22"", ""open"": 52.6, ""close"": 53.9, ""low"": 52.0, ""high"": 54.3, ""volume"": 2329472}, {""date"": ""05-25"", ""open"": 54.4, ""close"": 54.7, ""low"": 53.1, ""high"": 56.4, ""volume"": 2260227}, {""date"": ""05-26"", ""open"": 54.7, ""close"": 55.0, ""low"": 53.3, ""high"": 55.7, ""volume"": 1935236}, {""date"": ""05-27"", ""open"": 55.8, ""close"": 55.8, ""low"": 54.7, ""high"": 58.4, ""volume"": 6640790}, {""date"": ""05-28"", ""open"": 54.5, ""close"": 53.3, ""low"": 52.3, ""high"": 55.5, ""volume"": 1803739}]"
2026-05-28,其他電子業,6139,亞翔,778.0,853.0,2,-4.07,-0.77,,8.79,798.2,764.7,730.9,"[{""date"": ""04-30"", ""open"": 673.0, ""close"": 670.0, ""low"": 666.0, ""high"": 680.0, ""volume"": 1776949}, {""date"": ""05-04"", ""open"": 679.0, ""close"": 695.0, ""low"": 679.0, ""high"": 699.0, ""volume"": 2643078}, {""date"": ""05-05"", ""open"": 703.0, ""close"": 691.0, ""low"": 685.0, ""high"": 705.0, ""volume"": 2046553}, {""date"": ""05-06"", ""open"": 703.0, ""close"": 715.0, ""low"": 682.0, ""high"": 717.0, ""volume"": 4045760}, {""date"": ""05-07"", ""open"": 729.0, ""close"": 721.0, ""low"": 710.0, ""high"": 740.0, ""volume"": 3122569}, {""date"": ""05-08"", ""open"": 719.0, ""close"": 714.0, ""low"": 693.0, ""high"": 735.0, ""volume"": 2966834}, {""date"": ""05-11"", ""open"": 719.0, ""close"": 679.0, ""low"": 655.0, ""high"": 719.0, ""volume"": 6276180}, {""date"": ""05-12"", ""open"": 680.0, ""close"": 680.0, ""low"": 663.0, ""high"": 686.0, ""volume"": 3479614}, {""date"": ""05-13"", ""open"": 680.0, ""close"": 686.0, ""low"": 675.0, ""high"": 718.0, ""volume"": 6690079}, {""date"": ""05-14"", ""open"": 698.0, ""close"": 720.0, ""low"": 692.0, ""high"": 736.0, ""volume"": 6269704}, {""date"": ""05-15"", ""open"": 745.0, ""close"": 693.0, ""low"": 690.0, ""high"": 754.0, ""volume"": 6406899}, {""date"": ""05-18"", ""open"": 693.0, ""close"": 721.0, ""low"": 668.0, ""high"": 722.0, ""volume"": 3528325}, {""date"": ""05-19"", ""open"": 726.0, ""close"": 738.0, ""low"": 711.0, ""high"": 768.0, ""volume"": 7529133}, {""date"": ""05-20"", ""open"": 738.0, ""close"": 720.0, ""low"": 708.0, ""high"": 754.0, ""volume"": 7177451}, {""date"": ""05-21"", ""open"": 732.0, ""close"": 784.0, ""low"": 728.0, ""high"": 790.0, ""volume"": 7497884}, {""date"": ""05-22"", ""open"": 808.0, ""close"": 769.0, ""low"": 767.0, ""high"": 808.0, ""volume"": 6237348}, {""date"": ""05-25"", ""open"": 783.0, ""close"": 807.0, ""low"": 777.0, ""high"": 825.0, ""volume"": 5680124}, {""date"": ""05-26"", ""open"": 817.0, ""close"": 826.0, ""low"": 811.0, ""high"": 853.0, ""volume"": 5798291}, {""date"": ""05-27"", ""open"": 840.0, ""close"": 811.0, ""low"": 804.0, ""high"": 840.0, ""volume"": 5118227}, {""date"": ""05-28"", ""open"": 816.0, ""close"": 778.0, ""low"": 765.0, ""high"": 816.0, ""volume"": 4330989}]"
2026-05-28,金融保險,2845,遠東銀,11.9,13.05,92,0.0,-0.83,,8.81,11.99,11.99,12.09,"[{""date"": ""04-30"", ""open"": 12.3, ""close"": 12.25, ""low"": 12.25, ""high"": 12.35, ""volume"": 9099105}, {""date"": ""05-04"", ""open"": 12.25, ""close"": 12.2, ""low"": 12.2, ""high"": 12.3, ""volume"": 11142083}, {""date"": ""05-05"", ""open"": 12.2, ""close"": 12.2, ""low"": 12.2, ""high"": 12.25, ""volume"": 6369590}, {""date"": ""05-06"", ""open"": 12.3, ""close"": 12.25, ""low"": 12.2, ""high"": 12.3, ""volume"": 7650466}, {""date"": ""05-07"", ""open"": 12.25, ""close"": 12.25, ""low"": 12.2, ""high"": 12.3, ""volume"": 12425701}, {""date"": ""05-08"", ""open"": 12.3, ""close"": 12.2, ""low"": 12.2, ""high"": 12.3, ""volume"": 6660265}, {""date"": ""05-11"", ""open"": 12.2, ""close"": 12.2, ""low"": 12.15, ""high"": 12.25, ""volume"": 12377645}, {""date"": ""05-12"", ""open"": 12.2, ""close"": 12.15, ""low"": 12.15, ""high"": 12.25, ""volume"": 8704098}, {""date"": ""05-13"", ""open"": 12.15, ""close"": 12.1, ""low"": 12.1, ""high"": 12.15, ""volume"": 9101701}, {""date"": ""05-14"", ""open"": 12.15, ""close"": 12.05, ""low"": 12.05, ""high"": 12.15, ""volume"": 13482920}, {""date"": ""05-15"", ""open"": 12.05, ""close"": 12.05, ""low"": 12.05, ""high"": 12.1, ""volume"": 8518657}, {""date"": ""05-18"", ""open"": 12.05, ""close"": 11.95, ""low"": 11.95, ""high"": 12.05, ""volume"": 15303350}, {""date"": ""05-19"", ""open"": 11.95, ""close"": 12.05, ""low"": 11.95, ""high"": 12.05, ""volume"": 12267672}, {""date"": ""05-20"", ""open"": 12.05, ""close"": 11.95, ""low"": 11.95, ""high"": 12.1, ""volume"": 8001816}, {""date"": ""05-21"", ""open"": 12.0, ""close"": 12.0, ""low"": 11.95, ""high"": 12.05, ""volume"": 10959377}, {""date"": ""05-22"", ""open"": 12.0, ""close"": 12.1, ""low"": 11.95, ""high"": 12.1, ""volume"": 10279921}, {""date"": ""05-25"", ""open"": 12.1, ""close"": 12.05, ""low"": 12.0, ""high"": 12.1, ""volume"": 10106137}, {""date"": ""05-26"", ""open"": 12.05, ""close"": 12.0, ""low"": 12.0, ""high"": 12.1, ""volume"": 11419683}, {""date"": ""05-27"", ""open"": 12.0, ""close"": 11.9, ""low"": 11.9, ""high"": 12.0, ""volume"": 15038447}, {""date"": ""05-28"", ""open"": 11.9, ""close"": 11.9, ""low"": 11.85, ""high"": 11.95, ""volume"": 9113055}]"
2026-05-28,電子通路業,3033,威健,50.4,55.3,4,-0.59,-4.0,,8.86,50.9,50.38,46.15,"[{""date"": ""04-30"", ""open"": 36.0, ""close"": 35.75, ""low"": 35.55, ""high"": 36.0, ""volume"": 3139930}, {""date"": ""05-04"", ""open"": 36.55, ""close"": 37.9, ""low"": 36.45, ""high"": 38.75, ""volume"": 30641916}, {""date"": ""05-05"", ""open"": 37.9, ""close"": 38.55, ""low"": 37.55, ""high"": 38.75, ""volume"": 14049489}, {""date"": ""05-06"", ""open"": 40.8, ""close"": 42.4, ""low"": 40.45, ""high"": 42.4, ""volume"": 51459088}, {""date"": ""05-07"", ""open"": 45.0, ""close"": 42.9, ""low"": 42.6, ""high"": 45.3, ""volume"": 35897317}, {""date"": ""05-08"", ""open"": 42.4, ""close"": 43.85, ""low"": 41.95, ""high"": 45.0, ""volume"": 21482335}, {""date"": ""05-11"", ""open"": 44.6, ""close"": 44.0, ""low"": 43.55, ""high"": 45.5, ""volume"": 16638631}, {""date"": ""05-12"", ""open"": 44.0, ""close"": 44.45, ""low"": 42.25, ""high"": 44.6, ""volume"": 16808489}, {""date"": ""05-13"", ""open"": 43.95, ""close"": 42.95, ""low"": 42.65, ""high"": 44.4, ""volume"": 9099483}, {""date"": ""05-14"", ""open"": 43.35, ""close"": 46.4, ""low"": 43.3, ""high"": 46.75, ""volume"": 27413007}, {""date"": ""05-15"", ""open"": 45.95, ""close"": 47.9, ""low"": 45.05, ""high"": 48.5, ""volume"": 30397356}, {""date"": ""05-18"", ""open"": 47.3, ""close"": 48.7, ""low"": 46.85, ""high"": 48.75, ""volume"": 30700996}, {""date"": ""05-19"", ""open"": 48.0, ""close"": 48.8, ""low"": 47.9, ""high"": 49.75, ""volume"": 26720501}, {""date"": ""05-20"", ""open"": 49.15, ""close"": 51.4, ""low"": 48.95, ""high"": 52.5, ""volume"": 43818407}, {""date"": ""05-21"", ""open"": 51.8, ""close"": 52.5, ""low"": 50.6, ""high"": 53.0, ""volume"": 26496701}, {""date"": ""05-22"", ""open"": 53.0, ""close"": 53.9, ""low"": 52.3, ""high"": 55.3, ""volume"": 23850001}, {""date"": ""05-25"", ""open"": 54.6, ""close"": 49.2, ""low"": 48.85, ""high"": 54.6, ""volume"": 42556396}, {""date"": ""05-26"", ""open"": 49.2, ""close"": 50.3, ""low"": 48.85, ""high"": 50.8, ""volume"": 17141580}, {""date"": ""05-27"", ""open"": 51.4, ""close"": 50.7, ""low"": 49.55, ""high"": 51.9, ""volume"": 17551541}, {""date"": ""05-28"", ""open"": 51.1, ""close"": 50.4, ""low"": 50.2, ""high"": 51.7, ""volume"": 8190429}]"
2026-05-28,資訊服務業,6183,關貿,91.1,100.0,179,-0.22,-0.44,,8.9,91.36,91.6,91.86,"[{""date"": ""04-30"", ""open"": 92.6, ""close"": 92.2, ""low"": 92.0, ""high"": 92.6, ""volume"": 19031}, {""date"": ""05-04"", ""open"": 92.2, ""close"": 92.0, ""low"": 91.9, ""high"": 92.2, ""volume"": 43004}, {""date"": ""05-05"", ""open"": 91.9, ""close"": 91.8, ""low"": 91.6, ""high"": 92.0, ""volume"": 27028}, {""date"": ""05-06"", ""open"": 91.8, ""close"": 92.0, ""low"": 91.7, ""high"": 92.8, ""volume"": 62001}, {""date"": ""05-07"", ""open"": 92.0, ""close"": 91.8, ""low"": 91.7, ""high"": 92.0, ""volume"": 60002}, {""date"": ""05-08"", ""open"": 93.4, ""close"": 92.7, ""low"": 92.2, ""high"": 93.4, ""volume"": 24004}, {""date"": ""05-11"", ""open"": 93.0, ""close"": 92.0, ""low"": 92.0, ""high"": 93.0, ""volume"": 23004}, {""date"": ""05-12"", ""open"": 94.2, ""close"": 92.5, ""low"": 91.7, ""high"": 94.2, ""volume"": 54002}, {""date"": ""05-13"", ""open"": 92.4, ""close"": 92.2, ""low"": 92.0, ""high"": 92.4, ""volume"": 14002}, {""date"": ""05-14"", ""open"": 92.0, ""close"": 92.0, ""low"": 91.8, ""high"": 92.1, ""volume"": 47002}, {""date"": ""05-15"", ""open"": 92.0, ""close"": 92.0, ""low"": 91.6, ""high"": 92.0, ""volume"": 34001}, {""date"": ""05-18"", ""open"": 92.0, ""close"": 91.9, ""low"": 91.8, ""high"": 92.0, ""volume"": 25001}, {""date"": ""05-19"", ""open"": 91.5, ""close"": 91.6, ""low"": 91.5, ""high"": 91.7, ""volume"": 5000}, {""date"": ""05-20"", ""open"": 92.4, ""close"": 92.2, ""low"": 91.5, ""high"": 92.4, ""volume"": 34001}, {""date"": ""05-21"", ""open"": 92.3, ""close"": 91.5, ""low"": 91.5, ""high"": 92.6, ""volume"": 14001}, {""date"": ""05-22"", ""open"": 91.5, ""close"": 91.6, ""low"": 91.5, ""high"": 92.0, ""volume"": 24081}, {""date"": ""05-25"", ""open"": 91.6, ""close"": 91.4, ""low"": 91.4, ""high"": 91.9, ""volume"": 25300}, {""date"": ""05-26"", ""open"": 91.5, ""close"": 91.4, ""low"": 91.0, ""high"": 91.5, ""volume"": 43015}, {""date"": ""05-27"", ""open"": 91.8, ""close"": 91.3, ""low"": 91.2, ""high"": 91.8, ""volume"": 22015}, {""date"": ""05-28"", ""open"": 91.4, ""close"": 91.1, ""low"": 91.1, ""high"": 91.5, ""volume"": 14769}]"
2026-05-28,其他電子業,6691,洋基工程,642.0,705.0,60,-4.75,3.38,,8.94,648.0,634.5,640.15,"[{""date"": ""04-30"", ""open"": 638.0, ""close"": 631.0, ""low"": 630.0, ""high"": 638.0, ""volume"": 302694}, {""date"": ""05-04"", ""open"": 636.0, ""close"": 641.0, ""low"": 636.0, ""high"": 647.0, ""volume"": 343287}, {""date"": ""05-05"", ""open"": 638.0, ""close"": 639.0, ""low"": 632.0, ""high"": 643.0, ""volume"": 368428}, {""date"": ""05-06"", ""open"": 645.0, ""close"": 677.0, ""low"": 634.0, ""high"": 680.0, ""volume"": 1005420}, {""date"": ""05-07"", ""open"": 675.0, ""close"": 671.0, ""low"": 668.0, ""high"": 680.0, ""volume"": 406561}, {""date"": ""05-08"", ""open"": 663.0, ""close"": 654.0, ""low"": 652.0, ""high"": 681.0, ""volume"": 614478}, {""date"": ""05-11"", ""open"": 660.0, ""close"": 643.0, ""low"": 630.0, ""high"": 660.0, ""volume"": 523237}, {""date"": ""05-12"", ""open"": 644.0, ""close"": 633.0, ""low"": 632.0, ""high"": 644.0, ""volume"": 373452}, {""date"": ""05-13"", ""open"": 630.0, ""close"": 632.0, ""low"": 630.0, ""high"": 649.0, ""volume"": 462510}, {""date"": ""05-14"", ""open"": 634.0, ""close"": 637.0, ""low"": 631.0, ""high"": 646.0, ""volume"": 311227}, {""date"": ""05-15"", ""open"": 643.0, ""close"": 628.0, ""low"": 626.0, ""high"": 644.0, ""volume"": 339304}, {""date"": ""05-18"", ""open"": 618.0, ""close"": 623.0, ""low"": 612.0, ""high"": 628.0, ""volume"": 308612}, {""date"": ""05-19"", ""open"": 623.0, ""close"": 620.0, ""low"": 616.0, ""high"": 637.0, ""volume"": 277403}, {""date"": ""05-20"", ""open"": 620.0, ""close"": 613.0, ""low"": 609.0, ""high"": 625.0, ""volume"": 318093}, {""date"": ""05-21"", ""open"": 619.0, ""close"": 621.0, ""low"": 615.0, ""high"": 628.0, ""volume"": 467703}, {""date"": ""05-22"", ""open"": 624.0, ""close"": 628.0, ""low"": 619.0, ""high"": 632.0, ""volume"": 268212}, {""date"": ""05-25"", ""open"": 631.0, ""close"": 646.0, ""low"": 631.0, ""high"": 652.0, ""volume"": 611859}, {""date"": ""05-26"", ""open"": 647.0, ""close"": 650.0, ""low"": 647.0, ""high"": 666.0, ""volume"": 931717}, {""date"": ""05-27"", ""open"": 653.0, ""close"": 674.0, ""low"": 648.0, ""high"": 677.0, ""volume"": 1004626}, {""date"": ""05-28"", ""open"": 674.0, ""close"": 642.0, ""low"": 638.0, ""high"": 674.0, ""volume"": 673832}]"
2026-05-28,貿易百貨,8443,阿瘦,11.2,12.3,174,-0.44,-1.32,,8.94,11.24,11.33,11.52,"[{""date"": ""04-30"", ""open"": 11.8, ""close"": 11.85, ""low"": 11.75, ""high"": 11.85, ""volume"": 40001}, {""date"": ""05-04"", ""open"": 11.65, ""close"": 11.8, ""low"": 11.65, ""high"": 11.8, ""volume"": 24061}, {""date"": ""05-05"", ""open"": 11.5, ""close"": 11.6, ""low"": 11.5, ""high"": 11.8, ""volume"": 36000}, {""date"": ""05-06"", ""open"": 11.75, ""close"": 11.75, ""low"": 11.7, ""high"": 11.75, ""volume"": 18300}, {""date"": ""05-07"", ""open"": 11.65, ""close"": 11.8, ""low"": 11.65, ""high"": 11.8, ""volume"": 20059}, {""date"": ""05-08"", ""open"": 11.55, ""close"": 11.8, ""low"": 11.55, ""high"": 11.8, ""volume"": 32336}, {""date"": ""05-11"", ""open"": 11.65, ""close"": 11.7, ""low"": 11.65, ""high"": 11.75, ""volume"": 21057}, {""date"": ""05-12"", ""open"": 11.65, ""close"": 11.65, ""low"": 11.6, ""high"": 11.65, ""volume"": 14248}, {""date"": ""05-13"", ""open"": 11.65, ""close"": 11.65, ""low"": 11.65, ""high"": 11.65, ""volume"": 9030}, {""date"": ""05-14"", ""open"": 11.65, ""close"": 11.5, ""low"": 11.5, ""high"": 11.65, ""volume"": 26112}, {""date"": ""05-15"", ""open"": 11.5, ""close"": 11.45, ""low"": 11.45, ""high"": 11.55, ""volume"": 25009}, {""date"": ""05-18"", ""open"": 11.45, ""close"": 11.45, ""low"": 11.45, ""high"": 11.45, ""volume"": 9240}, {""date"": ""05-19"", ""open"": 11.45, ""close"": 11.45, ""low"": 11.45, ""high"": 11.45, ""volume"": 5018}, {""date"": ""05-20"", ""open"": 11.35, ""close"": 11.4, ""low"": 11.15, ""high"": 11.4, ""volume"": 19010}, {""date"": ""05-21"", ""open"": 11.4, ""close"": 11.35, ""low"": 11.35, ""high"": 11.4, ""volume"": 44555}, {""date"": ""05-22"", ""open"": 11.35, ""close"": 11.3, ""low"": 11.3, ""high"": 11.35, ""volume"": 18495}, {""date"": ""05-25"", ""open"": 11.3, ""close"": 11.15, ""low"": 11.15, ""high"": 11.3, ""volume"": 77001}, {""date"": ""05-26"", ""open"": 11.2, ""close"": 11.3, ""low"": 11.2, ""high"": 11.3, ""volume"": 24001}, {""date"": ""05-27"", ""open"": 11.15, ""close"": 11.25, ""low"": 11.15, ""high"": 11.3, ""volume"": 12045}, {""date"": ""05-28"", ""open"": 11.2, ""close"": 11.2, ""low"": 11.15, ""high"": 11.3, ""volume"": 19575}]"
2026-05-28,半導體業,6552,易華電,34.6,38.0,1,-5.34,20.56,,8.95,34.86,31.6,31.16,"[{""date"": ""04-30"", ""open"": 33.1, ""close"": 32.2, ""low"": 31.7, ""high"": 35.6, ""volume"": 2395660}, {""date"": ""05-04"", ""open"": 31.8, ""close"": 32.65, ""low"": 30.8, ""high"": 33.85, ""volume"": 939040}, {""date"": ""05-05"", ""open"": 32.65, ""close"": 32.2, ""low"": 32.05, ""high"": 32.7, ""volume"": 253799}, {""date"": ""05-06"", ""open"": 32.4, ""close"": 31.1, ""low"": 31.0, ""high"": 32.6, ""volume"": 364202}, {""date"": ""05-07"", ""open"": 31.1, ""close"": 31.0, ""low"": 30.85, ""high"": 31.4, ""volume"": 204490}, {""date"": ""05-08"", ""open"": 30.5, ""close"": 29.6, ""low"": 28.9, ""high"": 30.65, ""volume"": 419327}, {""date"": ""05-11"", ""open"": 29.55, ""close"": 30.5, ""low"": 29.55, ""high"": 30.9, ""volume"": 358659}, {""date"": ""05-12"", ""open"": 30.6, ""close"": 30.0, ""low"": 29.65, ""high"": 30.6, ""volume"": 216490}, {""date"": ""05-13"", ""open"": 29.6, ""close"": 29.0, ""low"": 28.75, ""high"": 29.6, ""volume"": 244000}, {""date"": ""05-14"", ""open"": 29.15, ""close"": 28.9, ""low"": 28.8, ""high"": 29.5, ""volume"": 196001}, {""date"": ""05-15"", ""open"": 28.85, ""close"": 28.4, ""low"": 28.2, ""high"": 29.0, ""volume"": 198100}, {""date"": ""05-18"", ""open"": 28.0, ""close"": 28.65, ""low"": 27.8, ""high"": 29.75, ""volume"": 115024}, {""date"": ""05-19"", ""open"": 29.45, ""close"": 28.0, ""low"": 27.5, ""high"": 29.45, ""volume"": 170000}, {""date"": ""05-20"", ""open"": 27.85, ""close"": 28.0, ""low"": 27.6, ""high"": 28.25, ""volume"": 125000}, {""date"": ""05-21"", ""open"": 28.75, ""close"": 28.7, ""low"": 28.55, ""high"": 29.1, ""volume"": 157580}, {""date"": ""05-22"", ""open"": 28.8, ""close"": 31.55, ""low"": 28.8, ""high"": 31.55, ""volume"": 1376010}, {""date"": ""05-25"", ""open"": 32.0, ""close"": 34.7, ""low"": 32.0, ""high"": 34.7, ""volume"": 2003000}, {""date"": ""05-26"", ""open"": 34.8, ""close"": 36.9, ""low"": 33.8, ""high"": 37.7, ""volume"": 2633331}, {""date"": ""05-27"", ""open"": 36.9, ""close"": 36.55, ""low"": 36.1, ""high"": 38.0, ""volume"": 1514469}, {""date"": ""05-28"", ""open"": 36.2, ""close"": 34.6, ""low"": 34.5, ""high"": 37.45, ""volume"": 943325}]"
2026-05-28,電腦及週邊設備業,2387,精元,40.35,44.33,235,0.0,3.2,,8.99,40.34,39.43,39.78,"[{""date"": ""04-30"", ""open"": 40.9, ""close"": 40.5, ""low"": 40.5, ""high"": 40.9, ""volume"": 298100}, {""date"": ""05-04"", ""open"": 40.4, ""close"": 40.8, ""low"": 40.4, ""high"": 41.2, ""volume"": 459129}, {""date"": ""05-05"", ""open"": 40.8, ""close"": 41.35, ""low"": 40.8, ""high"": 41.6, ""volume"": 598320}, {""date"": ""05-06"", ""open"": 41.8, ""close"": 41.0, ""low"": 40.7, ""high"": 41.8, ""volume"": 587518}, {""date"": ""05-07"", ""open"": 41.0, ""close"": 41.65, ""low"": 41.0, ""high"": 41.7, ""volume"": 846115}, {""date"": ""05-08"", ""open"": 41.65, ""close"": 40.75, ""low"": 40.6, ""high"": 41.85, ""volume"": 805748}, {""date"": ""05-11"", ""open"": 40.8, ""close"": 40.0, ""low"": 39.7, ""high"": 40.8, ""volume"": 943720}, {""date"": ""05-12"", ""open"": 39.35, ""close"": 38.5, ""low"": 38.05, ""high"": 39.35, ""volume"": 1469444}, {""date"": ""05-13"", ""open"": 38.4, ""close"": 38.15, ""low"": 37.85, ""high"": 38.4, ""volume"": 1054172}, {""date"": ""05-14"", ""open"": 38.0, ""close"": 38.55, ""low"": 38.0, ""high"": 38.9, ""volume"": 639148}, {""date"": ""05-15"", ""open"": 38.55, ""close"": 38.2, ""low"": 38.0, ""high"": 38.85, ""volume"": 753543}, {""date"": ""05-18"", ""open"": 38.05, ""close"": 38.5, ""low"": 37.9, ""high"": 38.7, ""volume"": 331186}, {""date"": ""05-19"", ""open"": 38.5, ""close"": 38.3, ""low"": 38.25, ""high"": 38.85, ""volume"": 386000}, {""date"": ""05-20"", ""open"": 38.25, ""close"": 38.5, ""low"": 38.25, ""high"": 38.8, ""volume"": 307000}, {""date"": ""05-21"", ""open"": 38.6, ""close"": 39.1, ""low"": 38.6, ""high"": 39.2, ""volume"": 532910}, {""date"": ""05-22"", ""open"": 39.1, ""close"": 39.65, ""low"": 38.95, ""high"": 39.95, ""volume"": 584312}, {""date"": ""05-25"", ""open"": 39.4, ""close"": 39.95, ""low"": 39.3, ""high"": 40.0, ""volume"": 785894}, {""date"": ""05-26"", ""open"": 40.05, ""close"": 41.4, ""low"": 40.05, ""high"": 41.55, ""volume"": 1590950}, {""date"": ""05-27"", ""open"": 41.5, ""close"": 40.35, ""low"": 40.25, ""high"": 41.5, ""volume"": 1004660}, {""date"": ""05-28"", ""open"": 40.2, ""close"": 40.35, ""low"": 40.1, ""high"": 41.1, ""volume"": 586148}]"
2026-05-28,電子零組件業,3037,欣興,1010.0,1110.0,1,-6.48,11.6,,9.01,1027.0,931.8,904.8,"[{""date"": ""04-30"", ""open"": 828.0, ""close"": 883.0, ""low"": 815.0, ""high"": 883.0, ""volume"": 33290155}, {""date"": ""05-04"", ""open"": 912.0, ""close"": 911.0, ""low"": 862.0, ""high"": 920.0, ""volume"": 42009149}, {""date"": ""05-05"", ""open"": 899.0, ""close"": 903.0, ""low"": 893.0, ""high"": 948.0, ""volume"": 25232084}, {""date"": ""05-06"", ""open"": 908.0, ""close"": 858.0, ""low"": 846.0, ""high"": 928.0, ""volume"": 40640067}, {""date"": ""05-07"", ""open"": 875.0, ""close"": 896.0, ""low"": 862.0, ""high"": 905.0, ""volume"": 25433902}, {""date"": ""05-08"", ""open"": 871.0, ""close"": 818.0, ""low"": 808.0, ""high"": 872.0, ""volume"": 31729292}, {""date"": ""05-11"", ""open"": 830.0, ""close"": 861.0, ""low"": 822.0, ""high"": 889.0, ""volume"": 26975631}, {""date"": ""05-12"", ""open"": 904.0, ""close"": 875.0, ""low"": 872.0, ""high"": 926.0, ""volume"": 28764891}, {""date"": ""05-13"", ""open"": 853.0, ""close"": 892.0, ""low"": 853.0, ""high"": 903.0, ""volume"": 25789633}, {""date"": ""05-14"", ""open"": 910.0, ""close"": 881.0, ""low"": 879.0, ""high"": 918.0, ""volume"": 28575023}, {""date"": ""05-15"", ""open"": 901.0, ""close"": 821.0, ""low"": 814.0, ""high"": 902.0, ""volume"": 28486986}, {""date"": ""05-18"", ""open"": 791.0, ""close"": 816.0, ""low"": 776.0, ""high"": 818.0, ""volume"": 20139190}, {""date"": ""05-19"", ""open"": 821.0, ""close"": 818.0, ""low"": 808.0, ""high"": 860.0, ""volume"": 22774572}, {""date"": ""05-20"", ""open"": 819.0, ""close"": 823.0, ""low"": 793.0, ""high"": 830.0, ""volume"": 20618087}, {""date"": ""05-21"", ""open"": 870.0, ""close"": 905.0, ""low"": 868.0, ""high"": 905.0, ""volume"": 29979413}, {""date"": ""05-22"", ""open"": 932.0, ""close"": 970.0, ""low"": 931.0, ""high"": 986.0, ""volume"": 37591265}, {""date"": ""05-25"", ""open"": 1020.0, ""close"": 990.0, ""low"": 978.0, ""high"": 1030.0, ""volume"": 22262249}, {""date"": ""05-26"", ""open"": 992.0, ""close"": 1085.0, ""low"": 989.0, ""high"": 1085.0, ""volume"": 29385677}, {""date"": ""05-27"", ""open"": 1105.0, ""close"": 1080.0, ""low"": 1045.0, ""high"": 1110.0, ""volume"": 26192140}, {""date"": ""05-28"", ""open"": 1125.0, ""close"": 1010.0, ""low"": 1010.0, ""high"": 1130.0, ""volume"": 19887853}]"
2026-05-28,汽車工業,1524,耿鼎,31.9,35.07,76,10.0,8.69,,9.04,29.84,29.29,29.07,"[{""date"": ""04-30"", ""open"": 28.9, ""close"": 28.15, ""low"": 28.05, ""high"": 28.9, ""volume"": 396021}, {""date"": ""05-04"", ""open"": 28.45, ""close"": 28.0, ""low"": 27.8, ""high"": 28.45, ""volume"": 494634}, {""date"": ""05-05"", ""open"": 28.1, ""close"": 28.2, ""low"": 28.0, ""high"": 28.5, ""volume"": 573008}, {""date"": ""05-06"", ""open"": 28.7, ""close"": 28.4, ""low"": 28.2, ""high"": 28.8, ""volume"": 734045}, {""date"": ""05-07"", ""open"": 28.7, ""close"": 30.25, ""low"": 28.4, ""high"": 30.8, ""volume"": 3668936}, {""date"": ""05-08"", ""open"": 30.0, ""close"": 29.1, ""low"": 28.8, ""high"": 30.0, ""volume"": 2780062}, {""date"": ""05-11"", ""open"": 29.5, ""close"": 29.55, ""low"": 29.05, ""high"": 29.6, ""volume"": 1078024}, {""date"": ""05-12"", ""open"": 29.55, ""close"": 29.15, ""low"": 29.15, ""high"": 29.7, ""volume"": 626000}, {""date"": ""05-13"", ""open"": 29.4, ""close"": 29.0, ""low"": 29.0, ""high"": 29.6, ""volume"": 589951}, {""date"": ""05-14"", ""open"": 29.25, ""close"": 28.8, ""low"": 28.8, ""high"": 29.25, ""volume"": 653327}, {""date"": ""05-15"", ""open"": 28.85, ""close"": 28.55, ""low"": 28.5, ""high"": 29.25, ""volume"": 842263}, {""date"": ""05-18"", ""open"": 28.55, ""close"": 28.3, ""low"": 28.1, ""high"": 28.55, ""volume"": 425645}, {""date"": ""05-19"", ""open"": 28.3, ""close"": 28.1, ""low"": 28.0, ""high"": 28.6, ""volume"": 688005}, {""date"": ""05-20"", ""open"": 28.15, ""close"": 29.4, ""low"": 28.0, ""high"": 29.65, ""volume"": 1179943}, {""date"": ""05-21"", ""open"": 29.4, ""close"": 29.35, ""low"": 29.3, ""high"": 29.8, ""volume"": 1454263}, {""date"": ""05-22"", ""open"": 29.65, ""close"": 29.55, ""low"": 29.4, ""high"": 29.85, ""volume"": 1749766}, {""date"": ""05-25"", ""open"": 29.85, ""close"": 29.7, ""low"": 29.4, ""high"": 29.95, ""volume"": 1072306}, {""date"": ""05-26"", ""open"": 29.7, ""close"": 29.05, ""low"": 29.0, ""high"": 29.75, ""volume"": 940685}, {""date"": ""05-27"", ""open"": 29.3, ""close"": 29.0, ""low"": 28.7, ""high"": 29.3, ""volume"": 978931}, {""date"": ""05-28"", ""open"": 31.9, ""close"": 31.9, ""low"": 31.9, ""high"": 31.9, ""volume"": 5273178}]"
